<botcomponent schemaname="cr412_coupaVirtualAssistantV3.file.COUPAUSERGUIDANCETOOLKITUK.pptx_FP2">
  <componenttype>14</componenttype>
  <description>This knowledge source searches information contained in COUPA USER GUIDANCE &amp; TOOLKIT UK.pptx</description>
  <filedata mimetype="application/vnd.openxmlformats-officedocument.presentationml.presentation">COUPA%20USER%20GUIDANCE%20%26%20TOOLKIT%20UK.pptx</filedata>
  <iscustomizable>0</iscustomizable>
  <name>COUPA USER GUIDANCE &amp; TOOLKIT UK.pptx</name>
  <parentbotid>
    <schemaname>cr412_coupaVirtualAssistantV3</schemaname>
  </parentbotid>
  <statecode>0</statecode>
  <statuscode>1</statuscode>
</botcomponent>