<botcomponent_workflowset>
  <botcomponent_workflow botcomponentid.schemaname="crbed_copilot3_E25Yre.topic.Search" workflowid.workflowid="01121a7a-fe9f-ef11-8a6a-6045bd00fb27">
    <iscustomizable>1</iscustomizable>
  </botcomponent_workflow>
  <botcomponent_workflow botcomponentid.schemaname="crbed_copilot3_E25Yre.topic.StatusoftheTicket" workflowid.workflowid="ed784740-eaa7-ef11-b8e9-6045bd00fb27">
    <iscustomizable>1</iscustomizable>
  </botcomponent_workflow>
  <botcomponent_workflow botcomponentid.schemaname="crbed_userSupport.component.Run_a_flow_from_Copilot_Ticket_Creation" workflowid.workflowid="ef5b956a-1570-ef11-a670-6045bd0657d4">
    <iscustomizable>1</iscustomizable>
  </botcomponent_workflow>
  <botcomponent_workflow botcomponentid.schemaname="crbed_userSupport.topic.Search" workflowid.workflowid="ef5b956a-1570-ef11-a670-6045bd0657d4">
    <iscustomizable>1</iscustomizable>
  </botcomponent_workflow>
</botcomponent_workflowset>