<botcomponent_dvtablesearchset>
  <botcomponent_dvtablesearch botcomponentid.schemaname="crbed_userSupport.knowledge.User_4yDMKsuEjl2B4ZdqsKnNu" dvtablesearchid.dvtablesearchid="78a248b3-84d0-40e1-8f31-cb7bfee4fdfd">
    <iscustomizable>1</iscustomizable>
  </botcomponent_dvtablesearch>
  <botcomponent_dvtablesearch botcomponentid.schemaname="crbed_userSupport.knowledge.User_Account_lbgu4UnuVbRIpRR0v8dDh" dvtablesearchid.dvtablesearchid="e7eed6ea-194d-4981-a391-f28ec1562de3">
    <iscustomizable>1</iscustomizable>
  </botcomponent_dvtablesearch>
</botcomponent_dvtablesearchset>