<botcomponent schemaname="cr5e0_itHelpdeskTicketAssistant.component.company-travel-policy.pdf_kNL">
  <componenttype>14</componenttype>
  <description>This is the company travel policy that helps people understand the company's policy on expenses, accommodations, and guidlines.</description>
  <filedata mimetype="application/pdf">company-travel-policy.pdf</filedata>
  <iscustomizable>0</iscustomizable>
  <name>Company Travel Policy</name>
  <parentbotid>
    <schemaname>cr5e0_itHelpdeskTicketAssistant</schemaname>
  </parentbotid>
  <statecode>0</statecode>
  <statuscode>1</statuscode>
</botcomponent>