<ImportExportXml version="9.2.24023.186" SolutionPackageVersion="9.2" languagecode="1033" generatedBy="CrmLive" xmlns:xsi="http://www.w3.org/2001/XMLSchema-instance">
  <SolutionManifest>
    <UniqueName>FAReworkDev</UniqueName>
    <LocalizedNames>
      <LocalizedName description="FA Rework Dev" languagecode="1033" />
    </LocalizedNames>
    <Descriptions />
    <Version>1.0.0.3</Version>
    <Managed>0</Managed>
    <Publisher>
      <UniqueName>FA_Rework_Dev</UniqueName>
      <LocalizedNames>
        <LocalizedName description="FA Rework Dev" languagecode="1033" />
      </LocalizedNames>
      <Descriptions />
      <EMailAddress xsi:nil="true"></EMailAddress>
      <SupportingWebsiteUrl xsi:nil="true"></SupportingWebsiteUrl>
      <CustomizationPrefix>fadev</CustomizationPrefix>
      <CustomizationOptionValuePrefix>60458</CustomizationOptionValuePrefix>
      <Addresses>
        <Address>
          <AddressNumber>1</AddressNumber>
          <AddressTypeCode>1</AddressTypeCode>
          <City xsi:nil="true"></City>
          <County xsi:nil="true"></County>
          <Country xsi:nil="true"></Country>
          <Fax xsi:nil="true"></Fax>
          <FreightTermsCode xsi:nil="true"></FreightTermsCode>
          <ImportSequenceNumber xsi:nil="true"></ImportSequenceNumber>
          <Latitude xsi:nil="true"></Latitude>
          <Line1 xsi:nil="true"></Line1>
          <Line2 xsi:nil="true"></Line2>
          <Line3 xsi:nil="true"></Line3>
          <Longitude xsi:nil="true"></Longitude>
          <Name xsi:nil="true"></Name>
          <PostalCode xsi:nil="true"></PostalCode>
          <PostOfficeBox xsi:nil="true"></PostOfficeBox>
          <PrimaryContactName xsi:nil="true"></PrimaryContactName>
          <ShippingMethodCode>1</ShippingMethodCode>
          <StateOrProvince xsi:nil="true"></StateOrProvince>
          <Telephone1 xsi:nil="true"></Telephone1>
          <Telephone2 xsi:nil="true"></Telephone2>
          <Telephone3 xsi:nil="true"></Telephone3>
          <TimeZoneRuleVersionNumber xsi:nil="true"></TimeZoneRuleVersionNumber>
          <UPSZone xsi:nil="true"></UPSZone>
          <UTCOffset xsi:nil="true"></UTCOffset>
          <UTCConversionTimeZoneCode xsi:nil="true"></UTCConversionTimeZoneCode>
        </Address>
        <Address>
          <AddressNumber>2</AddressNumber>
          <AddressTypeCode>1</AddressTypeCode>
          <City xsi:nil="true"></City>
          <County xsi:nil="true"></County>
          <Country xsi:nil="true"></Country>
          <Fax xsi:nil="true"></Fax>
          <FreightTermsCode xsi:nil="true"></FreightTermsCode>
          <ImportSequenceNumber xsi:nil="true"></ImportSequenceNumber>
          <Latitude xsi:nil="true"></Latitude>
          <Line1 xsi:nil="true"></Line1>
          <Line2 xsi:nil="true"></Line2>
          <Line3 xsi:nil="true"></Line3>
          <Longitude xsi:nil="true"></Longitude>
          <Name xsi:nil="true"></Name>
          <PostalCode xsi:nil="true"></PostalCode>
          <PostOfficeBox xsi:nil="true"></PostOfficeBox>
          <PrimaryContactName xsi:nil="true"></PrimaryContactName>
          <ShippingMethodCode>1</ShippingMethodCode>
          <StateOrProvince xsi:nil="true"></StateOrProvince>
          <Telephone1 xsi:nil="true"></Telephone1>
          <Telephone2 xsi:nil="true"></Telephone2>
          <Telephone3 xsi:nil="true"></Telephone3>
          <TimeZoneRuleVersionNumber xsi:nil="true"></TimeZoneRuleVersionNumber>
          <UPSZone xsi:nil="true"></UPSZone>
          <UTCOffset xsi:nil="true"></UTCOffset>
          <UTCConversionTimeZoneCode xsi:nil="true"></UTCConversionTimeZoneCode>
        </Address>
      </Addresses>
    </Publisher>
    <RootComponents>
      <RootComponent type="1" schemaName="cr9ef_header_invoice_farework" behavior="0" />
      <RootComponent type="1" schemaName="cr9ef_items_invoice_farework" behavior="0" />
      <RootComponent type="1" schemaName="fadev_invoicestatushistory" behavior="0" />
      <RootComponent type="1" schemaName="fadev_vendinvoiceshipmentstatus" behavior="0" />
      <RootComponent type="29" id="{03254a80-afd4-ee11-904d-6045bd1cb9b9}" behavior="0" />
      <RootComponent type="29" id="{2ecdafdf-9cdb-ee11-904c-6045bd1b6089}" behavior="0" />
      <RootComponent type="29" id="{65fd7fe1-bddb-ee11-904c-6045bd1b6089}" behavior="0" />
      <RootComponent type="29" id="{a167264a-bfdb-ee11-904c-6045bd1b6089}" behavior="0" />
      <RootComponent type="29" id="{df08fbcd-02d6-ee11-904d-000d3ac71cd1}" behavior="0" />
      <RootComponent type="29" id="{eaa3d1bb-c5d4-ee11-9079-000d3a4751b9}" behavior="0" />
      <RootComponent type="29" id="{f83bc5f5-5dd5-ee11-904d-000d3ac717b4}" behavior="0" />
      <RootComponent type="300" schemaName="fadev_fareworkinbound_95a83" behavior="0" />
    </RootComponents>
    <MissingDependencies>
      <MissingDependency>
        <Required type="29" displayName="FA Rework for file upload - POC" solution="Active" id="{fa3bc5f5-5dd5-ee11-904d-000d3ac717b4}" />
        <Dependent type="300" schemaName="fadev_fareworkinbound_95a83" displayName="FA REWORK Inbound" />
      </MissingDependency>
    </MissingDependencies>
  </SolutionManifest>
</ImportExportXml>