{
  "properties": {
    "connectionReferences": {
      "shared_sharepointonline": {
        "runtimeSource": "embedded",
        "connection": {
          "connectionReferenceLogicalName": "new_sharedsharepointonline_28c66"
        },
        "api": {
          "name": "shared_sharepointonline"
        }
      },
      "shared_csvtoxml-20-2d-201-5f55733489ec751c7f-5fa69f271231a1322b": {
        "runtimeSource": "embedded",
        "connection": {
          "connectionReferenceLogicalName": "new_sharedcsvtoxml202d2015f55733489ec751c7f5fa69f271231a1322b_23c79"
        },
        "api": {
          "name": "shared_csvtoxml-20-2d-201-5f55733489ec751c7f-5fa69f271231a1322b",
          "logicalName": "cr3ab_csvtoxml-20-2d-201"
        }
      },
      "shared_sharepointonline_1": {
        "runtimeSource": "embedded",
        "connection": {
          "connectionReferenceLogicalName": "new_sharedsharepointonline_9244e"
        },
        "api": {
          "name": "shared_sharepointonline"
        }
      },
      "shared_csvtoxml-5f55733489ec751c7f-5fa69f271231a1322b": {
        "runtimeSource": "embedded",
        "connection": {
          "connectionReferenceLogicalName": "new_sharedcsvtoxml5f55733489ec751c7f5fa69f271231a1322b_81908"
        },
        "api": {
          "name": "shared_csvtoxml-5f55733489ec751c7f-5fa69f271231a1322b",
          "logicalName": "cr3ab_csvtoxml"
        }
      },
      "shared_csvtoxml-20-2d-20fx-5fswap-5f55733489ec751c7f-5fa69f271231a1322b": {
        "runtimeSource": "embedded",
        "connection": {
          "connectionReferenceLogicalName": "cr3ab_sharedcsvtoxml202d20fx5fswap5f55733489ec751c7f5fa69f271231a1322b_35080"
        },
        "api": {
          "name": "shared_csvtoxml-20-2d-20fx-5fswap-5f55733489ec751c7f-5fa69f271231a1322b",
          "logicalName": "cr3ab_csvtoxml-20-2d-20fx-5fswap"
        }
      },
      "shared_office365": {
        "runtimeSource": "embedded",
        "connection": {
          "connectionReferenceLogicalName": "new_sharedoffice365_1a1eb"
        },
        "api": {
          "name": "shared_office365"
        }
      }
    },
    "definition": {
      "$schema": "https://schema.management.azure.com/providers/Microsoft.Logic/schemas/2016-06-01/workflowdefinition.json#",
      "contentVersion": "1.0.0.0",
      "parameters": {
        "$connections": {
          "defaultValue": {},
          "type": "Object"
        },
        "$authentication": {
          "defaultValue": {},
          "type": "SecureObject"
        },
        "C2X_MsgDefIdr (cr3ab_C2X_MsgDefIdr)": {
          "defaultValue": "AUTH.030.001.03",
          "type": "String",
          "metadata": {
            "schemaName": "cr3ab_C2X_MsgDefIdr"
          }
        },
        "C2X_CreDt (cr3ab_C2X_CreDt)": {
          "defaultValue": "2025-02-18T07:00:00Z",
          "type": "String",
          "metadata": {
            "schemaName": "cr3ab_C2X_CreDt"
          }
        },
        "C2X Forward Main String (cr3ab_C2XForwardMainString)": {
          "defaultValue": "TRAD",
          "type": "String",
          "metadata": {
            "schemaName": "cr3ab_C2XForwardMainString"
          }
        },
        "C2X_Type_TRAD (cr3ab_C2X_Type_TRAD)": {
          "defaultValue": "TRAD",
          "type": "String",
          "metadata": {
            "schemaName": "cr3ab_C2X_Type_TRAD"
          }
        },
        "C2X_Id (cr3ab_C2X_Id)": {
          "defaultValue": "84J1",
          "type": "String",
          "metadata": {
            "schemaName": "cr3ab_C2X_Id"
          }
        },
        "C2X_ExecutionAgentRCP  (cr3ab_C2X_ExecutionAgentRCP)": {
          "defaultValue": "5493004V6A3Z027YT216",
          "type": "String",
          "metadata": {
            "schemaName": "cr3ab_C2X_ExecutionAgentRCP"
          }
        },
        "C2X Main String (cr3ab_C2XMainString)": {
          "defaultValue": "DDRIE",
          "type": "String",
          "metadata": {
            "schemaName": "cr3ab_C2XMainString"
          }
        },
        "C2X_PltfmIdr (cr3ab_C2X_PltfmIdr)": {
          "defaultValue": "XXXX",
          "type": "String",
          "metadata": {
            "schemaName": "cr3ab_C2X_PltfmIdr"
          }
        },
        "C2X_NbRcrds (cr3ab_C2X_NbRcrds)": {
          "defaultValue": "1",
          "type": "String",
          "metadata": {
            "schemaName": "cr3ab_C2X_NbRcrds"
          }
        },
        "C2X_NoPrtfl (cr3ab_C2X_NoPrtfl)": {
          "defaultValue": "NOAP",
          "type": "String",
          "metadata": {
            "schemaName": "cr3ab_C2X_NoPrtfl"
          }
        },
        "C2X_BizMsgIdr (cr3ab_C2X_BizMsgIdr)": {
          "defaultValue": "5493004M4CW7CRYKMI31T2025012803717",
          "type": "String",
          "metadata": {
            "schemaName": "cr3ab_C2X_BizMsgIdr"
          }
        },
        "C2X_DlvryTp (cr3ab_C2X_DlvryTp)": {
          "defaultValue": "CASH",
          "type": "String",
          "metadata": {
            "schemaName": "cr3ab_C2X_DlvryTp"
          }
        },
        "C2X_OthrMstrAgrmtDtls (cr3ab_C2X_OthrMstrAgrmtDtls)": {
          "defaultValue": "GlobalTreasuryAgreement",
          "type": "String",
          "metadata": {
            "schemaName": "cr3ab_C2X_OthrMstrAgrmtDtls"
          }
        },
        "C2X_Type_OTHR (cr3ab_C2X_Type_OTHR)": {
          "defaultValue": "OTHR",
          "type": "String",
          "metadata": {
            "schemaName": "cr3ab_C2X_Type_OTHR"
          }
        },
        "C2X_Rsn (cr3ab_C2X_Rsn)": {
          "defaultValue": "NORE",
          "type": "String",
          "metadata": {
            "schemaName": "cr3ab_C2X_Rsn"
          }
        },
        "C2X_Lvl (cr3ab_C2X_Lvl)": {
          "defaultValue": "TCTN",
          "type": "String",
          "metadata": {
            "schemaName": "cr3ab_C2X_Lvl"
          }
        },
        "C2X PrmAmt Cur (cr3ab_C2XPrmAmtCur)": {
          "defaultValue": "0.0000",
          "type": "String",
          "metadata": {
            "schemaName": "cr3ab_C2XPrmAmtCur"
          }
        },
        "C2X PrmAmt Ccy (cr3ab_C2XPrmAmtCcy)": {
          "defaultValue": "EUR",
          "type": "String",
          "metadata": {
            "schemaName": "cr3ab_C2XPrmAmtCcy"
          }
        },
        "C2X_OrgId (cr3ab_C2X_OrgId)": {
          "defaultValue": "DDRIE",
          "type": "String",
          "metadata": {
            "schemaName": "cr3ab_C2X_OrgId"
          }
        },
        "C2X Sharepoint Library (cr3ab_C2XSharepointLibrary)": {
          "defaultValue": "Documents",
          "type": "String",
          "metadata": {
            "schemaName": "cr3ab_C2XSharepointLibrary"
          }
        },
        "C2X Folder Output File Path (cr3ab_C2XFolderPath)": {
          "defaultValue": "/Development/Finance/CSVtoXML/CSVtoXML Output Files",
          "type": "String",
          "metadata": {
            "schemaName": "cr3ab_C2XFolderPath"
          }
        },
        "C2X Sharepoint Site Address (cr3ab_C2XSharepointSiteAddress)": {
          "defaultValue": "https://lpl.sharepoint.com/sites/CFIACOE-BotDocuments",
          "type": "String",
          "metadata": {
            "schemaName": "cr3ab_C2XSharepointSiteAddress"
          }
        },
        "C2X Sharepoint Folder File Path (cr3ab_C2XSharepointFolderFilePath)": {
          "defaultValue": "/Development/Finance/CSVtoXML/CSV Files",
          "type": "String",
          "metadata": {
            "schemaName": "cr3ab_C2XSharepointFolderFilePath"
          }
        },
        "C2X  Shared Documents (cr3ab_C2XSharedDocuments)": {
          "defaultValue": "/Shared Documents",
          "type": "String",
          "metadata": {
            "schemaName": "cr3ab_C2XSharedDocuments"
          }
        },
        "C2X Swap Date (cr3ab_C2XSwapDate)": {
          "defaultValue": "2025-02-17T09:22:17Z",
          "type": "String",
          "metadata": {
            "schemaName": "cr3ab_C2XSwapDate"
          }
        },
        "C2X Swap Auth (cr3ab_C2XSwapAuth)": {
          "defaultValue": "auth.030.001.03_ESMAUG_DATTAR_1.1.0",
          "type": "String",
          "metadata": {
            "schemaName": "cr3ab_C2XSwapAuth"
          }
        },
        "C2X Swap Bizmsg (cr3ab_C2XSwapBizmsg)": {
          "defaultValue": "5493004M4CW7CRYKMI31T2024121003717",
          "type": "String",
          "metadata": {
            "schemaName": "cr3ab_C2XSwapBizmsg"
          }
        },
        "C2X Swap DrctnOfTheFrstLeg (cr3ab_C2XSwapDrctnOfTheFrstLeg)": {
          "defaultValue": "MAKE",
          "type": "String",
          "metadata": {
            "schemaName": "cr3ab_C2XSwapDrctnOfTheFrstLeg"
          }
        },
        "C2X Swap DrctnOfTheScndLeg (cr3ab_C2XSwapDrctnOfTheScndLeg)": {
          "defaultValue": "TAKE",
          "type": "String",
          "metadata": {
            "schemaName": "cr3ab_C2XSwapDrctnOfTheScndLeg"
          }
        },
        "C2X Forward DrctnOfTheFrstLeg (cr3ab_C2XForwardDrctnOfTheFrstLeg)": {
          "defaultValue": "MAKE",
          "type": "String",
          "metadata": {
            "schemaName": "cr3ab_C2XForwardDrctnOfTheFrstLeg"
          }
        },
        "C2X Forward Bizmsg (cr3ab_C2XForwardBizmsg)": {
          "defaultValue": "5493004M4CW7CRYKMI31T2024121003717",
          "type": "String",
          "metadata": {
            "schemaName": "cr3ab_C2XForwardBizmsg"
          }
        },
        "C2X Forward Auth (cr3ab_C2XForwardAuth)": {
          "defaultValue": "auth.030.001.03_ESMAUG_DATTAR_1.1.0",
          "type": "String",
          "metadata": {
            "schemaName": "cr3ab_C2XForwardAuth"
          }
        },
        "C2X Forward Date (cr3ab_C2XForwardDate)": {
          "defaultValue": "2025-02-17T09:22:17Z",
          "type": "String",
          "metadata": {
            "schemaName": "cr3ab_C2XForwardDate"
          }
        },
        "C2X Forward DrctnOfTheScndLeg (cr3ab_C2XForwardDrctnOfTheScndtLeg)": {
          "defaultValue": "TAKE",
          "type": "String",
          "metadata": {
            "schemaName": "cr3ab_C2XForwardDrctnOfTheScndtLeg"
          }
        },
        "C2X_SupportMailId (cr3ab_C2X_SupportMailId)": {
          "defaultValue": "pankaj.verma@chanel.com;rachana.shetty@chanel.com",
          "type": "String",
          "metadata": {
            "schemaName": "cr3ab_C2X_SupportMailId"
          }
        },
        "C2X_BusinessMailId (cr3ab_C2X_BusinessMailId)": {
          "defaultValue": "pankaj.verma@chanel.com;rachana.shetty@chanel.com",
          "type": "String",
          "metadata": {
            "schemaName": "cr3ab_C2X_BusinessMailId"
          }
        }
      },
      "triggers": {
        "When_a_file_is_created_(properties_only)": {
          "recurrence": {
            "interval": 1,
            "frequency": "Minute"
          },
          "splitOn": "@triggerOutputs()?['body/value']",
          "metadata": {
            "operationMetadataId": "d89a270c-e305-4ddf-8d90-40d0ace58f5f"
          },
          "type": "OpenApiConnection",
          "inputs": {
            "host": {
              "connectionName": "shared_sharepointonline",
              "operationId": "GetOnNewFileItems",
              "apiId": "/providers/Microsoft.PowerApps/apis/shared_sharepointonline"
            },
            "parameters": {
              "dataset": "@parameters('C2X Sharepoint Site Address (cr3ab_C2XSharepointSiteAddress)')",
              "table": "@parameters('C2X Sharepoint Library (cr3ab_C2XSharepointLibrary)')",
              "folderPath": "@parameters('C2X Sharepoint Folder File Path (cr3ab_C2XSharepointFolderFilePath)')"
            },
            "authentication": "@parameters('$authentication')"
          }
        }
      },
      "actions": {
        "Scope": {
          "actions": {
            "Get_CSV_Content_2": {
              "actions": {
                "csvData_2": {
                  "runAfter": {
                    "Get_file_content": [
                      "Succeeded"
                    ]
                  },
                  "metadata": {
                    "operationMetadataId": "996202e1-b089-43d4-9aad-b65f79b28cb6"
                  },
                  "type": "Compose",
                  "inputs": "@decodeBase64(outputs('Get_file_content')?['body']?['$content'])"
                },
                "NewLine": {
                  "runAfter": {
                    "csvData_2": [
                      "Succeeded"
                    ]
                  },
                  "metadata": {
                    "operationMetadataId": "900dfffb-6847-4428-acfd-14f697d9afe7"
                  },
                  "type": "Compose",
                  "inputs": "\n"
                },
                "SplitNewLine": {
                  "runAfter": {
                    "NewLine": [
                      "Succeeded"
                    ]
                  },
                  "metadata": {
                    "operationMetadataId": "8a691be1-f6c3-48e9-858e-f0882472d06e"
                  },
                  "type": "Compose",
                  "inputs": "@split(outputs('csvData_2'), outputs('NewLine'))"
                },
                "Apply_to_each": {
                  "foreach": "@skip(body('Filter_array'), 1)",
                  "actions": {
                    "Trim": {
                      "runAfter": {},
                      "metadata": {
                        "operationMetadataId": "cdc56944-657b-4b48-86af-994ae53b49f8"
                      },
                      "type": "Compose",
                      "inputs": "@trim(item())"
                    },
                    "JSON": {
                      "runAfter": {
                        "Compose": [
                          "Succeeded"
                        ]
                      },
                      "metadata": {
                        "operationMetadataId": "dcc0bd39-69e2-491c-821e-b7b61e70559f"
                      },
                      "type": "Compose",
                      "inputs": {
                        "csv": "@{outputs('Trim')}",
                        "trade id": "@{outputs('Compose')[0]}",
                        "type": "@{outputs('Compose')[1]}",
                        "buy or sell": "@{outputs('Compose')[2]}",
                        "C2X_Id": "@{parameters('C2X_Id (cr3ab_C2X_Id)')}",
                        "C2X_NbRcrds": "@{parameters('C2X_NbRcrds (cr3ab_C2X_NbRcrds)')}",
                        "C2X_NoPrtfl": "@{parameters('C2X_NoPrtfl (cr3ab_C2X_NoPrtfl)')}",
                        "C2X_PltfmIdr": "@{parameters('C2X_PltfmIdr (cr3ab_C2X_PltfmIdr)')}",
                        "C2X_DlvryTp": "@{parameters('C2X_DlvryTp (cr3ab_C2X_DlvryTp)')}",
                        "C2X_Type_OTHR": "@{parameters('C2X_Type_OTHR (cr3ab_C2X_Type_OTHR)')}",
                        "C2X_Type_TRAD": "@{parameters('C2X_Type_TRAD (cr3ab_C2X_Type_TRAD)')}",
                        "C2X_Rsn": "@{parameters('C2X_Rsn (cr3ab_C2X_Rsn)')}",
                        "C2X_OthrMstrAgrmtDtls": "@{parameters('C2X_OthrMstrAgrmtDtls (cr3ab_C2X_OthrMstrAgrmtDtls)')}",
                        "C2X_ExecutionAgentRCP": "@{parameters('C2X_ExecutionAgentRCP  (cr3ab_C2X_ExecutionAgentRCP)')}",
                        "C2X_BizMsgIdr": "@{parameters('C2X_BizMsgIdr (cr3ab_C2X_BizMsgIdr)')}",
                        "C2X_MsgDefIdr": "@{parameters('C2X_MsgDefIdr (cr3ab_C2X_MsgDefIdr)')}",
                        "C2X_CreDt": "@{parameters('C2X_CreDt (cr3ab_C2X_CreDt)')}",
                        "C2X Main String": "@{parameters('C2X Main String (cr3ab_C2XMainString)')}",
                        "C2X_Lvl": "@{parameters('C2X_Lvl (cr3ab_C2X_Lvl)')}",
                        "C2X Forward Bizmsg": "@{parameters('C2X Forward Bizmsg (cr3ab_C2XForwardBizmsg)')}",
                        "C2X Forward Auth": "@{parameters('C2X Forward Auth (cr3ab_C2XForwardAuth)')}",
                        "C2X Forward Date": "@{parameters('C2X Forward Date (cr3ab_C2XForwardDate)')}",
                        "C2X Forward Main String": "@{parameters('C2X Forward Main String (cr3ab_C2XForwardMainString)')}",
                        "C2X Forward DrctnOfTheFrstLeg": "@{parameters('C2X Forward DrctnOfTheFrstLeg (cr3ab_C2XForwardDrctnOfTheFrstLeg)')}",
                        "C2X Forward DrctnOfTheScndLeg": "@{parameters('C2X Forward DrctnOfTheScndLeg (cr3ab_C2XForwardDrctnOfTheScndtLeg)')}",
                        "C2X PrmAmt Ccy": "@{parameters('C2X PrmAmt Ccy (cr3ab_C2XPrmAmtCcy)')}",
                        "C2X PrmAmt Cur": "@{parameters('C2X PrmAmt Cur (cr3ab_C2XPrmAmtCur)')}",
                        "C2X_OrgId": "@{parameters('C2X_OrgId (cr3ab_C2X_OrgId)')}",
                        "C2X Swap Bizmsg": "@{parameters('C2X Swap Bizmsg (cr3ab_C2XSwapBizmsg)')}",
                        "C2X Swap Auth": "@{parameters('C2X Swap Auth (cr3ab_C2XSwapAuth)')}",
                        "C2X Swap Date": "@{parameters('C2X Swap Date (cr3ab_C2XSwapDate)')}",
                        "C2X Swap DrctnOfTheFrstLeg": "@{parameters('C2X Swap DrctnOfTheFrstLeg (cr3ab_C2XSwapDrctnOfTheFrstLeg)')}",
                        "C2X Swap DrctnOfTheScndLeg": "@{parameters('C2X Swap DrctnOfTheScndLeg (cr3ab_C2XSwapDrctnOfTheScndLeg)')}"
                      }
                    },
                    "Compose": {
                      "runAfter": {
                        "Trim": [
                          "Succeeded"
                        ]
                      },
                      "metadata": {
                        "operationMetadataId": "830bb8f1-8a9a-4f66-bf28-3ea69abf84e7"
                      },
                      "type": "Compose",
                      "inputs": "@split(item(),',')"
                    }
                  },
                  "runAfter": {
                    "Filter_array": [
                      "Succeeded"
                    ]
                  },
                  "metadata": {
                    "operationMetadataId": "fff3b7ae-27df-4d4e-a568-80c51dd7ece1"
                  },
                  "type": "Foreach",
                  "runtimeConfiguration": {
                    "concurrency": {
                      "repetitions": 47
                    }
                  }
                },
                "Get_file_content": {
                  "runAfter": {},
                  "metadata": {
                    "%252fECOM%2bReconciliation%2bCanada%252fECOM%2bFile%2bReconciliation%252fInput%252fBatch%252f694.csv": "/ECOM Reconciliation Canada/ECOM File Reconciliation/Input/Batch/694.csv",
                    "operationMetadataId": "7cf7cd32-f9ad-4dad-8eaa-c0ebb9bb4e0a",
                    "%252fShared%2bDocuments%252fdata.csv": "/Shared Documents/data.csv",
                    "%252fShared%2bDocuments%252fdata_lakh.csv": "/Shared Documents/data_lakh.csv",
                    "%252fShared%2bDocuments%252fdata%2b(1).csv": "/Shared Documents/data (1).csv",
                    "%252fShared%2bDocuments%252fDevelopment%252fFinance%252fCSVtoXML%252fBook.csv": "/Shared Documents/Development/Finance/CSVtoXML/Book.csv"
                  },
                  "type": "OpenApiConnection",
                  "inputs": {
                    "host": {
                      "connectionName": "shared_sharepointonline",
                      "operationId": "GetFileContent",
                      "apiId": "/providers/Microsoft.PowerApps/apis/shared_sharepointonline"
                    },
                    "parameters": {
                      "dataset": "@parameters('C2X Sharepoint Site Address (cr3ab_C2XSharepointSiteAddress)')",
                      "id": "@triggerOutputs()?['body/{Identifier}']",
                      "inferContentType": true
                    },
                    "authentication": "@parameters('$authentication')"
                  }
                },
                "Filter_array": {
                  "runAfter": {
                    "SplitNewLine": [
                      "Succeeded"
                    ]
                  },
                  "metadata": {
                    "operationMetadataId": "bcc455f2-c64c-4eb7-b904-f67aed8f9ed6"
                  },
                  "type": "Query",
                  "inputs": {
                    "from": "@outputs('SplitNewLine')",
                    "where": "@not(equals(item(), ''))"
                  }
                }
              },
              "runAfter": {},
              "metadata": {
                "operationMetadataId": "c6cd42b0-9c40-435e-9672-37f5c1485b1e"
              },
              "type": "Scope"
            },
            "Parse_JSON_2": {
              "runAfter": {
                "Get_CSV_Content_2": [
                  "Succeeded"
                ]
              },
              "metadata": {
                "operationMetadataId": "39fbfe45-311f-44c8-8ae0-cebe80bd73f2"
              },
              "type": "ParseJson",
              "inputs": {
                "content": "@outputs('JSON')",
                "schema": {
                  "type": "array",
                  "items": {
                    "type": "object",
                    "properties": {
                      "csv": {
                        "type": "string"
                      },
                      "trade id": {
                        "type": "string"
                      },
                      "type": {
                        "type": "string"
                      },
                      "buy or sell": {
                        "type": "string"
                      },
                      "C2X_Id": {
                        "type": "string"
                      },
                      "C2X_NbRcrds": {
                        "type": "string"
                      },
                      "C2X_NoPrtfl": {
                        "type": "string"
                      },
                      "C2X_PltfmIdr": {
                        "type": "string"
                      },
                      "C2X_DlvryTp": {
                        "type": "string"
                      },
                      "C2X_Type_OTHR": {
                        "type": "string"
                      },
                      "C2X_Type_TRAD": {
                        "type": "string"
                      },
                      "C2X_Rsn": {
                        "type": "string"
                      },
                      "C2X_OthrMstrAgrmtDtls": {
                        "type": "string"
                      },
                      "C2X_ExecutionAgentRCP": {
                        "type": "string"
                      },
                      "C2X_BizMsgIdr": {
                        "type": "string"
                      },
                      "C2X_MsgDefIdr": {
                        "type": "string"
                      },
                      "C2X_CreDt": {
                        "type": "string"
                      },
                      "C2X Main String": {
                        "type": "string"
                      },
                      "C2X_Lvl": {
                        "type": "string"
                      },
                      "C2X Forward Bizmsg": {
                        "type": "string"
                      },
                      "C2X Forward Auth": {
                        "type": "string"
                      },
                      "C2X Forward Date": {
                        "type": "string"
                      },
                      "C2X Forward Main String": {
                        "type": "string"
                      },
                      "C2X Forward DrctnOfTheFrstLeg": {
                        "type": "string"
                      },
                      "C2X Forward DrctnOfTheScndLeg": {
                        "type": "string"
                      },
                      "C2X PrmAmt Ccy": {
                        "type": "string"
                      },
                      "C2X PrmAmt Cur": {
                        "type": "string"
                      },
                      "C2X_OrgId": {
                        "type": "string"
                      },
                      "C2X Swap Bizmsg": {
                        "type": "string"
                      },
                      "C2X Swap Auth": {
                        "type": "string"
                      },
                      "C2X Swap Date": {
                        "type": "string"
                      },
                      "C2X Swap DrctnOfTheFrstLeg": {
                        "type": "string"
                      },
                      "C2X Swap DrctnOfTheScndLeg": {
                        "type": "string"
                      }
                    },
                    "required": [
                      "csv",
                      "trade id",
                      "type",
                      "buy or sell",
                      "C2X_Id",
                      "C2X_NbRcrds",
                      "C2X_NoPrtfl",
                      "C2X_PltfmIdr",
                      "C2X_DlvryTp",
                      "C2X_Type_OTHR",
                      "C2X_Type_TRAD",
                      "C2X_Rsn",
                      "C2X_OthrMstrAgrmtDtls",
                      "C2X_ExecutionAgentRCP",
                      "C2X_BizMsgIdr",
                      "C2X_MsgDefIdr",
                      "C2X_CreDt",
                      "C2X Main String",
                      "C2X_Lvl",
                      "C2X Forward Bizmsg",
                      "C2X Forward Auth",
                      "C2X Forward Date",
                      "C2X Forward Main String",
                      "C2X Forward DrctnOfTheFrstLeg",
                      "C2X Forward DrctnOfTheScndLeg",
                      "C2X PrmAmt Ccy",
                      "C2X PrmAmt Cur",
                      "C2X_OrgId",
                      "C2X Swap Bizmsg",
                      "C2X Swap Auth",
                      "C2X Swap Date",
                      "C2X Swap DrctnOfTheFrstLeg",
                      "C2X Swap DrctnOfTheScndLeg"
                    ]
                  }
                }
              }
            },
            "Apply_to_each_2": {
              "foreach": "@body('Parse_JSON_2')",
              "actions": {
                "Condition_3": {
                  "actions": {
                    "csvtoxml": {
                      "runAfter": {},
                      "metadata": {
                        "operationMetadataId": "a06eaf84-05df-4cf1-82a8-f185133f4cf9"
                      },
                      "type": "OpenApiConnection",
                      "inputs": {
                        "host": {
                          "connectionName": "shared_csvtoxml-20-2d-201-5f55733489ec751c7f-5fa69f271231a1322b",
                          "operationId": "Csvtoxml",
                          "apiId": "/providers/Microsoft.PowerApps/apis/shared_csvtoxml-20-2d-201-5f55733489ec751c7f-5fa69f271231a1322b"
                        },
                        "parameters": {
                          "body/csv": "@items('Apply_to_each_2')['csv']",
                          "body/trade id": "@items('Apply_to_each_2')['trade id']",
                          "body/type": "@items('Apply_to_each_2')['type']",
                          "body/buy or sell": "@items('Apply_to_each_2')['buy or sell']",
                          "body/C2X_Id": "@items('Apply_to_each_2')['C2X_Id']",
                          "body/C2X_NbRcrds": "@items('Apply_to_each_2')['C2X_NbRcrds']",
                          "body/C2X_NoPrtfl": "@items('Apply_to_each_2')['C2X_NoPrtfl']",
                          "body/C2X_PltfmIdr": "@items('Apply_to_each_2')['C2X_PltfmIdr']",
                          "body/C2X_DlvryTp": "@items('Apply_to_each_2')['C2X_DlvryTp']",
                          "body/C2X_Type_OTHR": "@items('Apply_to_each_2')['C2X_Type_OTHR']",
                          "body/C2X_Type_TRAD": "@items('Apply_to_each_2')['C2X_Type_TRAD']",
                          "body/C2X_Rsn": "@items('Apply_to_each_2')['C2X_Rsn']",
                          "body/C2X_OthrMstrAgrmtDtls": "@items('Apply_to_each_2')['C2X_OthrMstrAgrmtDtls']",
                          "body/C2X_ExecutionAgentRCP": "@items('Apply_to_each_2')['C2X_ExecutionAgentRCP']",
                          "body/C2X_BizMsgIdr": "@items('Apply_to_each_2')['C2X_BizMsgIdr']",
                          "body/C2X_MsgDefIdr": "@items('Apply_to_each_2')['C2X_MsgDefIdr']",
                          "body/C2X_CreDt": "@items('Apply_to_each_2')['C2X_CreDt']",
                          "body/C2X Main String": "@items('Apply_to_each_2')['C2X Main String']",
                          "body/C2X_Lvl": "@items('Apply_to_each_2')['C2X_Lvl']",
                          "body/C2X Forward Bizmsg": "@items('Apply_to_each_2')['C2X Forward Bizmsg']",
                          "body/C2X Forward Auth": "@items('Apply_to_each_2')['C2X Forward Auth']",
                          "body/C2X Forward Date": "@items('Apply_to_each_2')['C2X Forward Date']",
                          "body/C2X Forward Main String": "@items('Apply_to_each_2')['C2X Forward Main String']",
                          "body/C2X Forward DrctnOfTheFrstLeg": "@items('Apply_to_each_2')['C2X Forward DrctnOfTheFrstLeg']",
                          "body/C2X Forward DrctnOfTheScndLeg": "@items('Apply_to_each_2')['C2X Forward DrctnOfTheScndLeg']",
                          "body/C2X PrmAmt Ccy": "@items('Apply_to_each_2')['C2X PrmAmt Ccy']",
                          "body/C2X PrmAmt Cur": "@items('Apply_to_each_2')['C2X PrmAmt Cur']",
                          "body/C2X_OrgId": "@items('Apply_to_each_2')['C2X_OrgId']",
                          "body/C2X Swap Bizmsg": "@items('Apply_to_each_2')['C2X Swap Bizmsg']",
                          "body/C2X Swap Auth": "@items('Apply_to_each_2')['C2X Swap Auth']",
                          "body/C2X Swap Date": "@items('Apply_to_each_2')['C2X Swap Date']",
                          "body/C2X Swap DrctnOfTheFrstLeg": "@items('Apply_to_each_2')['C2X Swap DrctnOfTheFrstLeg']",
                          "body/C2X Swap DrctnOfTheScndLeg": "@items('Apply_to_each_2')['C2X Swap DrctnOfTheScndLeg']"
                        },
                        "authentication": "@parameters('$authentication')"
                      }
                    },
                    "Create_file_3": {
                      "runAfter": {
                        "csvtoxml": [
                          "Succeeded"
                        ]
                      },
                      "metadata": {
                        "operationMetadataId": "0f5026c1-0216-4ce0-96d9-c6f105bf0b4e"
                      },
                      "type": "OpenApiConnection",
                      "inputs": {
                        "host": {
                          "connectionName": "shared_sharepointonline_1",
                          "operationId": "CreateFile",
                          "apiId": "/providers/Microsoft.PowerApps/apis/shared_sharepointonline"
                        },
                        "parameters": {
                          "dataset": "@parameters('C2X Sharepoint Site Address (cr3ab_C2XSharepointSiteAddress)')",
                          "folderPath": "@{parameters('C2X  Shared Documents (cr3ab_C2XSharedDocuments)')}@{parameters('C2X Folder Output File Path (cr3ab_C2XFolderPath)')}/@{outputs('Compose_3')}",
                          "name": "@{items('Apply_to_each_2')['trade id']}_@{items('Apply_to_each_2')['type']}_@{items('Apply_to_each_2')['buy or sell']}.xml",
                          "body": "@body('csvtoxml')"
                        },
                        "authentication": "@parameters('$authentication')"
                      }
                    }
                  },
                  "runAfter": {},
                  "else": {
                    "actions": {
                      "Condition_4": {
                        "actions": {
                          "csvtoxml_2": {
                            "runAfter": {},
                            "metadata": {
                              "operationMetadataId": "b55dbacd-9565-43f3-afdd-57f776d05039"
                            },
                            "type": "OpenApiConnection",
                            "inputs": {
                              "host": {
                                "connectionName": "shared_csvtoxml-5f55733489ec751c7f-5fa69f271231a1322b",
                                "operationId": "Csvtoxml",
                                "apiId": "/providers/Microsoft.PowerApps/apis/shared_csvtoxml-5f55733489ec751c7f-5fa69f271231a1322b"
                              },
                              "parameters": {
                                "body/csv": "@items('Apply_to_each_2')['csv']",
                                "body/trade id": "@items('Apply_to_each_2')['trade id']",
                                "body/type": "@items('Apply_to_each_2')['type']",
                                "body/buy or sell": "@items('Apply_to_each_2')['buy or sell']",
                                "body/C2X_Id": "@items('Apply_to_each_2')['C2X_Id']",
                                "body/C2X_NbRcrds": "@items('Apply_to_each_2')['C2X_NbRcrds']",
                                "body/C2X_NoPrtfl": "@items('Apply_to_each_2')['C2X_NoPrtfl']",
                                "body/C2X_PltfmIdr": "@items('Apply_to_each_2')['C2X_PltfmIdr']",
                                "body/C2X_DlvryTp": "@items('Apply_to_each_2')['C2X_DlvryTp']",
                                "body/C2X_Type_OTHR": "@items('Apply_to_each_2')['C2X_Type_OTHR']",
                                "body/C2X_Type_TRAD": "@items('Apply_to_each_2')['C2X_Type_TRAD']",
                                "body/C2X_Rsn": "@items('Apply_to_each_2')['C2X_Rsn']",
                                "body/C2X_OthrMstrAgrmtDtls": "@items('Apply_to_each_2')['C2X_OthrMstrAgrmtDtls']",
                                "body/C2X_ExecutionAgentRCP": "@items('Apply_to_each_2')['C2X_ExecutionAgentRCP']",
                                "body/C2X_BizMsgIdr": "@items('Apply_to_each_2')['C2X_BizMsgIdr']",
                                "body/C2X_MsgDefIdr": "@items('Apply_to_each_2')['C2X_MsgDefIdr']",
                                "body/C2X_CreDt": "@items('Apply_to_each_2')['C2X_CreDt']",
                                "body/C2X Main String": "@items('Apply_to_each_2')['C2X Main String']",
                                "body/C2X_Lvl": "@items('Apply_to_each_2')['C2X_Lvl']",
                                "body/C2X Forward Bizmsg": "@items('Apply_to_each_2')['C2X Forward Bizmsg']",
                                "body/C2X Forward Auth": "@items('Apply_to_each_2')['C2X Forward Auth']",
                                "body/C2X Forward Date": "@items('Apply_to_each_2')['C2X Forward Date']",
                                "body/C2X Forward Main String": "@items('Apply_to_each_2')['C2X Forward Main String']",
                                "body/C2X Forward DrctnOfTheFrstLeg": "@items('Apply_to_each_2')['C2X Forward DrctnOfTheFrstLeg']",
                                "body/C2X Forward DrctnOfTheScndLeg": "@items('Apply_to_each_2')['C2X Forward DrctnOfTheScndLeg']",
                                "body/C2X PrmAmt Ccy": "@items('Apply_to_each_2')['C2X PrmAmt Ccy']",
                                "body/C2X PrmAmt Cur": "@items('Apply_to_each_2')['C2X PrmAmt Cur']",
                                "body/C2X_OrgId": "@items('Apply_to_each_2')['C2X_OrgId']",
                                "body/C2X Swap Bizmsg": "@items('Apply_to_each_2')['C2X Swap Bizmsg']",
                                "body/C2X Swap Auth": "@items('Apply_to_each_2')['C2X Swap Auth']",
                                "body/C2X Swap Date": "@items('Apply_to_each_2')['C2X Swap Date']",
                                "body/C2X Swap DrctnOfTheFrstLeg": "@items('Apply_to_each_2')['C2X Swap DrctnOfTheFrstLeg']",
                                "body/C2X Swap DrctnOfTheScndLeg": "@items('Apply_to_each_2')['C2X Swap DrctnOfTheScndLeg']"
                              },
                              "authentication": "@parameters('$authentication')"
                            }
                          },
                          "Create_file_4": {
                            "runAfter": {
                              "csvtoxml_2": [
                                "Succeeded"
                              ]
                            },
                            "metadata": {
                              "operationMetadataId": "0f5026c1-0216-4ce0-96d9-c6f105bf0b4e"
                            },
                            "type": "OpenApiConnection",
                            "inputs": {
                              "host": {
                                "connectionName": "shared_sharepointonline_1",
                                "operationId": "CreateFile",
                                "apiId": "/providers/Microsoft.PowerApps/apis/shared_sharepointonline"
                              },
                              "parameters": {
                                "dataset": "@parameters('C2X Sharepoint Site Address (cr3ab_C2XSharepointSiteAddress)')",
                                "folderPath": "@{parameters('C2X  Shared Documents (cr3ab_C2XSharedDocuments)')}@{parameters('C2X Folder Output File Path (cr3ab_C2XFolderPath)')}/@{outputs('Compose_3')}",
                                "name": "@{items('Apply_to_each_2')['trade id']}_@{items('Apply_to_each_2')['type']}_@{items('Apply_to_each_2')['buy or sell']}.xml",
                                "body": "@body('csvtoxml_2')"
                              },
                              "authentication": "@parameters('$authentication')"
                            }
                          }
                        },
                        "runAfter": {},
                        "else": {
                          "actions": {
                            "Condition_2": {
                              "actions": {
                                "csvtoxmlfxswap": {
                                  "runAfter": {},
                                  "metadata": {
                                    "operationMetadataId": "97d9daf6-13c3-49db-9ac3-9a2a9d46dfbd"
                                  },
                                  "type": "OpenApiConnection",
                                  "inputs": {
                                    "host": {
                                      "connectionName": "shared_csvtoxml-20-2d-20fx-5fswap-5f55733489ec751c7f-5fa69f271231a1322b",
                                      "operationId": "Csvtoxmlfxswap",
                                      "apiId": "/providers/Microsoft.PowerApps/apis/shared_csvtoxml-20-2d-20fx-5fswap-5f55733489ec751c7f-5fa69f271231a1322b"
                                    },
                                    "parameters": {
                                      "body/csv": "@items('Apply_to_each_2')['csv']",
                                      "body/trade id": "@items('Apply_to_each_2')['trade id']",
                                      "body/type": "@items('Apply_to_each_2')['type']",
                                      "body/buy or sell": "@items('Apply_to_each_2')['buy or sell']",
                                      "body/C2X_Id": "@items('Apply_to_each_2')['C2X_Id']",
                                      "body/C2X_NbRcrds": "@items('Apply_to_each_2')['C2X_NbRcrds']",
                                      "body/C2X_NoPrtfl": "@items('Apply_to_each_2')['C2X_NoPrtfl']",
                                      "body/C2X_PltfmIdr": "@items('Apply_to_each_2')['C2X_PltfmIdr']",
                                      "body/C2X_DlvryTp": "@items('Apply_to_each_2')['C2X_DlvryTp']",
                                      "body/C2X_Type_OTHR": "@items('Apply_to_each_2')['C2X_Type_OTHR']",
                                      "body/C2X_Type_TRAD": "@items('Apply_to_each_2')['C2X_Type_TRAD']",
                                      "body/C2X_Rsn": "@items('Apply_to_each_2')['C2X_Rsn']",
                                      "body/C2X_OthrMstrAgrmtDtls": "@items('Apply_to_each_2')['C2X_OthrMstrAgrmtDtls']",
                                      "body/C2X_ExecutionAgentRCP": "@items('Apply_to_each_2')['C2X_ExecutionAgentRCP']",
                                      "body/C2X_BizMsgIdr": "@items('Apply_to_each_2')['C2X_BizMsgIdr']",
                                      "body/C2X_MsgDefIdr": "@items('Apply_to_each_2')['C2X_MsgDefIdr']",
                                      "body/C2X_CreDt": "@items('Apply_to_each_2')['C2X_CreDt']",
                                      "body/C2X Main String": "@items('Apply_to_each_2')['C2X Main String']",
                                      "body/C2X_Lvl": "@items('Apply_to_each_2')['C2X_Lvl']",
                                      "body/C2X Forward Bizmsg": "@items('Apply_to_each_2')['C2X Forward Bizmsg']",
                                      "body/C2X Forward Auth": "@items('Apply_to_each_2')['C2X Forward Auth']",
                                      "body/C2X Forward Date": "@items('Apply_to_each_2')['C2X Forward Date']",
                                      "body/C2X Forward Main String": "@items('Apply_to_each_2')['C2X Forward Main String']",
                                      "body/C2X Forward DrctnOfTheFrstLeg": "@items('Apply_to_each_2')['C2X Forward DrctnOfTheFrstLeg']",
                                      "body/C2X Forward DrctnOfTheScndtLeg": "@items('Apply_to_each_2')['C2X Forward DrctnOfTheScndLeg']",
                                      "body/C2X PrmAmt Ccy": "@items('Apply_to_each_2')['C2X PrmAmt Ccy']",
                                      "body/C2X PrmAmt Cur": "@items('Apply_to_each_2')['C2X PrmAmt Cur']",
                                      "body/C2X_OrgId": "@items('Apply_to_each_2')['C2X_OrgId']",
                                      "body/C2X Swap Bizmsg": "@items('Apply_to_each_2')['C2X Swap Bizmsg']",
                                      "body/C2X Swap Auth": "@items('Apply_to_each_2')['C2X Swap Auth']",
                                      "body/C2X Swap Date": "@items('Apply_to_each_2')['C2X Swap Date']",
                                      "body/C2X Swap DrctnOfTheFrstLeg": "@items('Apply_to_each_2')['C2X Swap DrctnOfTheFrstLeg']",
                                      "body/C2X Swap DrctnOfTheScndLeg": "@items('Apply_to_each_2')['C2X Swap DrctnOfTheScndLeg']"
                                    },
                                    "authentication": "@parameters('$authentication')"
                                  }
                                },
                                "Create_file": {
                                  "runAfter": {
                                    "csvtoxmlfxswap": [
                                      "Succeeded"
                                    ]
                                  },
                                  "metadata": {
                                    "operationMetadataId": "0f5026c1-0216-4ce0-96d9-c6f105bf0b4e"
                                  },
                                  "type": "OpenApiConnection",
                                  "inputs": {
                                    "host": {
                                      "connectionName": "shared_sharepointonline_1",
                                      "operationId": "CreateFile",
                                      "apiId": "/providers/Microsoft.PowerApps/apis/shared_sharepointonline"
                                    },
                                    "parameters": {
                                      "dataset": "@parameters('C2X Sharepoint Site Address (cr3ab_C2XSharepointSiteAddress)')",
                                      "folderPath": "@{parameters('C2X  Shared Documents (cr3ab_C2XSharedDocuments)')}@{parameters('C2X Folder Output File Path (cr3ab_C2XFolderPath)')}/@{outputs('Compose_3')}",
                                      "name": "@{items('Apply_to_each_2')['trade id']}_@{items('Apply_to_each_2')['type']}_@{items('Apply_to_each_2')['buy or sell']}.xml",
                                      "body": "@body('csvtoxmlfxswap')"
                                    },
                                    "authentication": "@parameters('$authentication')"
                                  }
                                }
                              },
                              "runAfter": {},
                              "expression": {
                                "equals": [
                                  "@items('Apply_to_each_2')['type']",
                                  "FX Swap"
                                ]
                              },
                              "metadata": {
                                "operationMetadataId": "85b3b061-2fdd-42fc-9460-ce16b5799919"
                              },
                              "type": "If"
                            }
                          }
                        },
                        "expression": {
                          "equals": [
                            "@items('Apply_to_each_2')['type']",
                            "FX Forward"
                          ]
                        },
                        "metadata": {
                          "operationMetadataId": "684a9c76-1c63-414a-aa51-31540333aac8"
                        },
                        "type": "If"
                      }
                    }
                  },
                  "expression": {
                    "equals": [
                      "@items('Apply_to_each_2')['type']",
                      "FX Option"
                    ]
                  },
                  "metadata": {
                    "operationMetadataId": "5d789661-6bcc-4681-a348-8df8ffde8723"
                  },
                  "type": "If"
                }
              },
              "runAfter": {
                "Set_variable": [
                  "Succeeded"
                ]
              },
              "metadata": {
                "operationMetadataId": "251d0851-4200-4680-a0a2-606f63c34fa3"
              },
              "type": "Foreach"
            },
            "Send_an_email_(V2)_2": {
              "runAfter": {
                "Compose_8": [
                  "Succeeded"
                ]
              },
              "metadata": {
                "operationMetadataId": "eb98748e-d2d3-45c4-bf5b-7361eb08539b"
              },
              "type": "OpenApiConnection",
              "inputs": {
                "host": {
                  "connectionName": "shared_office365",
                  "operationId": "SendEmailV2",
                  "apiId": "/providers/Microsoft.PowerApps/apis/shared_office365"
                },
                "parameters": {
                  "emailMessage/To": "@parameters('C2X_BusinessMailId (cr3ab_C2X_BusinessMailId)')",
                  "emailMessage/Subject": "Link to XML Folder files",
                  "emailMessage/Body": "<p>Hi All,<br>\n<br>\nPlease find the link to XML file created in a folder :<br>\n<br>\n<a href=\"@{outputs('Compose_8')}\">@{outputs('Compose_3')}</a>\n<br>\n<br>\nThanks,<br>\nCSV to XML BOT</p>",
                  "emailMessage/Importance": "Normal"
                },
                "authentication": "@parameters('$authentication')"
              }
            },
            "Delay": {
              "runAfter": {
                "Create_new_folder": [
                  "Succeeded"
                ]
              },
              "metadata": {
                "operationMetadataId": "bb42b3d1-d0ac-4e49-bac2-2457875c29c3"
              },
              "type": "Wait",
              "inputs": {
                "interval": {
                  "count": 3,
                  "unit": "Second"
                }
              }
            },
            "Compose_3": {
              "runAfter": {
                "Parse_JSON_2": [
                  "Succeeded"
                ]
              },
              "metadata": {
                "operationMetadataId": "2d3f6250-be5b-4400-b154-413d23c8d408"
              },
              "type": "Compose",
              "inputs": "@concat(triggerOutputs()?['body/{Name}'],'-',formatDateTime(utcNow(), 'yyyy-MM-ddTHH-mm-ss'))"
            },
            "Compose_8": {
              "runAfter": {
                "Set_variable_2": [
                  "Succeeded"
                ]
              },
              "metadata": {
                "operationMetadataId": "115d70d5-fadc-4086-9190-13f898e5b5e1"
              },
              "type": "Compose",
              "inputs": "@outputs('Create_new_folder')?['body/{Link}']"
            },
            "Create_new_folder": {
              "runAfter": {
                "Compose_3": [
                  "Succeeded"
                ]
              },
              "metadata": {
                "operationMetadataId": "a80b2349-9d4d-484c-848f-6bb154702208"
              },
              "type": "OpenApiConnection",
              "inputs": {
                "host": {
                  "connectionName": "shared_sharepointonline",
                  "operationId": "CreateNewFolder",
                  "apiId": "/providers/Microsoft.PowerApps/apis/shared_sharepointonline"
                },
                "parameters": {
                  "dataset": "@parameters('C2X Sharepoint Site Address (cr3ab_C2XSharepointSiteAddress)')",
                  "table": "@parameters('C2X Sharepoint Library (cr3ab_C2XSharepointLibrary)')",
                  "parameters/path": "@{parameters('C2X Folder Output File Path (cr3ab_C2XFolderPath)')}/@{outputs('Compose_3')}"
                },
                "authentication": "@parameters('$authentication')"
              }
            },
            "Set_variable": {
              "runAfter": {
                "Delay": [
                  "Succeeded"
                ]
              },
              "metadata": {
                "operationMetadataId": "f2f1c624-bc42-4ac7-975f-729dd2ba2f04"
              },
              "type": "SetVariable",
              "inputs": {
                "name": "FolderCreated",
                "value": "Yes"
              }
            },
            "Set_variable_2": {
              "runAfter": {
                "Apply_to_each_2": [
                  "Succeeded"
                ]
              },
              "metadata": {
                "operationMetadataId": "e9a30c11-488d-4436-b186-a220efab362b"
              },
              "type": "SetVariable",
              "inputs": {
                "name": "FolderCreated",
                "value": "FilesCreated"
              }
            }
          },
          "runAfter": {
            "Initialize_variable": [
              "Succeeded"
            ]
          },
          "metadata": {
            "operationMetadataId": "8652b83e-3a8c-4f51-8d31-a757fb3b670d"
          },
          "type": "Scope"
        },
        "Error_Scope": {
          "actions": {
            "FailedAction": {
              "runAfter": {},
              "metadata": {
                "operationMetadataId": "87007d54-1571-42e5-b30e-702cf06ea36f"
              },
              "type": "Query",
              "inputs": {
                "from": "@result('Scope')",
                "where": "@or(equals(item()?['Status'], 'Failed'), equals(item()?['Status'], 'TimedOut'))"
              }
            },
            "CreateErrortable": {
              "runAfter": {
                "FailedAction": [
                  "Succeeded"
                ]
              },
              "metadata": {
                "operationMetadataId": "cb382b39-8a87-4004-aa4a-34a2a165e6cc"
              },
              "type": "Table",
              "inputs": {
                "from": "@body('FailedAction')",
                "format": "HTML",
                "columns": [
                  {
                    "header": "Action",
                    "value": "@item()?['name']"
                  },
                  {
                    "header": "Status",
                    "value": "@item()?['status']"
                  },
                  {
                    "header": "ErrorMessage",
                    "value": "@item()?['outputs']?['body']?['message']"
                  }
                ]
              }
            },
            "Send_an_email_(V2)": {
              "runAfter": {
                "CreateErrortable": [
                  "Succeeded"
                ]
              },
              "metadata": {
                "operationMetadataId": "0b35cd70-da40-4ac6-a377-99a6e2758e1c"
              },
              "type": "OpenApiConnection",
              "inputs": {
                "host": {
                  "connectionName": "shared_office365",
                  "operationId": "SendEmailV2",
                  "apiId": "/providers/Microsoft.PowerApps/apis/shared_office365"
                },
                "parameters": {
                  "emailMessage/To": "@parameters('C2X_SupportMailId (cr3ab_C2X_SupportMailId)')",
                  "emailMessage/Subject": "Error in CSV File",
                  "emailMessage/Body": "<p>Hi ,<br>\n<br>\nThere has been an error in the \"CSV File\" part of the flow. Here are the details:</p>\n<style>\ntable {\n\tborder-collapse: collapse;\n    font-family: Tahoma, Geneva, sans-serif;\n}\ntable td {\n\tpadding: 15px;\n}\ntable thead td {\n\tbackground-color: #54585d;\n\tcolor: #ffffff;\n\tfont-weight: bold;\n\tfont-size: 13px;\n\tborder: 1px solid #54585d;\n}\ntable tbody td {\n\tcolor: #636363;\n\tborder: 1px solid #dddfe1;\n}\ntable tbody tr {\n\tbackground-color: #f9fafb;\n}\ntable tbody tr:nth-child(odd) {\n\tbackground-color: #ffffff;\n}\n</style>\n<p>@{body('CreateErrortable')}</p>\n\n<a href =\"@{concat('https://make.powerautomate.com/environments/', workflow()?['tags']['environmentName'], '/flows/', workflow()?['name'], '/runs/', workflow()?['run']['name'])}\">Click here to go to flow</a>\n\n<br>\n<p>Thanks<br>\n<br>Bot.</p>\n\n\n",
                  "emailMessage/Importance": "Normal"
                },
                "authentication": "@parameters('$authentication')"
              }
            }
          },
          "runAfter": {
            "Scope": [
              "Failed"
            ]
          },
          "metadata": {
            "operationMetadataId": "9cd3798e-713b-4af3-9892-b49d5d8a651c"
          },
          "type": "Scope"
        },
        "Initialize_variable": {
          "runAfter": {},
          "metadata": {
            "operationMetadataId": "982256dc-dbd2-4725-94f1-5144cbf866ff"
          },
          "type": "InitializeVariable",
          "inputs": {
            "variables": [
              {
                "name": "FolderCreated",
                "type": "string",
                "value": "No"
              }
            ]
          }
        }
      }
    },
    "templateName": ""
  },
  "schemaVersion": "1.0.0.0"
}