{
  "properties": {
    "connectionReferences": {
      "shared_sql": {
        "runtimeSource": "invoker",
        "connection": {
          "connectionReferenceLogicalName": "farework_sharedsql_46866"
        },
        "api": {
          "name": "shared_sql"
        }
      },
      "shared_commondataserviceforapps": {
        "impersonation": {},
        "runtimeSource": "embedded",
        "connection": {
          "connectionReferenceLogicalName": "farework_sharedcommondataserviceforapps_4f852"
        },
        "api": {
          "name": "shared_commondataserviceforapps"
        }
      }
    },
    "definition": {
      "$schema": "https://schema.management.azure.com/providers/Microsoft.Logic/schemas/2016-06-01/workflowdefinition.json#",
      "contentVersion": "1.0.0.0",
      "parameters": {
        "$connections": {
          "defaultValue": {},
          "type": "Object"
        },
        "$authentication": {
          "defaultValue": {},
          "type": "SecureObject"
        }
      },
      "triggers": {
        "manual": {
          "metadata": {
            "operationMetadataId": "a50c7976-62e9-4967-8329-8dbf454eed53"
          },
          "type": "Request",
          "kind": "Button",
          "inputs": {
            "schema": {
              "type": "object",
              "properties": {},
              "required": []
            }
          }
        }
      },
      "actions": {
        "Execute_stored_procedure_(V2)": {
          "runAfter": {
            "Initialize_variable": [
              "Succeeded"
            ]
          },
          "metadata": {
            "operationMetadataId": "4c4892ef-a3e8-4c30-b2fa-aef598e8e68b"
          },
          "type": "OpenApiConnection",
          "inputs": {
            "host": {
              "apiId": "/providers/Microsoft.PowerApps/apis/shared_sql",
              "connectionName": "shared_sql",
              "operationId": "ExecuteProcedure_V2"
            },
            "parameters": {
              "server": "HKDATAXSQLU2",
              "database": "ERPLITE_UAT",
              "procedure": "[dbo].[CNLAS_GetVendInvShipmentStatus]",
              "parameters": {}
            },
            "authentication": {
              "value": "@json(decodeBase64(triggerOutputs().headers['X-MS-APIM-Tokens']))['$ConnectionKey']",
              "type": "Raw"
            }
          }
        },
        "Parse_JSON": {
          "runAfter": {
            "Execute_stored_procedure_(V2)": [
              "Succeeded"
            ]
          },
          "metadata": {
            "operationMetadataId": "ce199691-a9f2-4117-8512-ca7ab1c00f0b"
          },
          "type": "ParseJson",
          "inputs": {
            "content": "@body('Execute_stored_procedure_(V2)')",
            "schema": {
              "type": "object",
              "properties": {
                "ResultSets": {
                  "type": "object",
                  "properties": {
                    "Table1": {
                      "type": "array",
                      "items": {
                        "type": "object",
                        "properties": {
                          "Number": {
                            "type": "string"
                          },
                          "TypeOfData": {
                            "type": "string"
                          }
                        },
                        "required": [
                          "Number",
                          "TypeOfData"
                        ]
                      }
                    }
                  }
                },
                "OutputParameters": {
                  "type": "object",
                  "properties": {}
                }
              }
            }
          }
        },
        "Apply_to_each": {
          "foreach": "@body('Parse_JSON')?['ResultSets']?['Table1']",
          "actions": {
            "List_rows": {
              "runAfter": {},
              "metadata": {
                "operationMetadataId": "64ca8c5d-4c68-4a96-ab73-ca70cd8d9843"
              },
              "type": "OpenApiConnection",
              "inputs": {
                "host": {
                  "apiId": "/providers/Microsoft.PowerApps/apis/shared_commondataserviceforapps",
                  "connectionName": "shared_commondataserviceforapps",
                  "operationId": "ListRecords"
                },
                "parameters": {
                  "entityName": "fadev_vendinvoiceshipmentstatuses",
                  "$filter": "fadev_number eq '@{items('Apply_to_each')?['Number']}' and fadev_typeofdata eq '@{items('Apply_to_each')?['TypeOfData']}'"
                },
                "retryPolicy": {
                  "type": "fixed",
                  "count": 10,
                  "interval": "PT10S"
                },
                "authentication": "@parameters('$authentication')"
              }
            },
            "Condition_2": {
              "actions": {},
              "runAfter": {
                "List_rows": [
                  "Succeeded"
                ]
              },
              "else": {
                "actions": {
                  "Condition": {
                    "actions": {
                      "SetProcessed": {
                        "runAfter": {},
                        "metadata": {
                          "operationMetadataId": "6fdf13c0-fa9c-44c8-9870-3c52a997f6da"
                        },
                        "type": "SetVariable",
                        "inputs": {
                          "name": "TypeOfDataStatus",
                          "value": "Processed"
                        }
                      }
                    },
                    "runAfter": {},
                    "expression": {
                      "not": {
                        "equals": [
                          "@items('Apply_to_each')?['TypeOfData']",
                          "'Pending Invoice'"
                        ]
                      }
                    },
                    "metadata": {
                      "operationMetadataId": "3f2aa3c3-a824-423f-b521-c69061a8f476"
                    },
                    "type": "If"
                  },
                  "Add_a_new_row": {
                    "runAfter": {
                      "Condition": [
                        "Succeeded"
                      ]
                    },
                    "metadata": {
                      "operationMetadataId": "67a8ae06-0280-4d7c-8568-097f7e568785"
                    },
                    "type": "OpenApiConnection",
                    "inputs": {
                      "host": {
                        "apiId": "/providers/Microsoft.PowerApps/apis/shared_commondataserviceforapps",
                        "connectionName": "shared_commondataserviceforapps",
                        "operationId": "CreateRecord"
                      },
                      "parameters": {
                        "entityName": "fadev_vendinvoiceshipmentstatuses",
                        "item/fadev_number": "@items('Apply_to_each')?['Number']",
                        "item/fadev_typeofdata": "@items('Apply_to_each')?['TypeOfData']",
                        "item/fadev_typeofdata_status": "@variables('TypeOfDataStatus')"
                      },
                      "authentication": "@parameters('$authentication')"
                    }
                  },
                  "SetNotProcessed": {
                    "runAfter": {
                      "Add_a_new_row": [
                        "Succeeded"
                      ]
                    },
                    "metadata": {
                      "operationMetadataId": "19607935-7873-4291-af97-89c6a66446f5"
                    },
                    "type": "SetVariable",
                    "inputs": {
                      "name": "TypeOfDataStatus",
                      "value": "Not Processed"
                    }
                  }
                }
              },
              "expression": {
                "equals": [
                  "@item()?['fadev_typeofdata']",
                  "@items('Apply_to_each')?['TypeOfData']"
                ]
              },
              "metadata": {
                "operationMetadataId": "cb021790-13b1-43dc-989c-d15426030787"
              },
              "type": "If"
            }
          },
          "runAfter": {
            "Parse_JSON": [
              "Succeeded"
            ]
          },
          "metadata": {
            "operationMetadataId": "b0ff2246-9603-4bfa-99ca-9a6e8fc1fdd0"
          },
          "type": "Foreach",
          "runtimeConfiguration": {
            "concurrency": {
              "repetitions": 50
            }
          }
        },
        "Initialize_variable": {
          "runAfter": {},
          "metadata": {
            "operationMetadataId": "ddb98748-ed19-45fe-a2ec-a7c1126c7e68"
          },
          "type": "InitializeVariable",
          "inputs": {
            "variables": [
              {
                "name": "TypeOfDataStatus",
                "type": "string",
                "value": "Not Processed"
              }
            ]
          }
        }
      },
      "outputs": {}
    },
    "templateName": null
  },
  "schemaVersion": "1.0.0.0"
}