{
  "properties": {
    "connectionReferences": {
      "shared_sql": {
        "runtimeSource": "invoker",
        "connection": {
          "connectionReferenceLogicalName": "fadev_sharedsql_8500c"
        },
        "api": {
          "name": "shared_sql"
        }
      },
      "shared_commondataserviceforapps": {
        "impersonation": {},
        "runtimeSource": "embedded",
        "connection": {
          "connectionReferenceLogicalName": "fadev_sharedcommondataserviceforapps_989b6"
        },
        "api": {
          "name": "shared_commondataserviceforapps"
        }
      }
    },
    "definition": {
      "$schema": "https://schema.management.azure.com/providers/Microsoft.Logic/schemas/2016-06-01/workflowdefinition.json#",
      "contentVersion": "1.0.0.0",
      "parameters": {
        "$connections": {
          "defaultValue": {},
          "type": "Object"
        },
        "$authentication": {
          "defaultValue": {},
          "type": "SecureObject"
        }
      },
      "triggers": {
        "manual": {
          "metadata": {
            "operationMetadataId": "23545c3f-8979-456f-9c44-23a358ab6b33"
          },
          "type": "Request",
          "kind": "Button",
          "inputs": {
            "schema": {
              "type": "object",
              "properties": {},
              "required": []
            }
          }
        }
      },
      "actions": {
        "Execute_stored_procedure_(V2)": {
          "runAfter": {},
          "metadata": {
            "operationMetadataId": "8e326f9f-5c9b-46c4-893a-4ecc78060582"
          },
          "type": "OpenApiConnection",
          "inputs": {
            "host": {
              "apiId": "/providers/Microsoft.PowerApps/apis/shared_sql",
              "connectionName": "shared_sql",
              "operationId": "ExecuteProcedure_V2"
            },
            "parameters": {
              "server": "HKDATAXSQLU2",
              "database": "ERPLITE_UAT",
              "procedure": "[dbo].[CNLAS_GetVendInvShipmentStatus]",
              "parameters": {}
            },
            "retryPolicy": {
              "type": "fixed",
              "count": 10,
              "interval": "PT10S"
            },
            "authentication": {
              "value": "@json(decodeBase64(triggerOutputs().headers['X-MS-APIM-Tokens']))['$ConnectionKey']",
              "type": "Raw"
            }
          }
        },
        "Parse_JSON": {
          "runAfter": {
            "Execute_stored_procedure_(V2)": [
              "Succeeded"
            ]
          },
          "metadata": {
            "operationMetadataId": "32f838d7-a2de-4e47-b147-a845a84fe36f"
          },
          "type": "ParseJson",
          "inputs": {
            "content": "@outputs('Execute_stored_procedure_(V2)')?['body/resultsets']",
            "schema": {
              "type": "object",
              "properties": {
                "Table1": {
                  "type": "array",
                  "items": {
                    "type": "object",
                    "properties": {
                      "Number": {
                        "type": "string"
                      },
                      "TypeOfData": {
                        "type": "string"
                      }
                    },
                    "required": [
                      "Number",
                      "TypeOfData"
                    ]
                  }
                }
              }
            }
          }
        },
        "Shipment-iterate": {
          "foreach": "@body('Parse_JSON')?['Table1']",
          "actions": {
            "ShipmentTable": {
              "runAfter": {},
              "metadata": {
                "operationMetadataId": "824c8e09-63b5-4482-a8c2-a1aa0ffc5f17"
              },
              "type": "OpenApiConnection",
              "inputs": {
                "host": {
                  "apiId": "/providers/Microsoft.PowerApps/apis/shared_commondataserviceforapps",
                  "connectionName": "shared_commondataserviceforapps",
                  "operationId": "ListRecords"
                },
                "parameters": {
                  "entityName": "fadev_vendinvoiceshipmentstatuses",
                  "$filter": "fadev_number eq  '@{items('Shipment-iterate')?['Number']}'"
                },
                "retryPolicy": {
                  "type": "fixed",
                  "count": 10,
                  "interval": "PT10S"
                },
                "authentication": "@parameters('$authentication')"
              }
            },
            "IterateShipmentDetails": {
              "foreach": "@outputs('ShipmentTable')?['body/value']",
              "actions": {
                "NumbersChecking": {
                  "actions": {},
                  "runAfter": {},
                  "else": {
                    "actions": {
                      "Shipment-check": {
                        "actions": {
                          "Update_shipment_Processed_": {
                            "runAfter": {},
                            "metadata": {
                              "operationMetadataId": "645e5487-4185-4670-8b72-d3a79f10252b"
                            },
                            "type": "OpenApiConnection",
                            "inputs": {
                              "host": {
                                "apiId": "/providers/Microsoft.PowerApps/apis/shared_commondataserviceforapps",
                                "connectionName": "shared_commondataserviceforapps",
                                "operationId": "CreateRecord"
                              },
                              "parameters": {
                                "entityName": "fadev_vendinvoiceshipmentstatuses",
                                "item/fadev_number": "@items('Shipment-iterate')?['Number']",
                                "item/fadev_typeofdata": "@items('Shipment-iterate')?['TypeOfData']",
                                "item/fadev_typeofdata_status": "Processed"
                              },
                              "retryPolicy": {
                                "type": "fixed",
                                "count": 10,
                                "interval": "PT10S"
                              },
                              "authentication": "@parameters('$authentication')"
                            }
                          }
                        },
                        "runAfter": {},
                        "expression": {
                          "equals": [
                            "@items('Shipment-iterate')?['TypeOfData']",
                            "Shipment"
                          ]
                        },
                        "metadata": {
                          "operationMetadataId": "ff6b4597-9587-4f1a-a836-c25152d5b358"
                        },
                        "type": "If"
                      }
                    }
                  },
                  "expression": {
                    "equals": [
                      "@items('Shipment-iterate')?['Number']",
                      "@items('IterateShipmentDetails')?['fadev_number']"
                    ]
                  },
                  "metadata": {
                    "operationMetadataId": "cf73ee17-7124-4280-ad55-d4afb4643611"
                  },
                  "type": "If"
                }
              },
              "runAfter": {
                "ShipmentTable": [
                  "Succeeded"
                ]
              },
              "metadata": {
                "operationMetadataId": "af363fbd-cc07-42d5-ad7c-370560415ce6"
              },
              "type": "Foreach",
              "runtimeConfiguration": {
                "concurrency": {
                  "repetitions": 50
                }
              }
            }
          },
          "runAfter": {
            "Parse_JSON": [
              "Succeeded"
            ]
          },
          "metadata": {
            "operationMetadataId": "680c5e7f-e236-4022-aa8f-231c16a9401a"
          },
          "type": "Foreach",
          "runtimeConfiguration": {
            "concurrency": {
              "repetitions": 50
            }
          }
        },
        "IterateStoredExecutionProcedureValues": {
          "foreach": "@body('Parse_JSON')?['Table1']",
          "actions": {
            "VendInvoiceTable": {
              "runAfter": {},
              "metadata": {
                "operationMetadataId": "222b2baa-c94f-4097-aaaa-0293509b9939"
              },
              "type": "OpenApiConnection",
              "inputs": {
                "host": {
                  "apiId": "/providers/Microsoft.PowerApps/apis/shared_commondataserviceforapps",
                  "connectionName": "shared_commondataserviceforapps",
                  "operationId": "ListRecords"
                },
                "parameters": {
                  "entityName": "fadev_vendinvoiceshipmentstatuses",
                  "$filter": "fadev_number eq  '@{items('IterateStoredExecutionProcedureValues')?['Number']}'"
                },
                "retryPolicy": {
                  "type": "fixed",
                  "count": 10,
                  "interval": "PT10S"
                },
                "authentication": "@parameters('$authentication')"
              }
            },
            "IterateVendInvTableValues": {
              "foreach": "@outputs('VendInvoiceTable')?['body/value']",
              "actions": {
                "CheckingNumber": {
                  "actions": {},
                  "runAfter": {},
                  "else": {
                    "actions": {
                      "conditionforINvoice": {
                        "actions": {
                          "UpdatingInvoiceStatus": {
                            "runAfter": {},
                            "metadata": {
                              "operationMetadataId": "1293f829-ea05-40e0-afbe-3de07761c79d"
                            },
                            "type": "OpenApiConnection",
                            "inputs": {
                              "host": {
                                "apiId": "/providers/Microsoft.PowerApps/apis/shared_commondataserviceforapps",
                                "connectionName": "shared_commondataserviceforapps",
                                "operationId": "CreateRecord"
                              },
                              "parameters": {
                                "entityName": "fadev_vendinvoiceshipmentstatuses",
                                "item/fadev_number": "@items('IterateStoredExecutionProcedureValues')?['Number']",
                                "item/fadev_typeofdata": "@items('IterateStoredExecutionProcedureValues')?['TypeOfData']",
                                "item/fadev_typeofdata_status": "Processed"
                              },
                              "retryPolicy": {
                                "type": "fixed",
                                "count": 10,
                                "interval": "PT10S"
                              },
                              "authentication": "@parameters('$authentication')"
                            }
                          },
                          "listrowsforInvoice": {
                            "runAfter": {
                              "UpdatingInvoiceStatus": [
                                "Succeeded"
                              ]
                            },
                            "metadata": {
                              "operationMetadataId": "754eb87f-5438-407f-b162-52fadcccbc00"
                            },
                            "type": "OpenApiConnection",
                            "inputs": {
                              "host": {
                                "apiId": "/providers/Microsoft.PowerApps/apis/shared_commondataserviceforapps",
                                "connectionName": "shared_commondataserviceforapps",
                                "operationId": "ListRecords"
                              },
                              "parameters": {
                                "entityName": "fadev_vendinvoiceshipmentstatuses",
                                "$filter": "fadev_number eq  '@{outputs('UpdatingInvoiceStatus')?['body/fadev_number']}'"
                              },
                              "retryPolicy": {
                                "type": "fixed",
                                "count": 10,
                                "interval": "PT10S"
                              },
                              "authentication": "@parameters('$authentication')"
                            }
                          },
                          "IterationforPendingInvoice": {
                            "foreach": "@outputs('listrowsforInvoice')?['body/value']",
                            "actions": {
                              "ConditionforPendinginvoice": {
                                "actions": {},
                                "runAfter": {},
                                "else": {
                                  "actions": {
                                    "Update_Pending_Invoice": {
                                      "runAfter": {},
                                      "metadata": {
                                        "operationMetadataId": "ef36b96f-bea0-4247-94a8-563ffaa3a709"
                                      },
                                      "type": "OpenApiConnection",
                                      "inputs": {
                                        "host": {
                                          "apiId": "/providers/Microsoft.PowerApps/apis/shared_commondataserviceforapps",
                                          "connectionName": "shared_commondataserviceforapps",
                                          "operationId": "CreateRecord"
                                        },
                                        "parameters": {
                                          "entityName": "fadev_vendinvoiceshipmentstatuses",
                                          "item/fadev_number": "@outputs('UpdatingInvoiceStatus')?['body/fadev_number']",
                                          "item/fadev_typeofdata": "Pending Invoice",
                                          "item/fadev_typeofdata_status": "Processed"
                                        },
                                        "retryPolicy": {
                                          "type": "fixed",
                                          "count": 10,
                                          "interval": "PT10S"
                                        },
                                        "authentication": "@parameters('$authentication')"
                                      }
                                    },
                                    "AddingtheRemarksfor_pendinginvoice": {
                                      "runAfter": {
                                        "Update_Pending_Invoice": [
                                          "Succeeded"
                                        ]
                                      },
                                      "metadata": {
                                        "operationMetadataId": "96cfba78-0cc3-4e0e-b8a1-26d54a506ec9"
                                      },
                                      "type": "OpenApiConnection",
                                      "inputs": {
                                        "host": {
                                          "apiId": "/providers/Microsoft.PowerApps/apis/shared_commondataserviceforapps",
                                          "connectionName": "shared_commondataserviceforapps",
                                          "operationId": "CreateRecord"
                                        },
                                        "parameters": {
                                          "entityName": "fadev_invoicestatushistories",
                                          "item/fadev_invoice_id": "@outputs('UpdatingInvoiceStatus')?['body/fadev_number']",
                                          "item/fadev_remarks": "@{outputs('UpdatingInvoiceStatus')?['body/fadev_number']} is updated with typeofdata as Pending Invoice in Vendshipmentinvoice table at @{utcnow()}"
                                        },
                                        "retryPolicy": {
                                          "type": "fixed",
                                          "count": 10,
                                          "interval": "PT10S"
                                        },
                                        "authentication": "@parameters('$authentication')"
                                      }
                                    }
                                  }
                                },
                                "expression": {
                                  "and": [
                                    {
                                      "and": [
                                        {
                                          "equals": [
                                            "@items('IterationforPendingInvoice')?['fadev_typeofdata']",
                                            "Pending Invoice"
                                          ]
                                        },
                                        {
                                          "equals": [
                                            "@items('IterationforPendingInvoice')?['fadev_number']",
                                            "@items('IterateStoredExecutionProcedureValues')?['Number']"
                                          ]
                                        }
                                      ]
                                    }
                                  ]
                                },
                                "metadata": {
                                  "operationMetadataId": "79d4c66b-fabb-469c-9be4-f6f7630bb14e"
                                },
                                "type": "If"
                              }
                            },
                            "runAfter": {
                              "listrowsforInvoice": [
                                "Succeeded"
                              ]
                            },
                            "metadata": {
                              "operationMetadataId": "84847c4e-0a27-46b5-bcb9-1f315cc9dfb1"
                            },
                            "type": "Foreach",
                            "runtimeConfiguration": {
                              "concurrency": {
                                "repetitions": 50
                              }
                            }
                          }
                        },
                        "runAfter": {},
                        "else": {
                          "actions": {
                            "Add_a_new_row_3": {
                              "runAfter": {},
                              "metadata": {
                                "operationMetadataId": "ad12de17-e0db-45fa-8bd5-0727156d5a95"
                              },
                              "type": "OpenApiConnection",
                              "inputs": {
                                "host": {
                                  "apiId": "/providers/Microsoft.PowerApps/apis/shared_commondataserviceforapps",
                                  "connectionName": "shared_commondataserviceforapps",
                                  "operationId": "CreateRecord"
                                },
                                "parameters": {
                                  "entityName": "fadev_vendinvoiceshipmentstatuses",
                                  "item/fadev_number": "@items('IterateStoredExecutionProcedureValues')?['Number']",
                                  "item/fadev_typeofdata": "@items('IterateStoredExecutionProcedureValues')?['TypeOfData']",
                                  "item/fadev_typeofdata_status": "Proccessed"
                                },
                                "retryPolicy": {
                                  "type": "fixed",
                                  "count": 10,
                                  "interval": "PT10S"
                                },
                                "authentication": "@parameters('$authentication')"
                              }
                            }
                          }
                        },
                        "expression": {
                          "equals": [
                            "@items('IterateStoredExecutionProcedureValues')?['TypeOfData']",
                            "Invoice"
                          ]
                        },
                        "metadata": {
                          "operationMetadataId": "9be79a8e-9266-4e76-8817-89a3b71fa688"
                        },
                        "type": "If"
                      }
                    }
                  },
                  "expression": {
                    "equals": [
                      "@items('IterateStoredExecutionProcedureValues')?['Number']",
                      "@items('IterateVendInvTableValues')?['fadev_number']"
                    ]
                  },
                  "metadata": {
                    "operationMetadataId": "b2cdb1f9-1fc3-44e3-8912-296f25a5d49f"
                  },
                  "type": "If"
                }
              },
              "runAfter": {
                "VendInvoiceTable": [
                  "Succeeded"
                ]
              },
              "metadata": {
                "operationMetadataId": "d75b2a7c-456d-4c57-9143-e3f7b08e5f2a"
              },
              "type": "Foreach",
              "runtimeConfiguration": {
                "concurrency": {
                  "repetitions": 50
                }
              }
            }
          },
          "runAfter": {
            "Shipment-iterate": [
              "Succeeded"
            ]
          },
          "metadata": {
            "operationMetadataId": "d3a3bbfa-2b64-4956-82c0-c1e986e74e05"
          },
          "type": "Foreach",
          "runtimeConfiguration": {
            "concurrency": {
              "repetitions": 50
            }
          }
        }
      }
    },
    "templateName": null
  },
  "schemaVersion": "1.0.0.0"
}