{"schemaVersion":"1.0","appDefinitionTemplate":{"id":"/providers/Microsoft.PowerApps/apps/","type":"Microsoft.PowerApps/apps","tags":{"sp-site-id":"https://capgemini.sharepoint.com/sites/AutomationTeam613","sp-list-id":"fc5dd5c3-91e5-47d4-81c2-1d6d41c8ea2c","https://capgemini.sharepoint.com/sites/AutomationTeam613":"fc5dd5c3-91e5-47d4-81c2-1d6d41c8ea2c","primaryDeviceWidth":"3000","primaryDeviceHeight":"1500","supportsPortrait":"true","supportsLandscape":"true","primaryFormFactor":"Phone","showStatusBar":"false","publisherVersion":"3.23122.17","minimumRequiredApiVersion":"2.2.0","hasComponent":"false","hasUnlockedComponent":"false","isUnifiedRootApp":"false","sienaVersion":"20240108T092100Z-3.23122.17.0","offlineLargeFilesSupport":"false"},"properties":{"appVersion":"2024-01-08T09:21:00Z","lifeCycleId":"Published","createdByClientVersion":{"major":3,"minor":23122,"build":17,"revision":0,"majorRevision":0,"minorRevision":0},"minClientVersion":{"major":3,"minor":23122,"build":17,"revision":0,"majorRevision":0,"minorRevision":0},"backgroundColor":"rgba(255, 255, 255, 1)","backgroundImageUri":"/2951282538625179388/N147d1839-9316-4094-bc2f-669449733aac-logoSmallFile","displayName":"FA REWORK Inbound (POC)","description":"","commitMessage":"","appUris":{"documentUri":{"value":"/2951282538625179388/N2fbc3668-4518-409d-a8cb-b8216b5337b3-document.msapp"},"imageUris":[],"additionalUris":[{"isSolutionAware":false,"value":"/2951282538625179388/N0b19f165-c255-45b4-a6ea-13c1d5470d8f-identity.json"}]},"createdTime":"0001-01-01T00:00:00Z","lastModifiedTime":"0001-01-01T00:00:00Z","sharedGroupsCount":0,"sharedUsersCount":0,"connectionReferences":{"7b90f18c-6069-4a79-933b-89820915df12":{"id":"7e597a53-6795-4546-801b-a2773021fd32","displayName":"SharePoint","iconUri":"https://connectoricons-prod.azureedge.net/releases/v1.0.1664/1.0.1664.3477/sharepointonline/icon.png","dataSources":["Header_Invoice_FA Rework","Items for FA Rework Inbound Vendor"],"dependencies":[],"dependents":["c1a9d2c7-90fb-4983-a010-8105f2f97adc"],"parameterHints":{},"parameterHintsV2":{},"isOnPremiseConnection":false,"bypassConsent":false,"dataSets":{"https://capgemini.sharepoint.com/sites/AutomationTeam613":{"dataSources":{"Header_Invoice_FA Rework":{"tableName":"fc5dd5c3-91e5-47d4-81c2-1d6d41c8ea2c"},"Items for FA Rework Inbound Vendor":{"tableName":"228e5b39-207f-4587-b721-5e1ee67fca0c"}}}},"apiTier":"Standard","isCustomApiConnection":false,"actions":["providers/PowerPlatform.Governance/Operations/Read","providers/PowerPlatform.Governance/Operations/Write"]},"c0f5f637-7548-4b4f-8f40-a18925ad23ff":{"id":"b1bbd467-ce84-4c34-9903-32026b561a14","displayName":"Logic flows","iconUri":"https://connectoricons-prod.azureedge.net/releases/v1.0.1664/1.0.1664.3477/logicflows/icon.png","dataSources":["Generate_Invoice"],"dependencies":["0f6e7bdd-d001-4f9a-b328-d5a7921c6901"],"dependents":[],"parameterHints":{"workflowName":{"value":"2446bfde-2a28-45b4-a279-2a2e0aed6172"},"workflowEntityId":{},"0f6e7bdd-d001-4f9a-b328-d5a7921c6901":{"value":"shared_onedriveforbusiness"}},"parameterHintsV2":{"workflowName":{"value":"2446bfde-2a28-45b4-a279-2a2e0aed6172"},"workflowEntityId":{},"shared_onedriveforbusiness":{"value":"0f6e7bdd-d001-4f9a-b328-d5a7921c6901"}},"isOnPremiseConnection":false,"bypassConsent":false,"dataSets":{},"apiTier":"Standard","isCustomApiConnection":false,"actions":["Run"],"nestedActions":[{"id":"/providers/Microsoft.PowerApps/apis/shared_onedriveforbusiness/apiOperations/CreateFile","apiName":"OneDrive for Business","actionName":"CreateFile","referencedResources":[]},{"id":"/providers/Microsoft.PowerApps/apis/shared_onedriveforbusiness/apiOperations/ConvertFileByPath","apiName":"OneDrive for Business","actionName":"ConvertFileByPath","referencedResources":[]}]},"0f6e7bdd-d001-4f9a-b328-d5a7921c6901":{"id":"5eeb94ee-549a-4599-9b5e-7e78fe9d0420","displayName":"OneDrive for Business","iconUri":"https://connectoricons-prod.azureedge.net/releases/v1.0.1669/1.0.1669.3522/onedriveforbusiness/icon.png","dataSources":[],"dependencies":[],"dependents":["c0f5f637-7548-4b4f-8f40-a18925ad23ff"],"parameterHints":{},"parameterHintsV2":{},"isOnPremiseConnection":false,"bypassConsent":false,"dataSets":{},"apiTier":"Standard","isCustomApiConnection":false},"aebcaf94-e025-470c-a2a4-397c85f62c3f":{"id":"a23695e6-ea79-4eff-9150-d03d4914a01b","displayName":"Office 365 Outlook","iconUri":"https://connectoricons-prod.azureedge.net/releases/v1.0.1669/1.0.1669.3522/office365/icon.png","dataSources":["Office365Outlook"],"dependencies":[],"dependents":[],"parameterHints":{},"parameterHintsV2":{},"isOnPremiseConnection":false,"bypassConsent":false,"dataSets":{},"apiTier":"Standard","isCustomApiConnection":false,"actions":["SendEmailV2"]},"68261449-d1c8-4fa9-8443-3cf52b87ea13":{"id":"b1bbd467-ce84-4c34-9903-32026b561a14","displayName":"Logic flows","iconUri":"https://connectoricons-prod.azureedge.net/releases/v1.0.1664/1.0.1664.3477/logicflows/icon.png","dataSources":["FAReworkforfileupload-POC"],"dependencies":["f37e8b45-5860-43ec-9ad3-8f47e89d6d71","4e5ed64e-218c-40be-8adf-72d444c0b63a"],"dependents":[],"parameterHints":{"workflowName":{"value":"039bee4f-5eb3-4f02-89b6-45960eab4b2b"},"workflowEntityId":{},"f37e8b45-5860-43ec-9ad3-8f47e89d6d71":{"value":"shared_sharepointonline"},"4e5ed64e-218c-40be-8adf-72d444c0b63a":{"value":"shared_excelonlinebusiness"}},"parameterHintsV2":{"workflowName":{"value":"039bee4f-5eb3-4f02-89b6-45960eab4b2b"},"workflowEntityId":{},"shared_sharepointonline":{"value":"f37e8b45-5860-43ec-9ad3-8f47e89d6d71"},"shared_excelonlinebusiness":{"value":"4e5ed64e-218c-40be-8adf-72d444c0b63a"}},"isOnPremiseConnection":false,"bypassConsent":false,"dataSets":{},"apiTier":"Standard","isCustomApiConnection":false,"actions":["Run"],"nestedActions":[{"id":"/providers/Microsoft.PowerApps/apis/shared_sharepointonline/apiOperations/CreateFile","apiName":"SharePoint","actionName":"CreateFile","referencedResources":[{"key":"site","value":"https://capgemini.sharepoint.com/sites/AutomationTeam613"}]},{"id":"/providers/Microsoft.PowerApps/apis/shared_excelonlinebusiness/apiOperations/GetItems","apiName":"Excel Online (Business)","actionName":"GetItems","referencedResources":[{"key":"fileId","value":"b!T16pMxNv6kSG1Ks10WUtcVvO4q1KBdFIoGgEJv-EwdH4X5DgvaeGQ51ScBJya1Ag/@outputs('Create_file')?['body/Id']"},{"key":"table","value":"Table1"}]},{"id":"/providers/Microsoft.PowerApps/apis/shared_sharepointonline/apiOperations/DeleteFile","apiName":"SharePoint","actionName":"DeleteFile","referencedResources":[{"key":"site","value":"https://capgemini.sharepoint.com/sites/AutomationTeam613"}]}]},"f37e8b45-5860-43ec-9ad3-8f47e89d6d71":{"id":"7e597a53-6795-4546-801b-a2773021fd32","displayName":"SharePoint","iconUri":"https://connectoricons-prod.azureedge.net/releases/v1.0.1664/1.0.1664.3477/sharepointonline/icon.png","dataSources":[],"dependencies":[],"dependents":["68261449-d1c8-4fa9-8443-3cf52b87ea13"],"parameterHints":{},"parameterHintsV2":{},"isOnPremiseConnection":false,"bypassConsent":false,"dataSets":{},"apiTier":"Standard","isCustomApiConnection":false},"4e5ed64e-218c-40be-8adf-72d444c0b63a":{"id":"0e1c2eb8-be4e-42f2-8808-6ef9d908ac78","displayName":"Excel Online (Business)","iconUri":"https://connectoricons-prod.azureedge.net/releases/v1.0.1658/1.0.1658.3452/excelonlinebusiness/icon.png","dataSources":[],"dependencies":[],"dependents":["68261449-d1c8-4fa9-8443-3cf52b87ea13","c1a9d2c7-90fb-4983-a010-8105f2f97adc"],"parameterHints":{},"parameterHintsV2":{},"isOnPremiseConnection":false,"bypassConsent":false,"dataSets":{},"apiTier":"Standard","isCustomApiConnection":false},"c1a9d2c7-90fb-4983-a010-8105f2f97adc":{"id":"b1bbd467-ce84-4c34-9903-32026b561a14","displayName":"Logic flows","iconUri":"https://connectoricons-prod.azureedge.net/releases/v1.0.1664/1.0.1664.3477/logicflows/icon.png","dataSources":["FAReworkforfileupload"],"dependencies":["7b90f18c-6069-4a79-933b-89820915df12","4e5ed64e-218c-40be-8adf-72d444c0b63a"],"dependents":[],"parameterHints":{"workflowName":{"value":"97008843-f492-41dd-81b3-e27e9401af92"},"workflowEntityId":{},"7b90f18c-6069-4a79-933b-89820915df12":{"value":"shared_sharepointonline"},"4e5ed64e-218c-40be-8adf-72d444c0b63a":{"value":"shared_excelonlinebusiness"}},"parameterHintsV2":{"workflowName":{"value":"97008843-f492-41dd-81b3-e27e9401af92"},"workflowEntityId":{},"shared_sharepointonline":{"value":"7b90f18c-6069-4a79-933b-89820915df12"},"shared_excelonlinebusiness":{"value":"4e5ed64e-218c-40be-8adf-72d444c0b63a"}},"isOnPremiseConnection":false,"bypassConsent":false,"dataSets":{},"apiTier":"Standard","isCustomApiConnection":false,"actions":["Run"],"nestedActions":[{"id":"/providers/Microsoft.PowerApps/apis/shared_sharepointonline/apiOperations/CreateFile","apiName":"SharePoint","actionName":"CreateFile","referencedResources":[{"key":"site","value":"https://capgemini.sharepoint.com/sites/AutomationTeam613"}]},{"id":"/providers/Microsoft.PowerApps/apis/shared_excelonlinebusiness/apiOperations/GetItems","apiName":"Excel Online (Business)","actionName":"GetItems","referencedResources":[{"key":"fileId","value":"b!T16pMxNv6kSG1Ks10WUtcVvO4q1KBdFIoGgEJv-EwdH4X5DgvaeGQ51ScBJya1Ag/@outputs('Create_file')?['body/Id']"},{"key":"table","value":"Table1"}]},{"id":"/providers/Microsoft.PowerApps/apis/shared_sharepointonline/apiOperations/DeleteFile","apiName":"SharePoint","actionName":"DeleteFile","referencedResources":[{"key":"site","value":"https://capgemini.sharepoint.com/sites/AutomationTeam613"}]}]}},"databaseReferences":{},"almMode":"Solution","performanceOptimizationEnabled":true,"canConsumeAppPass":true,"enableModernRuntimeMode":false,"executionRestrictions":{"isTeamsOnly":false,"dataLossPreventionEvaluationResult":{"status":"Compliant","lastEvaluationDate":"2024-01-08T09:21:20.0166476Z","violations":[],"violationsByPolicy":[],"violationErrorMessage":"The app uses the following connectors: shared_sharepointonline, shared_logicflows, shared_onedriveforbusiness, shared_office365, shared_excelonlinebusiness."},"httpActionRestriction":{"appUsesSharepointHttpAction":false,"enforcementStrategy":"Legacy","evaluationTime":"2024-01-08T09:21:20.0165612Z"}}},"appType":"ClassicCanvasApp","appComponents":[]}}