<environmentvariabledefinition schemaname="coupacha_CoupaChatbotPasswordforSNOW">
  <defaultvalue>h4zO^V&amp;-.&gt;b9A4z@JGoK5?&gt;8Q%FAgG)wm,%2])R8</defaultvalue>
  <displayname default="CoupaChatbotPasswordforSNOW">
    <label description="CoupaChatbotPasswordforSNOW" languagecode="1033" />
  </displayname>
  <introducedversion>1.0.0.2</introducedversion>
  <iscustomizable>1</iscustomizable>
  <isrequired>0</isrequired>
  <secretstore>0</secretstore>
  <type>100000000</type>
</environmentvariabledefinition>