{
  "properties": {
    "connectionReferences": {
      "shared_office365": {
        "runtimeSource": "invoker",
        "connection": {
          "connectionReferenceLogicalName": "farework_sharedoffice365_b9ccd"
        },
        "api": {
          "name": "shared_office365"
        }
      },
      "shared_approvals": {
        "runtimeSource": "invoker",
        "connection": {
          "connectionReferenceLogicalName": "farework_sharedapprovals_8528e"
        },
        "api": {
          "name": "shared_approvals"
        }
      }
    },
    "definition": {
      "$schema": "https://schema.management.azure.com/providers/Microsoft.Logic/schemas/2016-06-01/workflowdefinition.json#",
      "contentVersion": "1.0.0.0",
      "parameters": {
        "$connections": {
          "defaultValue": {},
          "type": "Object"
        },
        "$authentication": {
          "defaultValue": {},
          "type": "SecureObject"
        }
      },
      "triggers": {
        "manual": {
          "metadata": {
            "operationMetadataId": "3c6dac32-da9c-4c7b-ad78-9e89c3bc06e3"
          },
          "type": "Request",
          "kind": "Button",
          "inputs": {
            "schema": {
              "type": "object",
              "properties": {},
              "required": []
            }
          }
        }
      },
      "actions": {
        "Compose": {
          "runAfter": {},
          "metadata": {
            "operationMetadataId": "eae17753-cab0-42d5-836e-f2b4b7088a7b"
          },
          "type": "Compose",
          "inputs": {
            "type": "AdaptiveCard",
            "version": "1.4",
            "body": [
              {
                "type": "ColumnSet",
                "columns": [
                  {
                    "type": "Column",
                    "width": "auto",
                    "items": [
                      {
                        "type": "Image",
                        "size": "Small",
                        "url": "https://aka.ms/approvals-logo-notext2",
                        "altText": "Power Automate approvals logo"
                      }
                    ]
                  },
                  {
                    "type": "Column",
                    "width": "stretch",
                    "items": [
                      {
                        "type": "TextBlock",
                        "size": "Large",
                        "weight": "Bolder",
                        "color": "Accent",
                        "text": "Approvals | Power Automate",
                        "wrap": true
                      }
                    ]
                  }
                ]
              },
              {
                "type": "TextBlock",
                "size": "Large",
                "weight": "Bolder",
                "text": "contract"
              },
              {
                "type": "TextBlock",
                "text": "Requested by ",
                "wrap": true
              },
              {
                "type": "FactSet",
                "facts": [
                  {
                    "title": "Date Created",
                    "value": "{{DATE(2024-09-02T07:32:42Z, LONG)}} {{TIME(2024-09-02T07:32:42Z)}}"
                  }
                ]
              },
              {
                "type": "ActionSet",
                "actions": [
                  {
                    "type": "Action.ShowCard",
                    "card": {
                      "type": "AdaptiveCard",
                      "version": "1.0",
                      "body": [
                        {
                          "type": "TextBlock",
                          "text": "Comments",
                          "wrap": true
                        },
                        {
                          "type": "Input.Text",
                          "id": "comments1",
                          "placeholder": "Enter comments",
                          "isMultiline": true,
                          "maxLength": 2048
                        }
                      ]
                    },
                    "title": "Approve"
                  },
                  {
                    "type": "Action.ShowCard",
                    "card": {
                      "type": "AdaptiveCard",
                      "version": "1.0",
                      "body": [
                        {
                          "type": "TextBlock",
                          "text": "Comments",
                          "wrap": true
                        },
                        {
                          "type": "Input.Text",
                          "id": "comments2",
                          "placeholder": "Enter comments",
                          "isMultiline": true,
                          "maxLength": 2048
                        }
                      ]
                    },
                    "title": "Reject"
                  }
                ]
              }
            ],
            "$schema": "http://adaptivecards.io/schemas/adaptive-card.json"
          }
        },
        "Send_an_email_(V2)": {
          "runAfter": {
            "Compose": [
              "Succeeded"
            ]
          },
          "metadata": {
            "operationMetadataId": "f36ae660-7e8f-43a6-9e4d-bb834a750765"
          },
          "type": "OpenApiConnection",
          "inputs": {
            "host": {
              "apiId": "/providers/Microsoft.PowerApps/apis/shared_office365",
              "connectionName": "shared_office365",
              "operationId": "SendEmailV2"
            },
            "parameters": {
              "emailMessage/To": "ragam.ravi-teja@capgemini.com",
              "emailMessage/Subject": "Test",
              "emailMessage/Body": "<p>@{outputs('Compose')}</p>",
              "emailMessage/Importance": "Normal"
            },
            "authentication": {
              "value": "@json(decodeBase64(triggerOutputs().headers['X-MS-APIM-Tokens']))['$ConnectionKey']",
              "type": "Raw"
            }
          }
        },
        "Start_and_wait_for_an_approval": {
          "runAfter": {
            "Send_an_email_(V2)": [
              "Succeeded"
            ]
          },
          "metadata": {
            "operationMetadataId": "9f4a3f24-d9c2-4a86-aff2-f28952784318"
          },
          "type": "OpenApiConnectionWebhook",
          "inputs": {
            "host": {
              "apiId": "/providers/Microsoft.PowerApps/apis/shared_approvals",
              "connectionName": "shared_approvals",
              "operationId": "StartAndWaitForAnApproval"
            },
            "parameters": {
              "approvalType": "CustomResponse",
              "WebhookApprovalCreationInput/responseOptions": [
                "Accept"
              ],
              "WebhookApprovalCreationInput/title": "Test",
              "WebhookApprovalCreationInput/assignedTo": "ragam.ravi-teja@capgemini.com;",
              "WebhookApprovalCreationInput/enableNotifications": true,
              "WebhookApprovalCreationInput/enableReassignment": true
            },
            "authentication": {
              "value": "@json(decodeBase64(triggerOutputs().headers['X-MS-APIM-Tokens']))['$ConnectionKey']",
              "type": "Raw"
            }
          }
        }
      }
    },
    "templateName": null
  },
  "schemaVersion": "1.0.0.0"
}