{
  "properties": {
    "connectionReferences": {
      "shared_sharepointonline": {
        "runtimeSource": "embedded",
        "connection": {
          "connectionReferenceLogicalName": "farework_sharedsharepointonline_23224"
        },
        "api": {
          "name": "shared_sharepointonline"
        }
      },
      "shared_conversionservice": {
        "runtimeSource": "embedded",
        "connection": {
          "connectionReferenceLogicalName": "farework_sharedconversionservice_56e1f"
        },
        "api": {
          "name": "shared_conversionservice"
        }
      },
      "shared_office365": {
        "runtimeSource": "embedded",
        "connection": {
          "connectionReferenceLogicalName": "farework_sharedoffice365_3ce51"
        },
        "api": {
          "name": "shared_office365"
        }
      }
    },
    "definition": {
      "$schema": "https://schema.management.azure.com/providers/Microsoft.Logic/schemas/2016-06-01/workflowdefinition.json#",
      "contentVersion": "1.0.0.0",
      "parameters": {
        "$connections": {
          "defaultValue": {},
          "type": "Object"
        },
        "$authentication": {
          "defaultValue": {},
          "type": "SecureObject"
        }
      },
      "triggers": {
        "When_a_new_email_arrives_in_a_shared_mailbox_(V2)": {
          "recurrence": {
            "frequency": "Minute",
            "interval": 5
          },
          "splitOn": "@triggerOutputs()?['body/value']",
          "metadata": {
            "operationMetadataId": "b9ea4319-712f-4093-9ede-d07b1786ed5d"
          },
          "type": "OpenApiConnection",
          "inputs": {
            "host": {
              "apiId": "/providers/Microsoft.PowerApps/apis/shared_office365",
              "connectionName": "shared_office365",
              "operationId": "SharedMailboxOnNewEmailV2"
            },
            "parameters": {
              "mailboxAddress": "chanel-phoenix-automation.in@capgemini.com;",
              "folderId": "Inbox",
              "from": "anusha.samineni@capgemini.com",
              "importance": "Any",
              "hasAttachments": false,
              "includeAttachments": false
            },
            "authentication": "@parameters('$authentication')"
          }
        }
      },
      "actions": {
        "Condition": {
          "actions": {
            "Condition_4": {
              "actions": {
                "Create_item": {
                  "runAfter": {},
                  "metadata": {
                    "operationMetadataId": "6a42a36d-7dfe-4c31-a7b6-9879e4114d10"
                  },
                  "type": "OpenApiConnection",
                  "inputs": {
                    "host": {
                      "apiId": "/providers/Microsoft.PowerApps/apis/shared_sharepointonline",
                      "connectionName": "shared_sharepointonline",
                      "operationId": "PostItem"
                    },
                    "parameters": {
                      "dataset": "https://capgemini.sharepoint.com/sites/AutomationTeam613",
                      "table": "18546b14-3138-4a07-a80e-2b43adfd21d0",
                      "item/Title": "@variables('Market name')",
                      "item/Suppliernameinenglish": "@variables('Supplier name')"
                    },
                    "authentication": "@parameters('$authentication')"
                  }
                }
              },
              "runAfter": {
                "checking_supplier_name_in_mail_body": [
                  "Succeeded"
                ]
              },
              "expression": {
                "and": [
                  {
                    "not": {
                      "equals": [
                        "@variables('Supplier name')",
                        "@null"
                      ]
                    }
                  },
                  {
                    "not": {
                      "equals": [
                        "@variables('Market name')",
                        "@null"
                      ]
                    }
                  }
                ]
              },
              "metadata": {
                "operationMetadataId": "7d03890c-be8d-4e39-a68a-50725847d1db"
              },
              "type": "If"
            },
            "replace_html_": {
              "runAfter": {
                "Tables": [
                  "Succeeded"
                ]
              },
              "metadata": {
                "operationMetadataId": "59ddfc7c-ed96-4dea-a80e-a25e1001483d"
              },
              "type": "Compose",
              "inputs": "@replace(outputs('Tables'),'</tr>','|</tr>')"
            },
            "Replace_html_with_some_characters": {
              "runAfter": {
                "replace_html_": [
                  "Succeeded"
                ]
              },
              "metadata": {
                "operationMetadataId": "74dde321-cfb1-4f49-9f00-714a5a698897"
              },
              "type": "Compose",
              "inputs": "@replace(outputs('replace_html_'), '</td>', '^</td>')"
            },
            "Html_to_text": {
              "runAfter": {
                "Replace_html_with_some_characters": [
                  "Succeeded"
                ]
              },
              "metadata": {
                "operationMetadataId": "0676fc31-baed-424d-8665-46dffc5f16e4"
              },
              "type": "OpenApiConnection",
              "inputs": {
                "host": {
                  "apiId": "/providers/Microsoft.PowerApps/apis/shared_conversionservice",
                  "connectionName": "shared_conversionservice",
                  "operationId": "HtmlToText"
                },
                "parameters": {
                  "Content": "<p>@{outputs('Replace_html_with_some_characters')}</p>"
                },
                "authentication": "@parameters('$authentication')"
              }
            },
            "newline": {
              "runAfter": {
                "Html_to_text": [
                  "Succeeded"
                ]
              },
              "metadata": {
                "operationMetadataId": "0691acab-3631-4d02-a6d0-86eb0f84dcc4"
              },
              "type": "Compose",
              "inputs": "\n"
            },
            "Replace_'html_to_text'_with_newline": {
              "runAfter": {
                "newline": [
                  "Succeeded"
                ]
              },
              "metadata": {
                "operationMetadataId": "2a4efdb1-dd1e-4998-9208-162c3c355c89"
              },
              "type": "Compose",
              "inputs": "@replace(outputs('Html_to_text')?['body'],outputs('newline'),'')"
            },
            "Split_text_with_\"_|_\"": {
              "runAfter": {
                "Replace_'html_to_text'_with_newline": [
                  "Succeeded"
                ]
              },
              "metadata": {
                "operationMetadataId": "64b522bc-dffc-4a8f-a63e-06f5fd4dac7c"
              },
              "type": "Compose",
              "inputs": "@split(outputs('Replace_''html_to_text''_with_newline'), '|')"
            },
            "checking_supplier_name_in_mail_body": {
              "foreach": "@outputs('Split_text_with_\"_|_\"')",
              "actions": {
                "Condition_2": {
                  "actions": {
                    "Compose_3": {
                      "runAfter": {},
                      "metadata": {
                        "operationMetadataId": "28541e61-6c7e-4699-aa33-3c8f96280e85"
                      },
                      "type": "Compose",
                      "inputs": "@items('checking_supplier_name_in_mail_body')"
                    },
                    "Set_variable": {
                      "runAfter": {
                        "Compose_4": [
                          "Succeeded"
                        ]
                      },
                      "metadata": {
                        "operationMetadataId": "1e93e76d-506e-4341-869d-1ae5552770c5"
                      },
                      "type": "SetVariable",
                      "inputs": {
                        "name": "Supplier name",
                        "value": "@{outputs('Compose_4')}"
                      }
                    },
                    "Compose_4": {
                      "runAfter": {
                        "Compose_3": [
                          "Succeeded"
                        ]
                      },
                      "metadata": {
                        "operationMetadataId": "8465ea0d-4c20-4916-9274-f42155744314"
                      },
                      "type": "Compose",
                      "inputs": "@Split(outputs('Compose_3'),'^')[1]"
                    }
                  },
                  "runAfter": {},
                  "expression": {
                    "contains": [
                      "@items('checking_supplier_name_in_mail_body')",
                      "Supplier legal name in English"
                    ]
                  },
                  "metadata": {
                    "operationMetadataId": "23efdc9e-f8c1-4daf-af50-441c72c0e245"
                  },
                  "type": "If"
                }
              },
              "runAfter": {
                "Split_text_with_\"_|_\"": [
                  "Succeeded"
                ]
              },
              "metadata": {
                "operationMetadataId": "e7f9d5e0-780b-4cf2-b4e3-3c62748e6d84"
              },
              "type": "Foreach"
            },
            "Marketname": {
              "runAfter": {},
              "metadata": {
                "operationMetadataId": "2f357ee7-fcc4-4173-882f-aab1773b33f2"
              },
              "type": "Compose",
              "inputs": "@first(split(triggerOutputs()?['body/subject'],'-'))"
            },
            "Tables": {
              "runAfter": {
                "Checking_market_name_in_list": [
                  "Succeeded"
                ]
              },
              "metadata": {
                "operationMetadataId": "ae75d03d-5226-454c-aab0-84d6eea15bcf"
              },
              "type": "Compose",
              "inputs": "@concat('<table',last(split(triggerOutputs()?['body/body'],'<table')))"
            },
            "Compose_5": {
              "runAfter": {
                "Marketname": [
                  "Succeeded"
                ]
              },
              "metadata": {
                "operationMetadataId": "4dd9bc3f-6ae0-4d8c-b2cb-0176ae5b5edb"
              },
              "type": "Compose",
              "inputs": "@trim(outputs('Marketname'))"
            },
            "Checking_market_name_in_list": {
              "foreach": "@outputs('Get_items')?['body/value']",
              "actions": {
                "Condition_3": {
                  "actions": {
                    "Set_variable_2": {
                      "runAfter": {},
                      "metadata": {
                        "operationMetadataId": "acdf2f70-b5c0-4caf-95d6-98cb684cc266"
                      },
                      "type": "SetVariable",
                      "inputs": {
                        "name": "Market name",
                        "value": "@{outputs('Marketname')}"
                      }
                    }
                  },
                  "runAfter": {},
                  "expression": {
                    "equals": [
                      "@items('Checking_market_name_in_list')?['Title']",
                      "@outputs('Compose_5')"
                    ]
                  },
                  "metadata": {
                    "operationMetadataId": "5bac0d7b-281d-4fb5-9efb-ef868b72294c"
                  },
                  "type": "If"
                }
              },
              "runAfter": {
                "Compose_5": [
                  "Succeeded"
                ]
              },
              "metadata": {
                "operationMetadataId": "efc37680-5fc0-4e3d-a767-d1c71d12115b"
              },
              "type": "Foreach"
            }
          },
          "runAfter": {
            "Get_items": [
              "Succeeded"
            ]
          },
          "expression": {
            "equals": [
              "@triggerOutputs()?['body/from']",
              "anusha.samineni@capgemini.com"
            ]
          },
          "metadata": {
            "operationMetadataId": "587a4cfe-55e7-46cd-a84a-7cf06fdfc822"
          },
          "type": "If"
        },
        "Supplier_name": {
          "runAfter": {
            "Market_name": [
              "Succeeded"
            ]
          },
          "metadata": {
            "operationMetadataId": "a70184c3-ed3d-4559-a730-7607af3c6288"
          },
          "type": "InitializeVariable",
          "inputs": {
            "variables": [
              {
                "name": "Supplier name",
                "type": "string"
              }
            ]
          }
        },
        "Get_items": {
          "runAfter": {
            "Supplier_name": [
              "Succeeded"
            ]
          },
          "metadata": {
            "operationMetadataId": "06eb6d17-ca48-489e-8718-ab1fb561a51f"
          },
          "type": "OpenApiConnection",
          "inputs": {
            "host": {
              "apiId": "/providers/Microsoft.PowerApps/apis/shared_sharepointonline",
              "connectionName": "shared_sharepointonline",
              "operationId": "GetItems"
            },
            "parameters": {
              "dataset": "https://capgemini.sharepoint.com/sites/AutomationTeam613",
              "table": "72c2e51e-154f-4359-903c-11a8c6958b61"
            },
            "authentication": "@parameters('$authentication')"
          }
        },
        "Market_name": {
          "runAfter": {},
          "metadata": {
            "operationMetadataId": "f6bd871f-a6e2-41da-9eb3-cd909836987f"
          },
          "type": "InitializeVariable",
          "inputs": {
            "variables": [
              {
                "name": "Market name",
                "type": "string"
              }
            ]
          }
        }
      },
      "outputs": {}
    },
    "templateName": null
  },
  "schemaVersion": "1.0.0.0"
}