{
  "properties": {
    "connectionReferences": {
      "shared_teams": {
        "runtimeSource": "invoker",
        "connection": {
          "connectionReferenceLogicalName": "farework_sharedteams_d8892"
        },
        "api": {
          "name": "shared_teams"
        }
      },
      "shared_sharepointonline": {
        "runtimeSource": "invoker",
        "connection": {
          "connectionReferenceLogicalName": "farework_sharedsharepointonline_7c4c7"
        },
        "api": {
          "name": "shared_sharepointonline"
        }
      },
      "shared_office365": {
        "runtimeSource": "invoker",
        "connection": {
          "connectionReferenceLogicalName": "farework_sharedoffice365_b9ccd"
        },
        "api": {
          "name": "shared_office365"
        }
      }
    },
    "definition": {
      "$schema": "https://schema.management.azure.com/providers/Microsoft.Logic/schemas/2016-06-01/workflowdefinition.json#",
      "contentVersion": "1.0.0.0",
      "parameters": {
        "$connections": {
          "defaultValue": {},
          "type": "Object"
        },
        "$authentication": {
          "defaultValue": {},
          "type": "SecureObject"
        }
      },
      "triggers": {
        "manual": {
          "metadata": {
            "operationMetadataId": "8f0916b9-e2d1-4881-821b-ade3ca101c47",
            "flowSystemMetadata": {
              "swaggerOperationId": "ForASelectedMessageV2",
              "taskModuleWidth": null,
              "taskModuleHeight": null,
              "inputsAdaptiveCard": "{\"$schema\":\"http://adaptivecards.io/schemas/adaptive-card.json\",\"type\":\"AdaptiveCard\",\"version\":\"1.3\",\"body\":[{\"type\":\"TextBlock\",\"text\":\"Select the type of Requirement \",\"wrap\":true},{\"type\":\"Input.ChoiceSet\",\"choices\":[{\"title\":\"Incidents\",\"value\":\"Incidents\"},{\"title\":\"CR's \",\"value\":\"CR's\"}],\"placeholder\":\"Select\",\"id\":\"Select type of Requirement\"}],\"-ms-tokens\":{}}"
            }
          },
          "type": "Request",
          "kind": "ApiConnection",
          "inputs": {
            "schema": {
              "type": "object",
              "properties": {
                "cardOutputs": {
                  "type": "object",
                  "properties": {
                    "select type of Task": {
                      "title": "select type of Task",
                      "type": "string"
                    },
                    "select type of Requirement": {
                      "title": "select type of Requirement",
                      "type": "string"
                    }
                  }
                },
                "teamsFlowRunContext": {
                  "type": "object",
                  "properties": {
                    "messagePayload": {
                      "type": "object",
                      "properties": {
                        "from": {
                          "type": "object",
                          "properties": {
                            "user": {
                              "type": "object",
                              "properties": {
                                "id": {
                                  "title": "Sender User ID",
                                  "type": "string"
                                }
                              },
                              "required": []
                            }
                          },
                          "required": []
                        },
                        "body": {
                          "type": "object",
                          "properties": {
                            "content": {
                              "title": "Message Content",
                              "type": "string"
                            }
                          },
                          "required": []
                        }
                      },
                      "required": []
                    }
                  }
                }
              },
              "required": [
                "cardOutputs",
                "teamsFlowRunContext"
              ]
            },
            "host": {
              "connection": {
                "name": "@parameters('$connections')['shared_teams']['connectionId']"
              }
            },
            "operationId": "ForASelectedMessageV2",
            "parameters": {
              "inputsAdaptiveCard": "{\"$schema\":\"http://adaptivecards.io/schemas/adaptive-card.json\",\"type\":\"AdaptiveCard\",\"version\":\"1.3\",\"body\":[{\"type\":\"TextBlock\",\"text\":\"Select the type of Requirement \",\"wrap\":true},{\"type\":\"Input.ChoiceSet\",\"choices\":[{\"title\":\"Incidents\",\"value\":\"Incidents\"},{\"title\":\"CR's \",\"value\":\"CR's\"}],\"placeholder\":\"Select\",\"id\":\"Select type of Requirement\"}],\"-ms-tokens\":{}}"
            }
          }
        }
      },
      "actions": {
        "Try": {
          "actions": {
            "Condition": {
              "actions": {
                "Post_adaptive_card_and_wait_for_a_response": {
                  "runAfter": {},
                  "metadata": {
                    "operationMetadataId": "591b70de-79f2-476b-a283-5731cee22131"
                  },
                  "type": "OpenApiConnectionWebhook",
                  "inputs": {
                    "host": {
                      "apiId": "/providers/Microsoft.PowerApps/apis/shared_teams",
                      "connectionName": "shared_teams",
                      "operationId": "PostCardAndWaitForResponse"
                    },
                    "parameters": {
                      "poster": "Flow bot",
                      "location": "Channel",
                      "body/body/messageBody": "{\n    \"$schema\": \"http://adaptivecards.io/schemas/adaptive-card.json\",\n    \"type\": \"AdaptiveCard\",\n    \"version\": \"1.3\",\n    \"body\": [\n        {\n            \"type\": \"TextBlock\",\n            \"weight\": \"Bolder\",\n            \"size\": \"Medium\",\n            \"text\": \"@{triggerBody()?['teamsFlowRunContext']?['messagePayload']?['body']?['content']}\"\n        },\n        {\n            \"type\": \"Input.Text\",\n            \"placeholder\": \"Write a title here\",\n            \"id\": \"Title\"\n        },\n        {\n            \"type\": \"TextBlock\",\n            \"wrap\": true,\n            \"text\": \"Work Item Type\"\n        },\n        {\n            \"type\": \"Input.ChoiceSet\",\n            \"choices\": [\n                {\n                    \"title\": \"Task\",\n                    \"value\": \"Task\"\n                },\n                {\n                    \"title\": \"Epic\",\n                    \"value\": \"Epic\"\n                },\n                {\n                    \"title\": \"Requirement\",\n                    \"value\": \"Requirement\"\n                },\n                {\n                    \"title\": \"Task Request\",\n                    \"value\": \"Task Request \"\n                },\n                {\n                    \"title\": \"Issue\",\n                    \"value\": \"Issue\"\n                }\n            ],\n            \"id\": \"Work Item Type\",\n            \"placeholder\": \"Select\"\n        },\n        {\n            \"type\": \"TextBlock\",\n            \"wrap\": true,\n            \"text\": \"Service Type\"\n        },\n        {\n            \"type\": \"Input.Text\",\n            \"placeholder\": \"Enter Service Type here\",\n            \"id\": \"Service Type\"\n        },\n        {\n            \"type\": \"TextBlock\",\n            \"wrap\": true,\n            \"text\": \"Priority\"\n        },\n        {\n            \"type\": \"Input.Text\",\n            \"placeholder\": \"Enter Priority here\",\n            \"id\": \"Priority\"\n        },\n        {\n            \"type\": \"Input.Text\",\n            \"placeholder\": \"Write Customer Email here\",\n            \"style\": \"Email\",\n            \"id\": \"Email Incidents\"\n        }\n    ],\n    \"actions\": [\n        {\n            \"type\": \"Action.Submit\",\n            \"title\": \"Submit\"\n        }\n    ]\n}",
                      "body/body/updateMessage": "Thanks for your response!",
                      "body/body/recipient/groupId": "a6604c55-7d9b-4345-866c-3d339da40000",
                      "body/body/recipient/channelId": "19:9wc7jdWIyYSsT8kz4i-wiN85D6Ij7e98y6tWjomKJcY1@thread.tacv2"
                    },
                    "authentication": {
                      "value": "@json(decodeBase64(triggerOutputs().headers['X-MS-APIM-Tokens']))['$ConnectionKey']",
                      "type": "Raw"
                    }
                  }
                },
                "Create_item": {
                  "runAfter": {
                    "Post_adaptive_card_and_wait_for_a_response": [
                      "Succeeded"
                    ]
                  },
                  "metadata": {
                    "operationMetadataId": "0ff0c300-896a-4001-b9d3-32afa4644b6a"
                  },
                  "type": "OpenApiConnection",
                  "inputs": {
                    "host": {
                      "apiId": "/providers/Microsoft.PowerApps/apis/shared_sharepointonline",
                      "connectionName": "shared_sharepointonline",
                      "operationId": "PostItem"
                    },
                    "parameters": {
                      "dataset": "https://capgemini.sharepoint.com/sites/AutomationTeam613",
                      "table": "df81a844-b36b-40f3-bfa2-3c80de8100ec",
                      "item/Title": "@outputs('Post_adaptive_card_and_wait_for_a_response')?['body/data/title']",
                      "item/Work_Item_Type": "@outputs('Post_adaptive_card_and_wait_for_a_response')?['body/data/work Item Type']",
                      "item/ServiceType": "@outputs('Post_adaptive_card_and_wait_for_a_response')?['body/data/service Type']",
                      "item/Priority": "@outputs('Post_adaptive_card_and_wait_for_a_response')?['body/data/priority']"
                    },
                    "authentication": {
                      "value": "@json(decodeBase64(triggerOutputs().headers['X-MS-APIM-Tokens']))['$ConnectionKey']",
                      "type": "Raw"
                    }
                  }
                },
                "Send_an_email_(V2)": {
                  "runAfter": {
                    "Append_to_array_variable": [
                      "Succeeded"
                    ]
                  },
                  "metadata": {
                    "operationMetadataId": "07b47817-99a6-4fe8-9ef3-748eb9dba551"
                  },
                  "type": "OpenApiConnection",
                  "inputs": {
                    "host": {
                      "apiId": "/providers/Microsoft.PowerApps/apis/shared_office365",
                      "connectionName": "shared_office365",
                      "operationId": "SendEmailV2"
                    },
                    "parameters": {
                      "emailMessage/To": "@outputs('Post_adaptive_card_and_wait_for_a_response')?['body/data/email ID']",
                      "emailMessage/Subject": "Your Request @{outputs('Create_item')?['body/ID']}  has been Submitted ",
                      "emailMessage/Body": "<p>Hi, <br>\n<br>\nYour request has been submitted with ID@{outputs('Create_item')?['body/ID']}<br>\n<br>\nThanks and Regards,<br>\nRavi Teja Ragam</p>",
                      "emailMessage/Importance": "Normal"
                    },
                    "authentication": {
                      "value": "@json(decodeBase64(triggerOutputs().headers['X-MS-APIM-Tokens']))['$ConnectionKey']",
                      "type": "Raw"
                    }
                  }
                },
                "Append_to_array_variable": {
                  "runAfter": {
                    "Create_item": [
                      "Failed"
                    ]
                  },
                  "metadata": {
                    "operationMetadataId": "ffb0086e-0a74-4c8a-9b70-735c5f07acf6"
                  },
                  "type": "AppendToArrayVariable",
                  "inputs": {
                    "name": "varError",
                    "value": "@{outputs('Create_item')?['body/Title']}@{outputs('Create_item')?['body/Work_Item_Type']}@{outputs('Create_item')?['body/ServiceType']}@{outputs('Create_item')?['body/Priority']}@{actions('Create_item')?['error']?['message']}"
                  }
                }
              },
              "runAfter": {},
              "else": {
                "actions": {
                  "Post_adaptive_card_and_wait_for_a_response_2": {
                    "runAfter": {},
                    "metadata": {
                      "operationMetadataId": "06128ae2-74cf-4d91-8350-64a6ef8bce23"
                    },
                    "type": "OpenApiConnectionWebhook",
                    "inputs": {
                      "host": {
                        "apiId": "/providers/Microsoft.PowerApps/apis/shared_teams",
                        "connectionName": "shared_teams",
                        "operationId": "PostCardAndWaitForResponse"
                      },
                      "parameters": {
                        "poster": "Flow bot",
                        "location": "Channel",
                        "body/body/messageBody": "{\n    \"$schema\": \"http://adaptivecards.io/schemas/adaptive-card.json\",\n    \"type\": \"AdaptiveCard\",\n    \"version\": \"1.3\",\n    \"body\": [\n        {\n            \"type\": \"TextBlock\",\n            \"weight\": \"Bolder\",\n            \"size\": \"Medium\",\n            \"text\": \"Title\"\n        },\n        {\n            \"type\": \"Input.Text\",\n            \"placeholder\": \"Enter Title here\",\n            \"id\": \"Title\"\n        },\n        {\n            \"type\": \"TextBlock\",\n            \"wrap\": true,\n            \"text\": \"Work Item Type\"\n        },\n        {\n            \"type\": \"Input.ChoiceSet\",\n            \"choices\": [\n                {\n                    \"title\": \"Task\",\n                    \"value\": \"Task\"\n                },\n                {\n                    \"title\": \"Issue\",\n                    \"value\": \"Issue\"\n                },\n                {\n                    \"title\": \"Requirement \",\n                    \"value\": \"Requirement\"\n                },\n                {\n                    \"title\": \"Epic\",\n                    \"value\": \"Epic\"\n                },\n                {\n                    \"title\": \"Service Request \",\n                    \"value\": \"Service Request\"\n                }\n            ],\n            \"placeholder\": \"Select\",\n            \"id\": \"Work Item Type\"\n        },\n        {\n            \"type\": \"TextBlock\",\n            \"wrap\": true,\n            \"text\": \"Type of Requirement\",\n            \"id\": \"Type Of Requirement\"\n        },\n        {\n            \"type\": \"Input.Text\",\n            \"style\": \"Email\",\n            \"spacing\": \"None\",\n            \"placeholder\": \"Enter the type of requirement here\",\n            \"id\": \"Type of Requirement\"\n        },\n        {\n            \"type\": \"TextBlock\",\n            \"text\": \" Area \",\n            \"wrap\": true\n        },\n        {\n            \"type\": \"Input.Text\",\n            \"placeholder\": \"Enter your Area here\",\n            \"id\": \"Area\"\n        },\n        {\n            \"type\": \"TextBlock\",\n            \"wrap\": true,\n            \"text\": \"Division\"\n        },\n        {\n            \"type\": \"Input.Text\",\n            \"placeholder\": \"Enter your Division here\",\n            \"id\": \"Division\"\n        },\n        {\n            \"type\": \"TextBlock\",\n            \"wrap\": true,\n            \"text\": \"Domain\"\n        },\n        {\n            \"type\": \"Input.Text\",\n            \"placeholder\": \"Enter Domain here\",\n            \"id\": \"Domain\"\n        },\n        {\n            \"type\": \"TextBlock\",\n            \"wrap\": true,\n            \"text\": \"CERIOW\"\n        },\n        {\n            \"type\": \"Input.Text\",\n            \"placeholder\": \"Enter CERIOW here\",\n            \"id\": \"CERIOW\"\n        },\n        {\n            \"type\": \"TextBlock\",\n            \"wrap\": true,\n            \"text\": \"Complexity\"\n        },\n        {\n            \"type\": \"Input.Text\",\n            \"placeholder\": \"Enter Complexity here\",\n            \"id\": \"Complexity\"\n        },\n        {\n            \"type\": \"TextBlock\",\n            \"wrap\": true,\n            \"text\": \" Business Impact Severity\"\n        },\n        {\n            \"type\": \"Input.Text\",\n            \"placeholder\": \"Enter Business Impact Severity here\",\n            \"id\": \"Business Impact Severity\"\n        },\n        {\n            \"type\": \"Input.Text\",\n            \"placeholder\": \"Write Customer Email here\",\n            \"style\": \"Email\",\n            \"id\": \"Customer Email2\"\n        }\n    ],\n    \"actions\": [\n        {\n            \"type\": \"Action.Submit\",\n            \"title\": \"Submit\"\n        }\n    ]\n}",
                        "body/body/updateMessage": "Thanks for your response!",
                        "body/body/recipient/groupId": "a6604c55-7d9b-4345-866c-3d339da40000",
                        "body/body/recipient/channelId": "19:9wc7jdWIyYSsT8kz4i-wiN85D6Ij7e98y6tWjomKJcY1@thread.tacv2"
                      },
                      "authentication": {
                        "value": "@json(decodeBase64(triggerOutputs().headers['X-MS-APIM-Tokens']))['$ConnectionKey']",
                        "type": "Raw"
                      }
                    }
                  },
                  "Create_item_2": {
                    "runAfter": {
                      "Post_adaptive_card_and_wait_for_a_response_2": [
                        "Succeeded"
                      ]
                    },
                    "metadata": {
                      "operationMetadataId": "58bf027f-bd5e-4efd-aad3-4955cfbc573e"
                    },
                    "type": "OpenApiConnection",
                    "inputs": {
                      "host": {
                        "apiId": "/providers/Microsoft.PowerApps/apis/shared_sharepointonline",
                        "connectionName": "shared_sharepointonline",
                        "operationId": "PostItem"
                      },
                      "parameters": {
                        "dataset": "https://capgemini.sharepoint.com/sites/AutomationTeam613",
                        "table": "88f26a6a-7011-4cda-8a39-58d558310b55",
                        "item/Title": "@outputs('Post_adaptive_card_and_wait_for_a_response_2')?['body/data/title']",
                        "item/Work_Item_Type": "@outputs('Post_adaptive_card_and_wait_for_a_response_2')?['body/data/work Item Type']",
                        "item/Type_Of_Requirement": "@outputs('Post_adaptive_card_and_wait_for_a_response_2')?['body/data/type of Requirement']",
                        "item/Area": "@outputs('Post_adaptive_card_and_wait_for_a_response_2')?['body/data/area']",
                        "item/Division": "@outputs('Post_adaptive_card_and_wait_for_a_response_2')?['body/data/division']",
                        "item/Domain": "@outputs('Post_adaptive_card_and_wait_for_a_response_2')?['body/data/domain']",
                        "item/CERIOW": "@outputs('Post_adaptive_card_and_wait_for_a_response_2')?['body/data/ceriow']",
                        "item/Complexity": "@outputs('Post_adaptive_card_and_wait_for_a_response_2')?['body/data/complexity']",
                        "item/BusinessImapctSeverity": "@outputs('Post_adaptive_card_and_wait_for_a_response_2')?['body/data/business Impact Severity']"
                      },
                      "authentication": {
                        "value": "@json(decodeBase64(triggerOutputs().headers['X-MS-APIM-Tokens']))['$ConnectionKey']",
                        "type": "Raw"
                      }
                    }
                  },
                  "Send_an_email_(V2)_2": {
                    "runAfter": {
                      "Append_to_array_variable_2": [
                        "Succeeded"
                      ]
                    },
                    "metadata": {
                      "operationMetadataId": "91ef7d4e-054a-46b3-ad44-c7c7b7a3bcfc"
                    },
                    "type": "OpenApiConnection",
                    "inputs": {
                      "host": {
                        "apiId": "/providers/Microsoft.PowerApps/apis/shared_office365",
                        "connectionName": "shared_office365",
                        "operationId": "SendEmailV2"
                      },
                      "parameters": {
                        "emailMessage/To": "@outputs('Post_adaptive_card_and_wait_for_a_response_2')?['body/data/customer Email2']",
                        "emailMessage/Subject": "Your Request @{outputs('Create_item_2')?['body/ID']} ",
                        "emailMessage/Body": "<p>Hi,<br>\n<br>\nYour request has been Submitted with ID: @{outputs('Create_item_2')?['body/ID']}<br>\n<br>\nThanks and Regards,<br>\nRavi Teja Ragam</p>",
                        "emailMessage/Importance": "Normal"
                      },
                      "authentication": {
                        "value": "@json(decodeBase64(triggerOutputs().headers['X-MS-APIM-Tokens']))['$ConnectionKey']",
                        "type": "Raw"
                      }
                    }
                  },
                  "Append_to_array_variable_2": {
                    "runAfter": {
                      "Create_item_2": [
                        "Failed"
                      ]
                    },
                    "metadata": {
                      "operationMetadataId": "d35223c0-0aee-4891-8431-f62c6d5aeca4"
                    },
                    "type": "AppendToArrayVariable",
                    "inputs": {
                      "name": "varError",
                      "value": "@{outputs('Create_item_2')?['body/Title']}@{outputs('Create_item_2')?['body/Work_Item_Type']}@{outputs('Create_item_2')?['body/Type_Of_Requirement']}@{outputs('Create_item_2')?['body/Area']}@{outputs('Create_item_2')?['body/Area']}@{outputs('Create_item_2')?['body/Division']}@{outputs('Create_item_2')?['body/Domain']}@{outputs('Create_item_2')?['body/CERIOW']}@{outputs('Create_item_2')?['body/CERIOW']}@{outputs('Create_item_2')?['body/Complexity']}@{outputs('Create_item_2')?['body/BusinessImapctSeverity']}"
                    }
                  }
                }
              },
              "expression": {
                "equals": [
                  "@triggerBody()?['cardOutputs']?['select type of Requirement']",
                  "Incidents"
                ]
              },
              "metadata": {
                "operationMetadataId": "2aaeff96-cf25-4220-a4fe-a9c98a186582"
              },
              "type": "If"
            }
          },
          "runAfter": {
            "Initialize_variable": [
              "Succeeded"
            ]
          },
          "metadata": {
            "operationMetadataId": "9cb69006-1781-4a6a-ae32-dbd7633b6d15"
          },
          "type": "Scope"
        },
        "Catch": {
          "actions": {
            "Filter_array": {
              "runAfter": {},
              "metadata": {
                "operationMetadataId": "1fb8ca33-c3e6-4d14-b2a1-15111b95722a"
              },
              "type": "Query",
              "inputs": {
                "from": "@result('Try')",
                "where": "@equals(item()?['Status'], 'Failed')"
              }
            },
            "Create_HTML_table": {
              "runAfter": {
                "Filter_array": [
                  "Succeeded"
                ]
              },
              "metadata": {
                "operationMetadataId": "4a3839da-edad-43b5-8fc5-fb8c8d2dca77"
              },
              "type": "Table",
              "inputs": {
                "from": "@body('Filter_array')",
                "format": "HTML",
                "columns": [
                  {
                    "header": "Action",
                    "value": "@item()?['name']"
                  },
                  {
                    "header": "Status",
                    "value": "@item()?['Status']"
                  },
                  {
                    "header": "ErrorMessage",
                    "value": "@item()?['error']?['message']"
                  }
                ]
              }
            },
            "Send_an_email_(V2)_3": {
              "runAfter": {
                "Create_HTML_table": [
                  "Succeeded"
                ]
              },
              "metadata": {
                "operationMetadataId": "c23f0079-d85a-43ad-b836-cf1ca36e376f"
              },
              "type": "OpenApiConnection",
              "inputs": {
                "host": {
                  "apiId": "/providers/Microsoft.PowerApps/apis/shared_office365",
                  "connectionName": "shared_office365",
                  "operationId": "SendEmailV2"
                },
                "parameters": {
                  "emailMessage/To": "ragam.ravi-teja@capgemini.com;@{outputs('Create_item')?['body/Author/Email']}",
                  "emailMessage/Subject": "Error in 'Azure ADO Devops Workflow' for @{outputs('Create_item')?['body/Title']}",
                  "emailMessage/Body": "<p>@{body('Create_HTML_table')}</p>",
                  "emailMessage/Importance": "Normal"
                },
                "authentication": {
                  "value": "@json(decodeBase64(triggerOutputs().headers['X-MS-APIM-Tokens']))['$ConnectionKey']",
                  "type": "Raw"
                }
              }
            },
            "Terminate": {
              "runAfter": {
                "Send_an_email_(V2)_3": [
                  "Succeeded"
                ]
              },
              "metadata": {
                "operationMetadataId": "96472d8d-34cc-493c-984e-b07570636f41"
              },
              "type": "Terminate",
              "inputs": {
                "runStatus": "Failed"
              }
            }
          },
          "runAfter": {
            "Try": [
              "Failed"
            ]
          },
          "metadata": {
            "operationMetadataId": "9e1f9cc9-abc8-4644-aabf-f5bd750d4b21"
          },
          "type": "Scope"
        },
        "Initialize_variable": {
          "runAfter": {},
          "metadata": {
            "operationMetadataId": "45b31a32-69b9-4b5f-b318-fa9dd581ac4d"
          },
          "type": "InitializeVariable",
          "inputs": {
            "variables": [
              {
                "name": "varError",
                "type": "array"
              }
            ]
          }
        }
      },
      "outputs": {}
    },
    "templateName": "78720f54e49444d0bd456477288a7ef7"
  },
  "schemaVersion": "1.0.0.0"
}