{
  "properties": {
    "connectionReferences": {
      "shared_visualstudioteamservices": {
        "runtimeSource": "embedded",
        "connection": {
          "connectionReferenceLogicalName": "farework_sharedvisualstudioteamservices_339ed"
        },
        "api": {
          "name": "shared_visualstudioteamservices"
        }
      },
      "shared_office365": {
        "runtimeSource": "embedded",
        "connection": {
          "connectionReferenceLogicalName": "farework_sharedoffice365_b9ccd"
        },
        "api": {
          "name": "shared_office365"
        }
      }
    },
    "definition": {
      "$schema": "https://schema.management.azure.com/providers/Microsoft.Logic/schemas/2016-06-01/workflowdefinition.json#",
      "contentVersion": "1.0.0.0",
      "parameters": {
        "$connections": {
          "defaultValue": {},
          "type": "Object"
        },
        "$authentication": {
          "defaultValue": {},
          "type": "SecureObject"
        }
      },
      "triggers": {
        "When_a_new_email_arrives_(V3)": {
          "splitOn": "@triggerOutputs()?['body/value']",
          "metadata": {
            "operationMetadataId": "dbb13e29-21f8-4164-8579-ef5e8af66ef4"
          },
          "type": "OpenApiConnectionNotification",
          "inputs": {
            "host": {
              "apiId": "/providers/Microsoft.PowerApps/apis/shared_office365",
              "connectionName": "shared_office365",
              "operationId": "OnNewEmailV3"
            },
            "parameters": {
              "folderPath": "Inbox",
              "includeAttachments": true,
              "subjectFilter": "INC",
              "importance": "Any",
              "fetchOnlyWithAttachment": false
            },
            "authentication": "@parameters('$authentication')"
          }
        }
      },
      "actions": {
        "Create_a_work_item": {
          "runAfter": {
            "Attachments": [
              "Succeeded"
            ]
          },
          "metadata": {
            "operationMetadataId": "0f59e18a-9e3a-4575-a1eb-fc9da25919fb"
          },
          "type": "OpenApiConnection",
          "inputs": {
            "host": {
              "apiId": "/providers/Microsoft.PowerApps/apis/shared_visualstudioteamservices",
              "connectionName": "shared_visualstudioteamservices",
              "operationId": "CreateWorkItem"
            },
            "parameters": {
              "account": "ragamravi-teja",
              "project": "Automation",
              "type": "Task",
              "workItem/title": "@triggerOutputs()?['body/subject']",
              "workItem/description": "<p>@{triggerOutputs()?['body/bodyPreview']}</p>",
              "workItem/priority": 3,
              "workItem/dynamicFields/System.AssignedTo": "@triggerOutputs()?['body/from']"
            },
            "authentication": "@parameters('$authentication')"
          }
        },
        "Apply_to_each": {
          "foreach": "@triggerOutputs()?['body/attachments']",
          "actions": {
            "Parse_JSON": {
              "runAfter": {
                "Send_an_HTTP_request_to_Azure_DevOps_3": [
                  "Succeeded"
                ]
              },
              "metadata": {
                "operationMetadataId": "c2cfbe24-89a7-475c-ab32-5639f4bd7991"
              },
              "type": "ParseJson",
              "inputs": {
                "content": "@body('Send_an_HTTP_request_to_Azure_DevOps_3')",
                "schema": {
                  "type": "object",
                  "properties": {
                    "id": {
                      "type": "string"
                    },
                    "url": {
                      "type": "string"
                    }
                  }
                }
              }
            },
            "Send_an_HTTP_request_to_Azure_DevOps_2": {
              "runAfter": {
                "Parse_JSON": [
                  "Succeeded"
                ]
              },
              "metadata": {
                "operationMetadataId": "4a6dca4e-fd85-40e1-bfa3-d61c78f0d697"
              },
              "type": "OpenApiConnection",
              "inputs": {
                "host": {
                  "apiId": "/providers/Microsoft.PowerApps/apis/shared_visualstudioteamservices",
                  "connectionName": "shared_visualstudioteamservices",
                  "operationId": "HttpRequest"
                },
                "parameters": {
                  "account": "ragamravi-teja",
                  "parameters/Method": "PATCH",
                  "parameters/Uri": "/_apis/wit/workitems/@{outputs('Create_a_work_item')?['body/id']}/?api-version=5.1",
                  "parameters/Headers": {
                    "Content-Type": "application/json-patch+json"
                  },
                  "parameters/Body": "[\n  {\n    'op': 'add',\n    'path': '/relations/-',\n    'value': {\n      'rel': 'AttachedFile',\n      'url': '@{body('Parse_JSON')?['url']}',\n      'attributes': {\n        'comment': 'Bug details',\n        'name':'@{items('Apply_to_each')?['name']}'\n      }\n    }\n  }\n]",
                  "parameters/IsBase64": false
                },
                "authentication": "@parameters('$authentication')"
              }
            },
            "Send_an_HTTP_request_to_Azure_DevOps_3": {
              "runAfter": {
                "Append_to_array_variable": [
                  "Succeeded"
                ]
              },
              "metadata": {
                "operationMetadataId": "fe23b593-9581-4559-8f9d-510769e659c6"
              },
              "type": "OpenApiConnection",
              "inputs": {
                "host": {
                  "apiId": "/providers/Microsoft.PowerApps/apis/shared_visualstudioteamservices",
                  "connectionName": "shared_visualstudioteamservices",
                  "operationId": "HttpRequest"
                },
                "parameters": {
                  "account": "ragamravi-teja",
                  "parameters/Method": "POST",
                  "parameters/Uri": "/_apis/wit/attachments?filename=@{items('Apply_to_each')?['name']}&api-version=5.1",
                  "parameters/Headers": {
                    "Content-Type": "application/octet-stream"
                  },
                  "parameters/Body": "@outputs('Append_to_array_variable')",
                  "parameters/IsBase64": true
                },
                "authentication": "@parameters('$authentication')"
              }
            },
            "Get_Attachment_(V2)": {
              "runAfter": {},
              "metadata": {
                "operationMetadataId": "3879bccd-268a-4ee2-91df-318a633395e5"
              },
              "type": "OpenApiConnection",
              "inputs": {
                "host": {
                  "apiId": "/providers/Microsoft.PowerApps/apis/shared_office365",
                  "connectionName": "shared_office365",
                  "operationId": "GetAttachment_V2"
                },
                "parameters": {
                  "messageId": "@triggerOutputs()?['body/id']",
                  "attachmentId": "@items('Apply_to_each')?['id']"
                },
                "authentication": "@parameters('$authentication')"
              }
            },
            "Append_to_array_variable": {
              "runAfter": {
                "Get_Attachment_(V2)": [
                  "Succeeded"
                ]
              },
              "metadata": {
                "operationMetadataId": "56fcb9a7-1563-4aa4-b9b6-b5c812553763"
              },
              "type": "AppendToArrayVariable",
              "inputs": {
                "name": "Attachments",
                "value": {
                  "ContentBytes": "@{base64(outputs('Get_Attachment_(V2)')?['body/contentBytes'])}"
                }
              }
            }
          },
          "runAfter": {
            "Create_a_work_item": [
              "Succeeded"
            ]
          },
          "metadata": {
            "operationMetadataId": "f9e48dfd-e9ee-4b2c-8556-8659c796f0ae"
          },
          "type": "Foreach"
        },
        "Attachments": {
          "runAfter": {},
          "metadata": {
            "operationMetadataId": "7bed5fdd-d538-4926-b090-04d1e5efdccd"
          },
          "type": "InitializeVariable",
          "inputs": {
            "variables": [
              {
                "name": "Attachments",
                "type": "array"
              }
            ]
          }
        }
      },
      "outputs": {}
    },
    "templateName": null
  },
  "schemaVersion": "1.0.0.0"
}