{
  "properties": {
    "connectionReferences": {
      "shared_onedriveforbusiness_1": {
        "runtimeSource": "invoker",
        "connection": {
          "connectionReferenceLogicalName": "farework_sharedonedriveforbusiness_8cd22"
        },
        "api": {
          "name": "shared_onedriveforbusiness"
        }
      },
      "shared_excelonlinebusiness": {
        "runtimeSource": "invoker",
        "connection": {
          "connectionReferenceLogicalName": "farework_sharedexcelonlinebusiness_948dd"
        },
        "api": {
          "name": "shared_excelonlinebusiness"
        }
      }
    },
    "definition": {
      "$schema": "https://schema.management.azure.com/providers/Microsoft.Logic/schemas/2016-06-01/workflowdefinition.json#",
      "contentVersion": "1.0.0.0",
      "parameters": {
        "$authentication": {
          "defaultValue": {},
          "type": "SecureObject"
        },
        "$connections": {
          "defaultValue": {},
          "type": "Object"
        }
      },
      "triggers": {
        "manual": {
          "metadata": {
            "operationMetadataId": "3f69a9e8-9b2f-4f23-b462-dd1033ff1632"
          },
          "type": "Request",
          "kind": "Button",
          "inputs": {
            "schema": {
              "type": "object",
              "properties": {},
              "required": []
            }
          }
        }
      },
      "actions": {
        "Get_file_content": {
          "runAfter": {},
          "metadata": {
            "b!GBbiBUOS202Mvt16kKu4fvomkfNOuXVKqO6Jvd2tWjhoSN6OwAu0QoEKkH-BVK8x.01DQRZCDLBXAE6IRQMF5A2X5MBSE77LIQW": "/Desktop/NLY_CHK_FASH_INVOICE_CH_20230905082641.csv",
            "operationMetadataId": "991a1f13-8cdf-4102-b17a-8a88802fe710"
          },
          "type": "OpenApiConnection",
          "inputs": {
            "parameters": {
              "id": "b!GBbiBUOS202Mvt16kKu4fvomkfNOuXVKqO6Jvd2tWjhoSN6OwAu0QoEKkH-BVK8x.01DQRZCDLBXAE6IRQMF5A2X5MBSE77LIQW",
              "inferContentType": true
            },
            "host": {
              "apiId": "/providers/Microsoft.PowerApps/apis/shared_onedriveforbusiness",
              "connectionName": "shared_onedriveforbusiness_1",
              "operationId": "GetFileContent"
            },
            "authentication": {
              "value": "@json(decodeBase64(triggerOutputs().headers['X-MS-APIM-Tokens']))['$ConnectionKey']",
              "type": "Raw"
            }
          }
        },
        "NewLine": {
          "runAfter": {
            "Get_file_content": [
              "Succeeded"
            ]
          },
          "metadata": {
            "operationMetadataId": "cb496a59-73f3-4e8e-ba0b-f1799f376beb"
          },
          "type": "Compose",
          "inputs": "\n"
        },
        "SplitByLine": {
          "runAfter": {
            "NewLine": [
              "Succeeded"
            ]
          },
          "metadata": {
            "operationMetadataId": "7cddf335-cd91-4193-9cd9-8676d20028ac"
          },
          "type": "Compose",
          "inputs": "@split(outputs('Get_file_content')?['body'], 'Header')"
        },
        "Remove_First_Line": {
          "runAfter": {
            "SplitByLine": [
              "Succeeded"
            ]
          },
          "metadata": {
            "operationMetadataId": "914347f8-7311-41f3-86fe-a522632a66c3"
          },
          "type": "Compose",
          "inputs": "@skip(outputs('SplitByLine'),1)"
        },
        "Apply_to_each_3": {
          "foreach": "@outputs('Remove_First_Line')",
          "actions": {
            "HeaderItems": {
              "metadata": {
                "operationMetadataId": "b70d7c09-42ea-4b8e-a7f6-4235468923f1"
              },
              "type": "Compose",
              "inputs": "@items('Apply_to_each_3')"
            },
            "spl": {
              "runAfter": {
                "HeaderItems": [
                  "Succeeded"
                ]
              },
              "metadata": {
                "operationMetadataId": "e4779a24-2639-43d8-80d3-9c1b1f9e1c60"
              },
              "type": "Compose",
              "inputs": "@split(outputs('HeaderItems'), outputs('NewLine'))"
            },
            "Header": {
              "runAfter": {
                "spl": [
                  "Succeeded"
                ]
              },
              "metadata": {
                "operationMetadataId": "6568990a-cde3-40e5-8103-1d32309a59ab"
              },
              "type": "Compose",
              "inputs": "@outputs('spl')?[0]"
            },
            "Items": {
              "runAfter": {
                "Header": [
                  "Succeeded"
                ]
              },
              "metadata": {
                "operationMetadataId": "6fde636c-631d-491c-a209-bb2078f91923"
              },
              "type": "Compose",
              "inputs": "@skip(outputs('spl'),1)"
            },
            "Splitbycomma": {
              "runAfter": {
                "Items": [
                  "Succeeded"
                ]
              },
              "metadata": {
                "operationMetadataId": "2db6bf4d-996b-473e-ba80-0df542a096c5"
              },
              "type": "Compose",
              "inputs": "@split(outputs('Header'),';')"
            },
            "Json_for_Header": {
              "runAfter": {
                "Splitbycomma": [
                  "Succeeded"
                ]
              },
              "metadata": {
                "operationMetadataId": "e4bb2a64-4cda-4942-839e-9fd31cb1ee9f"
              },
              "type": "Compose",
              "inputs": {
                "Header": "Header",
                "Invoice ID": "@{outputs('Splitbycomma')?[1]}",
                "Invoice Type": "@{outputs('Splitbycomma')?[2]}",
                "Invoice Date": "@{outputs('Splitbycomma')?[3]}",
                "ORLI Client Code": "@{outputs('Splitbycomma')?[4]}",
                "Invoice Client Code ": "@{outputs('Splitbycomma')?[5]}",
                "Delivery Client Code": "@{outputs('Splitbycomma')?[6]}",
                "Delivery Name": "@{outputs('Splitbycomma')?[7]}",
                "Delivery Address Line1": "@{outputs('Splitbycomma')?[8]}",
                "Delivery Address Line2": "@{outputs('Splitbycomma')?[9]}",
                "Delivery Address ZIP Code Town": "@{outputs('Splitbycomma')?[10]}",
                "Delivery Address Country": "@{outputs('Splitbycomma')?[11]}",
                "Currency Code ": "@{outputs('Splitbycomma')?[12]}",
                "Cash Disc Percent": "@{outputs('Splitbycomma')?[13]}",
                "Filter1": "@{outputs('Splitbycomma')?[14]}",
                "Filter2": "@{outputs('Splitbycomma')?[15]}",
                "Filter3": "@{outputs('Splitbycomma')?[16]}",
                "Filter4": "@{outputs('Splitbycomma')?[17]}",
                "Filter5": "@{outputs('Splitbycomma')?[18]}"
              }
            },
            "Parse_JSON_for_Header": {
              "runAfter": {
                "Json_for_Header": [
                  "Succeeded"
                ]
              },
              "metadata": {
                "operationMetadataId": "ff59974f-6d07-4dcb-9b65-d3349b2efe6f"
              },
              "type": "ParseJson",
              "inputs": {
                "content": "@outputs('Json_for_Header')",
                "schema": {
                  "type": "object",
                  "properties": {
                    "Header": {
                      "type": "string"
                    },
                    "Invoice ID": {
                      "type": "string"
                    },
                    "Invoice Type": {
                      "type": "string"
                    },
                    "Invoice Date": {
                      "type": "string"
                    },
                    "ORLI Client Code": {
                      "type": "string"
                    },
                    "Invoice Client Code ": {
                      "type": "string"
                    },
                    "Delivery Client Code": {
                      "type": "string"
                    },
                    "Delivery Name": {
                      "type": "string"
                    },
                    "Delivery Address Line1": {
                      "type": "string"
                    },
                    "Delivery Address Line2": {
                      "type": "string"
                    },
                    "Delivery Address ZIP Code Town": {
                      "type": "string"
                    },
                    "Delivery Address Country": {
                      "type": "string"
                    },
                    "Currency Code ": {
                      "type": "string"
                    },
                    "Cash Disc Percent": {
                      "type": "string"
                    },
                    "Filter1": {
                      "type": "string"
                    },
                    "Filter2": {
                      "type": "string"
                    },
                    "Filter3": {
                      "type": "string"
                    },
                    "Filter4": {
                      "type": "string"
                    },
                    "Filter5": {
                      "type": "string"
                    }
                  }
                }
              }
            },
            "Apply_to_each_2": {
              "foreach": "@outputs('Items')",
              "actions": {
                "Add_a_row_into_a_table": {
                  "metadata": {
                    "01DQRZCDKYTPFLQAP3SBH3JK6AVPQRSXP2": "/Invoice_Testing.xlsx",
                    "operationMetadataId": "36137661-b82d-4ef6-9102-97293e58ce4c",
                    "tableId": "{452B965A-FE37-4904-B607-150A4D6C0403}"
                  },
                  "type": "OpenApiConnection",
                  "inputs": {
                    "parameters": {
                      "source": "me",
                      "drive": "b!GBbiBUOS202Mvt16kKu4fvomkfNOuXVKqO6Jvd2tWjhoSN6OwAu0QoEKkH-BVK8x",
                      "file": "01DQRZCDKYTPFLQAP3SBH3JK6AVPQRSXP2",
                      "table": "{452B965A-FE37-4904-B607-150A4D6C0403}",
                      "item/Header": "@body('Parse_JSON_for_Header')?['Header']",
                      "item/Invoice ID ": "@body('Parse_JSON_for_Header')?['Invoice ID']",
                      "item/Invoice Type": "@body('Parse_JSON_for_Header')?['Invoice Type']",
                      "item/Invoice Date": "@body('Parse_JSON_for_Header')?['Invoice Date']",
                      "item/ORLI Client Code": "@body('Parse_JSON_for_Header')?['ORLI Client Code']",
                      "item/Invoice Client Code": "@body('Parse_JSON_for_Header')?['Invoice Client Code ']",
                      "item/Delivery Client Code": "@body('Parse_JSON_for_Header')?['Delivery Client Code']",
                      "item/Delivery Name": "@body('Parse_JSON_for_Header')?['Delivery Name']",
                      "item/Delivery Address Line1": "@body('Parse_JSON_for_Header')?['Delivery Address Line1']",
                      "item/Delivery Addess Line2": "@body('Parse_JSON_for_Header')?['Delivery Address Line2']",
                      "item/Delivery Address Country": "@body('Parse_JSON_for_Header')?['Delivery Address Country']",
                      "item/Currency Code": "@body('Parse_JSON_for_Header')?['Currency Code ']",
                      "item/Cash Disc Percent": "@body('Parse_JSON_for_Header')?['Cash Disc Percent']",
                      "item/Filter1": "@body('Parse_JSON_for_Header')?['Filter1']",
                      "item/Filter2": "@body('Parse_JSON_for_Header')?['Filter2']",
                      "item/Filter3": "@body('Parse_JSON_for_Header')?['Filter3']",
                      "item/Filter4": "@body('Parse_JSON_for_Header')?['Filter4']",
                      "item/Filter5": "@body('Parse_JSON_for_Header')?['Filter5']",
                      "item/Item": "@body('Parse_JSON_for_Items')?['Item']",
                      "item/PackingSlip ID": "@body('Parse_JSON_for_Items')?['PackingSlip ID']",
                      "item/Vendor Ref": "@body('Parse_JSON_for_Items')?['Vendor Ref']",
                      "item/Purch ID": "@body('Parse_JSON_for_Items')?['Purch ID']",
                      "item/Line Numebr": "@body('Parse_JSON_for_Items')?['Line Number']",
                      "item/ItemID": "@body('Parse_JSON_for_Items')?['Item ID']",
                      "item/Barcode": "@body('Parse_JSON_for_Items')?['Barcode']",
                      "item/Item Season": "@body('Parse_JSON_for_Items')?['Item Season']",
                      "item/InvoiceQty": "@body('Parse_JSON_for_Items')?['Invoice Qty']",
                      "item/InvoiceUnit": "@body('Parse_JSON_for_Items')?['Invoice Unit']",
                      "item/InvoicePrice": "@body('Parse_JSON_for_Items')?['Invoice Price']",
                      "item/PriceUnit": "@body('Parse_JSON_for_Items')?['Price Unit']",
                      "item/CurrencyCode": "@body('Parse_JSON_for_Items')?['Currency Code']",
                      "item/Closed": "@body('Parse_JSON_for_Items')?['Closed']",
                      "item/LineDisc": "@body('Parse_JSON_for_Items')?['LineDisc']",
                      "item/LinePercent": "@body('Parse_JSON_for_Items')?['LinePercent']",
                      "item/Invoice Markup": "@body('Parse_JSON_for_Items')?['Invoice Markup']",
                      "item/Confirmed Tax Amount": "@body('Parse_JSON_for_Items')?['Confirmed Tax Amount']",
                      "item/Line Amount": "@body('Parse_JSON_for_Items')?['Line Amount']",
                      "item/Filter12": "@body('Parse_JSON_for_Items')?['Fiter1']",
                      "item/Filter22": "@body('Parse_JSON_for_Items')?['Filter2']"
                    },
                    "host": {
                      "apiId": "/providers/Microsoft.PowerApps/apis/shared_excelonlinebusiness",
                      "connectionName": "shared_excelonlinebusiness",
                      "operationId": "AddRowV2"
                    },
                    "authentication": {
                      "value": "@json(decodeBase64(triggerOutputs().headers['X-MS-APIM-Tokens']))['$ConnectionKey']",
                      "type": "Raw"
                    }
                  }
                }
              },
              "runAfter": {
                "Parse_JSON_for_Items": [
                  "Succeeded"
                ]
              },
              "metadata": {
                "operationMetadataId": "422a5d14-f0b9-420d-9b86-67711f0b4e41"
              },
              "type": "Foreach"
            },
            "Split_for_Items": {
              "runAfter": {
                "Parse_JSON_for_Header": [
                  "Succeeded"
                ]
              },
              "metadata": {
                "operationMetadataId": "98a1eaf0-005e-4157-9e18-0c05945443a9"
              },
              "type": "Compose",
              "inputs": "@split(item(),';')"
            },
            "Json_for_Items": {
              "runAfter": {
                "Split_for_Items": [
                  "Succeeded"
                ]
              },
              "metadata": {
                "operationMetadataId": "49f07dbe-059a-44b9-ad89-aad197fbed32"
              },
              "type": "Compose",
              "inputs": {
                "Item": "@{outputs('Split_for_Items')?[0]}",
                "PackingSlip ID": "@{outputs('Split_for_Items')?[1]}",
                "Vendor Ref": "@{outputs('Split_for_Items')?[2]}",
                "Purch ID": "@{outputs('Split_for_Items')?[3]}",
                "CNL- Customer Ref": "@{outputs('Split_for_Items')?[4]}",
                "Line Number": "@{outputs('Split_for_Items')?[5]}",
                "Item ID": "@{outputs('Split_for_Items')?[6]}",
                "Barcode": "@{outputs('Split_for_Items')?[7]}",
                "Item Season": "@{outputs('Split_for_Items')?[8]}",
                "Invoice Qty": "@{outputs('Split_for_Items')?[9]}",
                "Invoice Unit": "@{outputs('Split_for_Items')?[10]}",
                "Invoice Price": "@{outputs('Split_for_Items')?[11]}",
                "Price Unit": "@{outputs('Split_for_Items')?[12]}",
                "Currency Code": "@{outputs('Split_for_Items')?[13]}",
                "Closed": "@{outputs('Split_for_Items')?[14]}",
                "LineDisc": "@{outputs('Split_for_Items')?[15]}",
                "LinePercent": "@{outputs('Split_for_Items')?[16]}",
                "Invoice Markup": "@{outputs('Split_for_Items')?[17]}",
                "Confirmed Tax Amount": "@{outputs('Split_for_Items')?[18]}",
                "Line Amount": "@{outputs('Split_for_Items')?[19]}",
                "Fiter1": "@{outputs('Split_for_Items')?[20]}",
                "Filter2": "@{outputs('Split_for_Items')?[21]}"
              }
            },
            "Parse_JSON_for_Items": {
              "runAfter": {
                "Set_variable": [
                  "Succeeded"
                ]
              },
              "metadata": {
                "operationMetadataId": "7709e94b-e4d6-4191-b41e-2cf10831d5ef"
              },
              "type": "ParseJson",
              "inputs": {
                "content": "@variables('TT')",
                "schema": {
                  "type": "object",
                  "properties": {
                    "Item": {
                      "type": "string"
                    },
                    "PackingSlip ID": {
                      "type": "string"
                    },
                    "Vendor Ref": {
                      "type": "string"
                    },
                    "Purch ID": {
                      "type": "string"
                    },
                    "CNL- Customer Ref": {
                      "type": "string"
                    },
                    "Line Number": {
                      "type": "string"
                    },
                    "Item ID": {
                      "type": "string"
                    },
                    "Barcode": {
                      "type": "string"
                    },
                    "Item Season": {
                      "type": "string"
                    },
                    "Invoice Qty": {
                      "type": "string"
                    },
                    "Invoice Unit": {
                      "type": "string"
                    },
                    "Invoice Price": {
                      "type": "string"
                    },
                    "Price Unit": {
                      "type": "string"
                    },
                    "Currency Code": {
                      "type": "string"
                    },
                    "Closed": {
                      "type": "string"
                    },
                    "LineDisc": {
                      "type": "string"
                    },
                    "LinePercent": {
                      "type": "string"
                    },
                    "Invoice Markup": {
                      "type": "string"
                    },
                    "Confirmed Tax Amount": {
                      "type": "string"
                    },
                    "Line Amount": {
                      "type": "string"
                    },
                    "Fiter1": {
                      "type": "string"
                    },
                    "Filter2": {
                      "type": "string"
                    }
                  }
                }
              }
            },
            "Set_variable": {
              "runAfter": {
                "Json_for_Items": [
                  "Succeeded"
                ]
              },
              "type": "SetVariable",
              "inputs": {
                "name": "TT",
                "value": "@outputs('Json_for_Items')"
              }
            }
          },
          "runAfter": {
            "Initialize_variable": [
              "Succeeded"
            ]
          },
          "metadata": {
            "operationMetadataId": "fcafaf8f-4774-45d5-ad38-ed28e686fc29"
          },
          "type": "Foreach"
        },
        "Initialize_variable": {
          "runAfter": {
            "Remove_First_Line": [
              "Succeeded"
            ]
          },
          "type": "InitializeVariable",
          "inputs": {
            "variables": [
              {
                "name": "TT",
                "type": "object"
              }
            ]
          }
        }
      },
      "outputs": {}
    },
    "templateName": "78720f54e49444d0bd456477288a7ef7"
  },
  "schemaVersion": "1.0.0.0"
}