{
  "properties": {
    "connectionReferences": {
      "shared_powerbi": {
        "runtimeSource": "invoker",
        "connection": {
          "connectionReferenceLogicalName": "farework_sharedpowerbi_135b3"
        },
        "api": {
          "name": "shared_powerbi"
        }
      }
    },
    "definition": {
      "$schema": "https://schema.management.azure.com/providers/Microsoft.Logic/schemas/2016-06-01/workflowdefinition.json#",
      "contentVersion": "1.0.0.0",
      "parameters": {
        "$connections": {
          "defaultValue": {},
          "type": "Object"
        },
        "$authentication": {
          "defaultValue": {},
          "type": "SecureObject"
        }
      },
      "triggers": {
        "manual": {
          "metadata": {
            "operationMetadataId": "a6e180f7-3408-4d7c-9778-aef1e5e55dfa"
          },
          "type": "Request",
          "kind": "Button",
          "inputs": {
            "schema": {
              "type": "object",
              "properties": {},
              "required": []
            }
          }
        }
      },
      "actions": {
        "Run_a_query_against_a_dataset": {
          "runAfter": {},
          "metadata": {
            "operationMetadataId": "8ad17d0c-afc5-4d73-9a7b-e6c9698d7ab5"
          },
          "type": "OpenApiConnection",
          "inputs": {
            "host": {
              "apiId": "/providers/Microsoft.PowerApps/apis/shared_powerbi",
              "connectionName": "shared_powerbi",
              "operationId": "ExecuteDatasetQuery"
            },
            "parameters": {
              "groupid": "a7d671aa-2065-4f4c-9c0b-0507e2bad337",
              "datasetid": "c13fed3b-970d-46f5-9315-6966afaa4950",
              "specification/query": "EVALUATE 'CNL_BR_WH03_CA_OUTDetails_1972024081803'",
              "specification/serializerSettings/includeNulls": false
            },
            "authentication": {
              "value": "@json(decodeBase64(triggerOutputs().headers['X-MS-APIM-Tokens']))['$ConnectionKey']",
              "type": "Raw"
            }
          }
        },
        "HTTP": {
          "runAfter": {
            "Apply_to_each": [
              "Succeeded"
            ]
          },
          "metadata": {
            "operationMetadataId": "0e70dbec-ebf7-47b7-9c31-f851e65b2979"
          },
          "type": "Http",
          "inputs": {
            "method": "GET",
            "uri": "https://api.powerbi.com/v1.0/myorg/groups/a7d671aa-2065-4f4c-9c0b-0507e2bad337/datasets/c13fed3b-970d-46f5-9315-6966afaa4950/tables/Fact_Table/rows"
          }
        },
        "Run_a_json_query_against_a_dataset": {
          "runAfter": {
            "Apply_to_each_2": [
              "Succeeded"
            ]
          },
          "metadata": {
            "operationMetadataId": "a5022a2e-aa29-4bb3-b0ca-e493fa1a910f"
          },
          "type": "OpenApiConnection",
          "inputs": {
            "host": {
              "apiId": "/providers/Microsoft.PowerApps/apis/shared_powerbi",
              "connectionName": "shared_powerbi",
              "operationId": "ExecuteDatasetQueriesJson"
            },
            "parameters": {
              "groupid": "a7d671aa-2065-4f4c-9c0b-0507e2bad337",
              "datasetid": "c13fed3b-970d-46f5-9315-6966afaa4950",
              "Specification": {
                "query": "EVALUATE CNL_BR_WH03_CA_OUTDetails_1972024081803"
              }
            },
            "authentication": {
              "value": "@json(decodeBase64(triggerOutputs().headers['X-MS-APIM-Tokens']))['$ConnectionKey']",
              "type": "Raw"
            }
          }
        },
        "Parse_JSON": {
          "runAfter": {
            "Run_a_json_query_against_a_dataset": [
              "Succeeded"
            ]
          },
          "metadata": {
            "operationMetadataId": "d86baf0c-b097-4e83-98d7-f0a5c80990fd"
          },
          "type": "ParseJson",
          "inputs": {
            "content": "@body('Run_a_json_query_against_a_dataset')",
            "schema": {
              "type": "object",
              "properties": {
                "tables": {
                  "type": "array",
                  "items": {
                    "type": "object",
                    "properties": {
                      "rows": {
                        "type": "array",
                        "items": {
                          "type": "object",
                          "properties": {
                            "CNL_BR_WH03_CA_OUTDetails_1972024081803[Flow ID]": {
                              "type": "string"
                            },
                            "CNL_BR_WH03_CA_OUTDetails_1972024081803[Reference Message]": {
                              "type": "string"
                            },
                            "CNL_BR_WH03_CA_OUTDetails_1972024081803[Total records]": {
                              "type": "integer"
                            },
                            "CNL_BR_WH03_CA_OUTDetails_1972024081803[Ready records]": {
                              "type": "integer"
                            },
                            "CNL_BR_WH03_CA_OUTDetails_1972024081803[No. of errors]": {
                              "type": "integer"
                            },
                            "CNL_BR_WH03_CA_OUTDetails_1972024081803[Created by]": {
                              "type": "string"
                            },
                            "CNL_BR_WH03_CA_OUTDetails_1972024081803[Message type]": {
                              "type": "string"
                            },
                            "CNL_BR_WH03_CA_OUTDetails_1972024081803[Level]": {
                              "type": "string"
                            },
                            "CNL_BR_WH03_CA_OUTDetails_1972024081803[Message]": {
                              "type": "string"
                            },
                            "CNL_BR_WH03_CA_OUTDetails_1972024081803[Created date]": {
                              "type": "string"
                            },
                            "CNL_BR_WH03_CA_OUTDetails_1972024081803[Created time]": {
                              "type": "string"
                            }
                          },
                          "required": [
                            "CNL_BR_WH03_CA_OUTDetails_1972024081803[Flow ID]",
                            "CNL_BR_WH03_CA_OUTDetails_1972024081803[Reference Message]",
                            "CNL_BR_WH03_CA_OUTDetails_1972024081803[Total records]",
                            "CNL_BR_WH03_CA_OUTDetails_1972024081803[Ready records]",
                            "CNL_BR_WH03_CA_OUTDetails_1972024081803[No. of errors]",
                            "CNL_BR_WH03_CA_OUTDetails_1972024081803[Created by]",
                            "CNL_BR_WH03_CA_OUTDetails_1972024081803[Message type]",
                            "CNL_BR_WH03_CA_OUTDetails_1972024081803[Level]",
                            "CNL_BR_WH03_CA_OUTDetails_1972024081803[Message]",
                            "CNL_BR_WH03_CA_OUTDetails_1972024081803[Created date]",
                            "CNL_BR_WH03_CA_OUTDetails_1972024081803[Created time]"
                          ]
                        }
                      }
                    },
                    "required": [
                      "rows"
                    ]
                  }
                }
              }
            }
          }
        },
        "Apply_to_each": {
          "foreach": "@body('Parse_JSON')?['tables']",
          "actions": {
            "Compose": {
              "runAfter": {},
              "metadata": {
                "operationMetadataId": "580d9c5a-0ef3-407f-bcf3-6cae62a2017e"
              },
              "type": "Compose",
              "inputs": "@items('Apply_to_each')?['rows']"
            }
          },
          "runAfter": {
            "Parse_JSON": [
              "Succeeded"
            ]
          },
          "metadata": {
            "operationMetadataId": "7d785e99-0fbc-4779-ae86-14207838c76c"
          },
          "type": "Foreach"
        },
        "Apply_to_each_2": {
          "foreach": "@outputs('Run_a_query_against_a_dataset')?['body/firstTableRows']",
          "actions": {
            "Compose_2": {
              "runAfter": {},
              "metadata": {
                "operationMetadataId": "6db159f5-7f86-4b9e-8bd7-da90dd884250"
              },
              "type": "Compose",
              "inputs": "@items('Apply_to_each_2')"
            }
          },
          "runAfter": {
            "Run_a_query_against_a_dataset": [
              "Succeeded"
            ]
          },
          "metadata": {
            "operationMetadataId": "2496ed27-b82b-4479-b9e3-1520fe6d0aa8"
          },
          "type": "Foreach"
        }
      },
      "outputs": {}
    },
    "templateName": null
  },
  "schemaVersion": "1.0.0.0"
}