{
  "properties": {
    "connectionReferences": {
      "shared_teams": {
        "runtimeSource": "invoker",
        "connection": {
          "connectionReferenceLogicalName": "farework_sharedteams_d8892"
        },
        "api": {
          "name": "shared_teams"
        }
      },
      "shared_flowmanagement": {
        "runtimeSource": "invoker",
        "connection": {
          "connectionReferenceLogicalName": "farework_sharedflowmanagement_4909c"
        },
        "api": {
          "name": "shared_flowmanagement"
        }
      }
    },
    "definition": {
      "$schema": "https://schema.management.azure.com/providers/Microsoft.Logic/schemas/2016-06-01/workflowdefinition.json#",
      "contentVersion": "1.0.0.0",
      "parameters": {
        "$connections": {
          "defaultValue": {},
          "type": "Object"
        },
        "$authentication": {
          "defaultValue": {},
          "type": "SecureObject"
        }
      },
      "triggers": {
        "manual": {
          "metadata": {
            "operationMetadataId": "452d4343-363e-4505-87d3-19cbd2b5e92a"
          },
          "type": "Request",
          "kind": "Button",
          "inputs": {
            "schema": {
              "type": "object",
              "properties": {},
              "required": []
            }
          }
        }
      },
      "actions": {
        "Post_card_in_a_chat_or_channel": {
          "runAfter": {
            "Initialize_variable": [
              "Succeeded"
            ]
          },
          "metadata": {
            "operationMetadataId": "ced41dc7-4ba9-4168-8e8e-536b8879fb10"
          },
          "type": "OpenApiConnection",
          "inputs": {
            "host": {
              "apiId": "/providers/Microsoft.PowerApps/apis/shared_teams",
              "connectionName": "shared_teams",
              "operationId": "PostCardToConversation"
            },
            "parameters": {
              "poster": "Flow bot",
              "location": "Chat with Flow bot",
              "body/recipient": "ragam.ravi-teja@capgemini.com;",
              "body/messageBody": "{\n    \"$schema\": \"http://adaptivecards.io/schemas/adaptive-card.json\",\n    \"type\": \"AdaptiveCard\",\n    \"version\": \"1.3\",\n    \"body\": [\n        {\n            \"type\": \"Container\",\n            \"verticalContentAlignment\": \"Center\",\n            \"items\": [\n                {\n                    \"type\": \"TextBlock\",\n                    \"text\": \"Reminder: Update Data for Indus Dashboard\",\n                    \"size\": \"Large\",\n                    \"weight\": \"Bolder\",\n                    \"color\": \"Attention\",\n                    \"horizontalAlignment\": \"Center\"\n                }\n            ]\n        },\n        {\n            \"type\": \"TextBlock\",\n            \"text\": \"This is a reminder to update the data for the Indus Dashboard.\",\n            \"wrap\": true\n        },\n        {\n            \"type\": \"TextBlock\",\n            \"text\": \"Below are the SharePoint links where you need to update the data:\",\n            \"spacing\": \"Medium\",\n            \"wrap\": true\n        },\n        {\n            \"type\": \"ActionSet\",\n            \"actions\": [\n                {\n                    \"type\": \"Action.OpenUrl\",\n                    \"title\": \"1. SC Wise Problem Management Tracker\",\n                    \"url\": \"https://capgemini.sharepoint.com/sites/PhoenixGADMInitiatives/Shared%20Documents/Forms/AllItems.aspx?csf=1&web=1&e=CcFIOi&CID=e22bf5ce%2D76e5%2D4b2d%2Da8cd%2D4978dc3f480c&FolderCTID=0x012000326765BEDBC7244B8AE9F71FFBA308F1&id=%2Fsites%2FPhoenixGADMInitiatives%2FShared%20Documents%2FGeneral%2F2024%2FFMA%2FFMA%5FStatus%5FReports\"\n                }\n            ]\n        },\n        {\n            \"type\": \"ActionSet\",\n            \"actions\": [\n                {\n                    \"type\": \"Action.OpenUrl\",\n                    \"title\": \"2. Review Comments for Ticket Reduction\",\n                    \"url\": \"https://capgemini.sharepoint.com/sites/SolcenandCapgemini/Lists/Review%20Comments%20for%20Ticket%20Reduction/AllItems.aspx?OR=Teams%2DHL&CT=1718261041777\"\n                }\n            ]\n        },\n        {\n            \"type\": \"ActionSet\",\n            \"actions\": [\n                {\n                    \"type\": \"Action.OpenUrl\",\n                    \"title\": \"3. Certification Details\",\n                    \"url\": \"https://capgemini.sharepoint.com/:x:/r/sites/SolcenandCapgemini/_layouts/15/Doc.aspx?sourcedoc=%7B9BBA0F62-73FF-4267-9CCE-72A591C490A7%7D&file=Certification%20Details.xlsx&action=default&mobileredirect=true&wdsle=0\"\n                }\n            ]\n        },\n        {\n            \"type\": \"ActionSet\",\n            \"actions\": [\n                {\n                    \"type\": \"Action.OpenUrl\",\n                    \"title\": \"4. Trend Ticket Data\",\n                    \"url\": \"https://capgemini.sharepoint.com/sites/SolcenandCapgemini/Lists/Trend_TicketData/AllItems.aspx?ovuser=76a2ae5a%2D9f00%2D4f6b%2D95ed%2D5d33d77c4d61%2Cragam%2Eravi%2Dteja%40capgemini%2Ecom&OR=Teams%2DHL&CT=1719991139948&clickparams=eyJBcHBOYW1lIjoiVGVhbXMtRGVza3RvcCIsIkFwcFZlcnNpb24iOiI0OS8yNDA1MzEwMTQyMSIsIkhhc0ZlZGVyYXRlZFVzZXIiOmZhbHNlfQ%3D%3D\"\n                }\n            ]\n        }\n    ],\n    \"actions\": [\n        {\n            \"type\": \"Action.OpenUrl\",\n            \"title\": \"5. Dashboard Automation Tracker\",\n            \"url\": \"https://capgemini.sharepoint.com/sites/SolcenandCapgemini/Lists/Dashboard_Automation_Tracker/AllItems.aspx?ovuser=76a2ae5a%2D9f00%2D4f6b%2D95ed%2D5d33d77c4d61%2Cragam%2Eravi%2Dteja%40capgemini%2Ecom&OR=Teams%2DHL&CT=1719991198369&clickparams=eyJBcHBOYW1lIjoiVGVhbXMtRGVza3RvcCIsIkFwcFZlcnNpb24iOiI0OS8yNDA1MzEwMTQyMSIsIkhhc0ZlZGVyYXRlZFVzZXIiOmZhbHNlfQ%3D%3D\"\n        }\n    ]\n}"
            },
            "authentication": {
              "value": "@json(decodeBase64(triggerOutputs().headers['X-MS-APIM-Tokens']))['$ConnectionKey']",
              "type": "Raw"
            }
          }
        },
        "Group": {
          "runAfter": {
            "Post_card_in_a_chat_or_channel": [
              "Succeeded"
            ]
          },
          "metadata": {
            "operationMetadataId": "ced41dc7-4ba9-4168-8e8e-536b8879fb10"
          },
          "type": "OpenApiConnection",
          "inputs": {
            "host": {
              "apiId": "/providers/Microsoft.PowerApps/apis/shared_teams",
              "connectionName": "shared_teams",
              "operationId": "PostCardToConversation"
            },
            "parameters": {
              "poster": "User",
              "location": "Channel",
              "body/recipient/groupId": "95da3e7b-49ac-4608-9862-696f0660289f",
              "body/recipient/channelId": "19:Ssxmc5f7kP_Xa9Y72FLdmICumPqO49C__fQz0-U1zvg1@thread.tacv2",
              "body/messageBody": "{\n    \"$schema\": \"http://adaptivecards.io/schemas/adaptive-card.json\",\n    \"type\": \"AdaptiveCard\",\n    \"version\": \"1.3\",\n    \"body\": [\n        {\n            \"type\": \"Container\",\n            \"verticalContentAlignment\": \"Center\",\n            \"items\": [\n                {\n                    \"type\": \"TextBlock\",\n                    \"text\": \"Reminder: Update Data for Indus Dashboard\",\n                    \"size\": \"Large\",\n                    \"weight\": \"Bolder\",\n                    \"color\": \"Attention\",\n                    \"horizontalAlignment\": \"Center\"\n                }\n            ]\n        },\n        {\n            \"type\": \"TextBlock\",\n            \"text\": \"This is a reminder to update the data for the Indus Dashboard.\",\n            \"wrap\": true\n        },\n        {\n            \"type\": \"TextBlock\",\n            \"text\": \"Below are the SharePoint links where you need to update the data:\",\n            \"spacing\": \"Medium\",\n            \"wrap\": true\n        },\n        {\n            \"type\": \"ActionSet\",\n            \"actions\": [\n                {\n                    \"type\": \"Action.OpenUrl\",\n                    \"title\": \"1. SC Wise Problem Management Tracker\",\n                    \"url\": \"https://capgemini.sharepoint.com/sites/PhoenixGADMInitiatives/Shared%20Documents/Forms/AllItems.aspx?csf=1&web=1&e=CcFIOi&CID=e22bf5ce%2D76e5%2D4b2d%2Da8cd%2D4978dc3f480c&FolderCTID=0x012000326765BEDBC7244B8AE9F71FFBA308F1&id=%2Fsites%2FPhoenixGADMInitiatives%2FShared%20Documents%2FGeneral%2F2024%2FFMA%2FFMA%5FStatus%5FReports\"\n                }\n            ]\n        },\n        {\n            \"type\": \"ActionSet\",\n            \"actions\": [\n                {\n                    \"type\": \"Action.OpenUrl\",\n                    \"title\": \"2. Review Comments for Ticket Reduction\",\n                    \"url\": \"https://capgemini.sharepoint.com/sites/SolcenandCapgemini/Lists/Review%20Comments%20for%20Ticket%20Reduction/AllItems.aspx?OR=Teams%2DHL&CT=1718261041777\"\n                }\n            ]\n        },\n        {\n            \"type\": \"ActionSet\",\n            \"actions\": [\n                {\n                    \"type\": \"Action.OpenUrl\",\n                    \"title\": \"3. Certification Details\",\n                    \"url\": \"https://capgemini.sharepoint.com/:x:/r/sites/SolcenandCapgemini/_layouts/15/Doc.aspx?sourcedoc=%7B9BBA0F62-73FF-4267-9CCE-72A591C490A7%7D&file=Certification%20Details.xlsx&action=default&mobileredirect=true&wdsle=0\"\n                }\n            ]\n        },\n        {\n            \"type\": \"ActionSet\",\n            \"actions\": [\n                {\n                    \"type\": \"Action.OpenUrl\",\n                    \"title\": \"4. Trend Ticket Data\",\n                    \"url\": \"https://capgemini.sharepoint.com/sites/SolcenandCapgemini/Lists/Trend_TicketData/AllItems.aspx?ovuser=76a2ae5a%2D9f00%2D4f6b%2D95ed%2D5d33d77c4d61%2Cragam%2Eravi%2Dteja%40capgemini%2Ecom&OR=Teams%2DHL&CT=1719991139948&clickparams=eyJBcHBOYW1lIjoiVGVhbXMtRGVza3RvcCIsIkFwcFZlcnNpb24iOiI0OS8yNDA1MzEwMTQyMSIsIkhhc0ZlZGVyYXRlZFVzZXIiOmZhbHNlfQ%3D%3D\"\n                }\n            ]\n        }\n    ],\n    \"actions\": [\n        {\n            \"type\": \"Action.OpenUrl\",\n            \"title\": \"5. Dashboard Automation Tracker\",\n            \"url\": \"https://capgemini.sharepoint.com/sites/SolcenandCapgemini/Lists/Dashboard_Automation_Tracker/AllItems.aspx?ovuser=76a2ae5a%2D9f00%2D4f6b%2D95ed%2D5d33d77c4d61%2Cragam%2Eravi%2Dteja%40capgemini%2Ecom&OR=Teams%2DHL&CT=1719991198369&clickparams=eyJBcHBOYW1lIjoiVGVhbXMtRGVza3RvcCIsIkFwcFZlcnNpb24iOiI0OS8yNDA1MzEwMTQyMSIsIkhhc0ZlZGVyYXRlZFVzZXIiOmZhbHNlfQ%3D%3D\"\n        }\n    ]\n}",
              "body/subject": "This is Auto Generated Message"
            },
            "authentication": {
              "value": "@json(decodeBase64(triggerOutputs().headers['X-MS-APIM-Tokens']))['$ConnectionKey']",
              "type": "Raw"
            }
          }
        },
        "List_My_Flows": {
          "runAfter": {},
          "metadata": {
            "operationMetadataId": "4e823806-d699-4ea1-9ab8-3255519b8ff9"
          },
          "type": "OpenApiConnection",
          "inputs": {
            "host": {
              "apiId": "/providers/Microsoft.PowerApps/apis/shared_flowmanagement",
              "connectionName": "shared_flowmanagement",
              "operationId": "ListMyFlows"
            },
            "parameters": {
              "environmentName": "Default-76a2ae5a-9f00-4f6b-95ed-5d33d77c4d61"
            },
            "authentication": {
              "value": "@json(decodeBase64(triggerOutputs().headers['X-MS-APIM-Tokens']))['$ConnectionKey']",
              "type": "Raw"
            }
          }
        },
        "Initialize_variable": {
          "runAfter": {
            "Filter_array_2": [
              "Succeeded"
            ]
          },
          "metadata": {
            "operationMetadataId": "5945f17e-920f-4447-b13f-04e38133eb79"
          },
          "type": "InitializeVariable",
          "inputs": {
            "variables": [
              {
                "name": "FlowSolutions",
                "type": "array"
              }
            ]
          }
        },
        "Filter_array": {
          "runAfter": {
            "List_My_Flows": [
              "Succeeded"
            ]
          },
          "metadata": {
            "operationMetadataId": "25d0ae73-1b74-4e4b-bba7-76df546227c8"
          },
          "type": "Query",
          "inputs": {
            "from": "@outputs('List_My_Flows')?['body/value']",
            "where": "@equals(item()?['properties']?['flowFailureAlertSubscribed'], false)"
          }
        },
        "Filter_array_2": {
          "runAfter": {
            "Filter_array": [
              "Succeeded"
            ]
          },
          "metadata": {
            "operationMetadataId": "25d0ae73-1b74-4e4b-bba7-76df546227c8"
          },
          "type": "Query",
          "inputs": {
            "from": "@outputs('List_My_Flows')?['body/value']",
            "where": "@not(equals(item()?['properties']?['workflowUniqueId'], null))"
          }
        }
      }
    },
    "templateName": null
  },
  "schemaVersion": "1.0.0.0"
}