{
  "properties": {
    "connectionReferences": {
      "shared_sharepointonline": {
        "runtimeSource": "invoker",
        "connection": {
          "connectionReferenceLogicalName": "farework_sharedsharepointonline_7c4c7"
        },
        "api": {
          "name": "shared_sharepointonline"
        }
      },
      "shared_excelonlinebusiness": {
        "runtimeSource": "invoker",
        "connection": {
          "connectionReferenceLogicalName": "farework_sharedexcelonlinebusiness_948dd"
        },
        "api": {
          "name": "shared_excelonlinebusiness"
        }
      },
      "shared_office365": {
        "runtimeSource": "invoker",
        "connection": {
          "connectionReferenceLogicalName": "farework_sharedoffice365_b9ccd"
        },
        "api": {
          "name": "shared_office365"
        }
      },
      "shared_onedriveforbusiness": {
        "runtimeSource": "invoker",
        "connection": {
          "connectionReferenceLogicalName": "farework_sharedonedriveforbusiness_8cd22"
        },
        "api": {
          "name": "shared_onedriveforbusiness"
        }
      }
    },
    "definition": {
      "$schema": "https://schema.management.azure.com/providers/Microsoft.Logic/schemas/2016-06-01/workflowdefinition.json#",
      "contentVersion": "1.0.0.0",
      "parameters": {
        "$connections": {
          "defaultValue": {},
          "type": "Object"
        },
        "$authentication": {
          "defaultValue": {},
          "type": "SecureObject"
        }
      },
      "triggers": {
        "manual": {
          "metadata": {
            "operationMetadataId": "0b07e2c7-f2ff-493d-9b28-48bd5912d193"
          },
          "type": "Request",
          "kind": "PowerAppV2",
          "inputs": {
            "schema": {
              "type": "object",
              "properties": {
                "text": {
                  "title": "InvoiceID",
                  "type": "string",
                  "x-ms-dynamically-added": true,
                  "description": "Please enter your input",
                  "x-ms-content-hint": "TEXT"
                }
              },
              "required": [
                "text"
              ]
            }
          }
        }
      },
      "actions": {
        "InvoiceID": {
          "runAfter": {},
          "metadata": {
            "operationMetadataId": "112de44a-1448-46d1-ad89-609b863e4273"
          },
          "type": "Compose",
          "inputs": "@triggerBody()['text']"
        },
        "For_Header": {
          "runAfter": {
            "InvoiceID": [
              "Succeeded"
            ]
          },
          "metadata": {
            "operationMetadataId": "f3970b84-5c9e-4993-81dd-00cc46bdbdd2"
          },
          "type": "OpenApiConnection",
          "inputs": {
            "host": {
              "apiId": "/providers/Microsoft.PowerApps/apis/shared_sharepointonline",
              "connectionName": "shared_sharepointonline",
              "operationId": "GetItems"
            },
            "parameters": {
              "dataset": "https://capgemini.sharepoint.com/sites/AutomationTeam613",
              "table": "fc5dd5c3-91e5-47d4-81c2-1d6d41c8ea2c",
              "$filter": "Title eq '@{outputs('InvoiceID')}'"
            },
            "authentication": {
              "value": "@json(decodeBase64(triggerOutputs().headers['X-MS-APIM-Tokens']))['$ConnectionKey']",
              "type": "Raw"
            }
          }
        },
        "For_Items": {
          "runAfter": {
            "For_Header": [
              "Succeeded"
            ]
          },
          "metadata": {
            "operationMetadataId": "de571719-2c3d-415f-aaeb-79585e694748"
          },
          "type": "OpenApiConnection",
          "inputs": {
            "host": {
              "apiId": "/providers/Microsoft.PowerApps/apis/shared_sharepointonline",
              "connectionName": "shared_sharepointonline",
              "operationId": "GetItems"
            },
            "parameters": {
              "dataset": "https://capgemini.sharepoint.com/sites/AutomationTeam613",
              "table": "228e5b39-207f-4587-b721-5e1ee67fca0c",
              "$filter": "InvoiceID eq '@{outputs('InvoiceID')}'"
            },
            "authentication": {
              "value": "@json(decodeBase64(triggerOutputs().headers['X-MS-APIM-Tokens']))['$ConnectionKey']",
              "type": "Raw"
            }
          }
        },
        "Apply_to_each": {
          "foreach": "@outputs('For_Items')?['body/value']",
          "actions": {
            "Apply_to_each_2": {
              "foreach": "@outputs('For_Header')?['body/value']",
              "actions": {
                "Add_a_row_into_a_table": {
                  "runAfter": {},
                  "metadata": {
                    "01DQRZCDIMEJLXZ4VROVHJJF54H3AV3COD": "/Documents/FA Rework Project/Invoice_Header.xlsx",
                    "operationMetadataId": "c4d5d9d4-ac32-4d45-bd9b-754ddc173556",
                    "tableId": "{8D88B89D-0707-4D03-9F9C-E19D564CBF99}"
                  },
                  "type": "OpenApiConnection",
                  "inputs": {
                    "host": {
                      "apiId": "/providers/Microsoft.PowerApps/apis/shared_excelonlinebusiness",
                      "connectionName": "shared_excelonlinebusiness",
                      "operationId": "AddRowV2"
                    },
                    "parameters": {
                      "source": "me",
                      "drive": "b!GBbiBUOS202Mvt16kKu4fvomkfNOuXVKqO6Jvd2tWjhoSN6OwAu0QoEKkH-BVK8x",
                      "file": "01DQRZCDIMEJLXZ4VROVHJJF54H3AV3COD",
                      "table": "{8D88B89D-0707-4D03-9F9C-E19D564CBF99}",
                      "item/Invoice ID ": "@items('Apply_to_each_2')?['Title']",
                      "item/Invoice DATE": "@items('Apply_to_each_2')?['InvoiceDATE']",
                      "item/Invoice Type": "@items('Apply_to_each_2')?['field_1']",
                      "item/ORLI Client Code": "@items('Apply_to_each_2')?['field_3']",
                      "item/Invoice Client Code": "@items('Apply_to_each_2')?['field_4']",
                      "item/Delivery Client Code": "@items('Apply_to_each_2')?['field_5']",
                      "item/Delivery Name": "@items('Apply_to_each_2')?['field_6']",
                      "item/Delivery Address Line1": "@items('Apply_to_each_2')?['field_7']",
                      "item/Created Date": "@items('Apply_to_each_2')?['Created']",
                      "item/Currency Code": "@items('Apply_to_each_2')?['field_10']",
                      "item/Delivery Address Country": "@items('Apply_to_each_2')?['field_9']",
                      "item/ItemID": "@items('Apply_to_each')?['ItemID']",
                      "item/Shipment Number": "@items('Apply_to_each')?['PackingSlipID']",
                      "item/InvoiceQty": "@items('Apply_to_each')?['InvoiceQty']",
                      "item/Line Amount": "@items('Apply_to_each')?['LineAmount']",
                      "item/InvoicePrice": "@items('Apply_to_each')?['InvoicePrice']",
                      "item/KeyValue": "1"
                    },
                    "authentication": {
                      "value": "@json(decodeBase64(triggerOutputs().headers['X-MS-APIM-Tokens']))['$ConnectionKey']",
                      "type": "Raw"
                    }
                  }
                }
              },
              "runAfter": {},
              "metadata": {
                "operationMetadataId": "ff930c75-9f7e-4266-80d4-920e6efb1540"
              },
              "type": "Foreach",
              "runtimeConfiguration": {
                "concurrency": {
                  "repetitions": 50
                }
              }
            }
          },
          "runAfter": {
            "For_Items": [
              "Succeeded"
            ]
          },
          "metadata": {
            "operationMetadataId": "ca5dd294-5e2f-4e1e-8611-a862f51f488e"
          },
          "type": "Foreach",
          "runtimeConfiguration": {
            "concurrency": {
              "repetitions": 50
            }
          }
        },
        "Send_an_email_(V2)": {
          "runAfter": {
            "Get_file_content": [
              "Succeeded"
            ]
          },
          "metadata": {
            "operationMetadataId": "6dca61bf-1bbc-43c5-ab99-4764427f41c5"
          },
          "type": "OpenApiConnection",
          "inputs": {
            "host": {
              "apiId": "/providers/Microsoft.PowerApps/apis/shared_office365",
              "connectionName": "shared_office365",
              "operationId": "SendEmailV2"
            },
            "parameters": {
              "emailMessage/To": "ragam.ravi-teja@capgemini.com",
              "emailMessage/Subject": "FA Rework Inbound Vendor Excel",
              "emailMessage/Body": "<p>Hi,<br>\nTesting<br>\nThanks and Regards,<br>\nRavi Teja</p>",
              "emailMessage/Attachments": [
                {
                  "Name": "@outputs('Get_file_metadata')?['body/DisplayName']",
                  "ContentBytes": "@body('Get_file_content')"
                }
              ],
              "emailMessage/Importance": "Normal"
            },
            "authentication": {
              "value": "@json(decodeBase64(triggerOutputs().headers['X-MS-APIM-Tokens']))['$ConnectionKey']",
              "type": "Raw"
            }
          }
        },
        "List_rows_present_in_a_table": {
          "runAfter": {
            "Apply_to_each": [
              "Succeeded"
            ]
          },
          "metadata": {
            "01DQRZCDIMEJLXZ4VROVHJJF54H3AV3COD": "/Documents/FA Rework Project/Invoice_Header.xlsx",
            "operationMetadataId": "13a36e3e-93ac-4802-98a6-7e9b9bb51dd6",
            "tableId": "{8D88B89D-0707-4D03-9F9C-E19D564CBF99}"
          },
          "type": "OpenApiConnection",
          "inputs": {
            "host": {
              "apiId": "/providers/Microsoft.PowerApps/apis/shared_excelonlinebusiness",
              "connectionName": "shared_excelonlinebusiness",
              "operationId": "GetItems"
            },
            "parameters": {
              "source": "me",
              "drive": "b!GBbiBUOS202Mvt16kKu4fvomkfNOuXVKqO6Jvd2tWjhoSN6OwAu0QoEKkH-BVK8x",
              "file": "01DQRZCDIMEJLXZ4VROVHJJF54H3AV3COD",
              "table": "{8D88B89D-0707-4D03-9F9C-E19D564CBF99}"
            },
            "authentication": {
              "value": "@json(decodeBase64(triggerOutputs().headers['X-MS-APIM-Tokens']))['$ConnectionKey']",
              "type": "Raw"
            }
          }
        },
        "Apply_to_each_3": {
          "foreach": "@outputs('List_rows_present_in_a_table')?['body/value']",
          "actions": {
            "Delete_a_row": {
              "runAfter": {},
              "metadata": {
                "01DQRZCDIMEJLXZ4VROVHJJF54H3AV3COD": "/Documents/FA Rework Project/Invoice_Header.xlsx",
                "operationMetadataId": "cd8f6d25-114c-4d5b-a05f-c3982122a037",
                "tableId": "{8D88B89D-0707-4D03-9F9C-E19D564CBF99}"
              },
              "type": "OpenApiConnection",
              "inputs": {
                "host": {
                  "apiId": "/providers/Microsoft.PowerApps/apis/shared_excelonlinebusiness",
                  "connectionName": "shared_excelonlinebusiness",
                  "operationId": "DeleteItem"
                },
                "parameters": {
                  "source": "me",
                  "drive": "b!GBbiBUOS202Mvt16kKu4fvomkfNOuXVKqO6Jvd2tWjhoSN6OwAu0QoEKkH-BVK8x",
                  "file": "01DQRZCDIMEJLXZ4VROVHJJF54H3AV3COD",
                  "table": "{8D88B89D-0707-4D03-9F9C-E19D564CBF99}",
                  "idColumn": "Invoice ID ",
                  "id": "@outputs('InvoiceID')"
                },
                "authentication": {
                  "value": "@json(decodeBase64(triggerOutputs().headers['X-MS-APIM-Tokens']))['$ConnectionKey']",
                  "type": "Raw"
                }
              }
            }
          },
          "runAfter": {
            "Send_an_email_(V2)": [
              "Succeeded"
            ]
          },
          "metadata": {
            "operationMetadataId": "e150b146-6f38-49ff-9882-b6938090a240"
          },
          "type": "Foreach"
        },
        "Get_file_content": {
          "runAfter": {
            "Get_file_metadata": [
              "Succeeded"
            ]
          },
          "metadata": {
            "b!GBbiBUOS202Mvt16kKu4fvomkfNOuXVKqO6Jvd2tWjhoSN6OwAu0QoEKkH-BVK8x.01DQRZCDIMEJLXZ4VROVHJJF54H3AV3COD": "/Documents/FA Rework Project/Invoice_Header.xlsx",
            "operationMetadataId": "cd499522-a178-4a5b-b49b-1bcefa51d178"
          },
          "type": "OpenApiConnection",
          "inputs": {
            "host": {
              "apiId": "/providers/Microsoft.PowerApps/apis/shared_onedriveforbusiness",
              "connectionName": "shared_onedriveforbusiness",
              "operationId": "GetFileContent"
            },
            "parameters": {
              "id": "@outputs('Get_file_metadata')?['body/Id']",
              "inferContentType": true
            },
            "authentication": {
              "value": "@json(decodeBase64(triggerOutputs().headers['X-MS-APIM-Tokens']))['$ConnectionKey']",
              "type": "Raw"
            }
          }
        },
        "Get_file_metadata": {
          "runAfter": {
            "List_rows_present_in_a_table": [
              "Succeeded"
            ]
          },
          "metadata": {
            "b!GBbiBUOS202Mvt16kKu4fvomkfNOuXVKqO6Jvd2tWjhoSN6OwAu0QoEKkH-BVK8x.01DQRZCDIMEJLXZ4VROVHJJF54H3AV3COD": "/Documents/FA Rework Project/Invoice_Header.xlsx",
            "operationMetadataId": "c671efba-216c-47c6-9c5a-6ace1b0be1e0"
          },
          "type": "OpenApiConnection",
          "inputs": {
            "host": {
              "apiId": "/providers/Microsoft.PowerApps/apis/shared_onedriveforbusiness",
              "connectionName": "shared_onedriveforbusiness",
              "operationId": "GetFileMetadata"
            },
            "parameters": {
              "id": "b!GBbiBUOS202Mvt16kKu4fvomkfNOuXVKqO6Jvd2tWjhoSN6OwAu0QoEKkH-BVK8x.01DQRZCDIMEJLXZ4VROVHJJF54H3AV3COD"
            },
            "authentication": {
              "value": "@json(decodeBase64(triggerOutputs().headers['X-MS-APIM-Tokens']))['$ConnectionKey']",
              "type": "Raw"
            }
          }
        }
      },
      "outputs": {}
    },
    "templateName": "05ed784f63df4ac7b8cbb465005d6068"
  },
  "schemaVersion": "1.0.0.0"
}