{
  "properties": {
    "connectionReferences": {
      "shared_sharepointonline": {
        "runtimeSource": "invoker",
        "connection": {
          "connectionReferenceLogicalName": "paflows2_sharedsharepointonline_4b398"
        },
        "api": {
          "name": "shared_sharepointonline"
        }
      }
    },
    "definition": {
      "$schema": "https://schema.management.azure.com/providers/Microsoft.Logic/schemas/2016-06-01/workflowdefinition.json#",
      "contentVersion": "1.0.0.0",
      "parameters": {
        "$connections": {
          "defaultValue": {},
          "type": "Object"
        },
        "$authentication": {
          "defaultValue": {},
          "type": "SecureObject"
        }
      },
      "triggers": {
        "manual": {
          "metadata": {
            "operationMetadataId": "a7a840dd-97a7-4795-bdc8-05b8a14b8b50"
          },
          "type": "Request",
          "kind": "PowerAppV2",
          "inputs": {
            "schema": {
              "type": "object",
              "properties": {
                "text": {
                  "title": "JSON",
                  "type": "string",
                  "x-ms-dynamically-added": true,
                  "description": "Please enter your input",
                  "x-ms-content-hint": "TEXT"
                }
              },
              "required": [
                "text"
              ]
            }
          }
        }
      },
      "actions": {
        "Compose": {
          "runAfter": {},
          "metadata": {
            "operationMetadataId": "4e3467eb-3473-4b61-bb20-72452b89cd6a"
          },
          "type": "Compose",
          "inputs": "@triggerBody()['text']"
        },
        "Parse_JSON": {
          "runAfter": {
            "Compose": [
              "Succeeded"
            ]
          },
          "metadata": {
            "operationMetadataId": "fa3e27ab-676a-46b8-8fd9-865286fb4b45"
          },
          "type": "ParseJson",
          "inputs": {
            "content": "@outputs('Compose')",
            "schema": {
              "type": "array",
              "items": {
                "type": "object",
                "properties": {
                  "file": {
                    "type": "object",
                    "properties": {
                      "Name": {
                        "type": "string"
                      },
                      "contentBytes": {
                        "type": "string"
                      }
                    }
                  }
                },
                "required": [
                  "file"
                ]
              }
            }
          }
        },
        "Apply_to_each": {
          "foreach": "@body('Parse_JSON')",
          "actions": {
            "Create_file": {
              "runAfter": {},
              "metadata": {
                "operationMetadataId": "1ba07142-0550-4e93-8856-ec97c7c4ffa6"
              },
              "type": "OpenApiConnection",
              "inputs": {
                "host": {
                  "apiId": "/providers/Microsoft.PowerApps/apis/shared_sharepointonline",
                  "connectionName": "shared_sharepointonline",
                  "operationId": "CreateFile"
                },
                "parameters": {
                  "dataset": "https://capgemini.sharepoint.com/sites/AutomationTeam613",
                  "folderPath": "/Shared Documents",
                  "name": "@items('Apply_to_each')?['file']?['Name']",
                  "body": "@items('Apply_to_each')?['file']?['contentBytes']"
                },
                "authentication": {
                  "value": "@json(decodeBase64(triggerOutputs().headers['X-MS-APIM-Tokens']))['$ConnectionKey']",
                  "type": "Raw"
                }
              },
              "runtimeConfiguration": {
                "contentTransfer": {
                  "transferMode": "Chunked"
                }
              }
            }
          },
          "runAfter": {
            "Parse_JSON": [
              "Succeeded"
            ]
          },
          "metadata": {
            "operationMetadataId": "b209a115-3185-46d8-ba31-d3ce90773868"
          },
          "type": "Foreach"
        }
      }
    },
    "templateName": null
  },
  "schemaVersion": "1.0.0.0"
}