{
  "properties": {
    "connectionReferences": {
      "shared_sharepointonline": {
        "runtimeSource": "invoker",
        "connection": {
          "connectionReferenceLogicalName": "paflows2_sharedsharepointonline_4b398"
        },
        "api": {
          "name": "shared_sharepointonline"
        }
      },
      "shared_onedriveforbusiness": {
        "runtimeSource": "invoker",
        "connection": {
          "connectionReferenceLogicalName": "paflows2_sharedonedriveforbusiness_ea2e8"
        },
        "api": {
          "name": "shared_onedriveforbusiness"
        }
      },
      "shared_office365": {
        "runtimeSource": "invoker",
        "connection": {
          "connectionReferenceLogicalName": "paflows2_sharedoffice365_44e88"
        },
        "api": {
          "name": "shared_office365"
        }
      }
    },
    "definition": {
      "$schema": "https://schema.management.azure.com/providers/Microsoft.Logic/schemas/2016-06-01/workflowdefinition.json#",
      "contentVersion": "1.0.0.0",
      "parameters": {
        "$connections": {
          "defaultValue": {},
          "type": "Object"
        },
        "$authentication": {
          "defaultValue": {},
          "type": "SecureObject"
        }
      },
      "triggers": {
        "manual": {
          "metadata": {
            "operationMetadataId": "10f084d2-4726-41eb-80ac-b2099054ee7c"
          },
          "type": "Request",
          "kind": "PowerAppV2",
          "inputs": {
            "schema": {
              "type": "object",
              "properties": {
                "text": {
                  "title": "Invoice ID",
                  "type": "string",
                  "x-ms-dynamically-added": true,
                  "description": "Please enter your input",
                  "x-ms-content-hint": "TEXT"
                },
                "text_1": {
                  "description": "Please enter your input",
                  "title": "Invoice Date",
                  "type": "string",
                  "x-ms-content-hint": "TEXT",
                  "x-ms-dynamically-added": true
                },
                "text_2": {
                  "description": "Please enter your input",
                  "title": "Packing Slip ID",
                  "type": "string",
                  "x-ms-content-hint": "TEXT",
                  "x-ms-dynamically-added": true
                },
                "text_3": {
                  "description": "Please enter your input",
                  "title": "Item ID",
                  "type": "string",
                  "x-ms-content-hint": "TEXT",
                  "x-ms-dynamically-added": true
                },
                "text_4": {
                  "description": "Please enter your input",
                  "title": "Vendor Ref",
                  "type": "string",
                  "x-ms-content-hint": "TEXT",
                  "x-ms-dynamically-added": true
                },
                "text_5": {
                  "description": "Please enter your input",
                  "title": "Purch ID",
                  "type": "string",
                  "x-ms-content-hint": "TEXT",
                  "x-ms-dynamically-added": true
                },
                "text_6": {
                  "description": "Please enter your input",
                  "title": "Line Number",
                  "type": "string",
                  "x-ms-content-hint": "TEXT",
                  "x-ms-dynamically-added": true
                },
                "text_7": {
                  "description": "Please enter your input",
                  "title": "Barcode",
                  "type": "string",
                  "x-ms-content-hint": "TEXT",
                  "x-ms-dynamically-added": true
                },
                "text_8": {
                  "description": "Please enter your input",
                  "title": "Item Season",
                  "type": "string",
                  "x-ms-content-hint": "TEXT",
                  "x-ms-dynamically-added": true
                },
                "text_9": {
                  "description": "Please enter your input",
                  "title": "Invoice Qty",
                  "type": "string",
                  "x-ms-content-hint": "TEXT",
                  "x-ms-dynamically-added": true
                },
                "text_10": {
                  "description": "Please enter your input",
                  "title": "Invoice Price",
                  "type": "string",
                  "x-ms-content-hint": "TEXT",
                  "x-ms-dynamically-added": true
                },
                "text_11": {
                  "description": "Please enter your input",
                  "title": "Currency Code",
                  "type": "string",
                  "x-ms-content-hint": "TEXT",
                  "x-ms-dynamically-added": true
                },
                "text_12": {
                  "description": "Please enter your input",
                  "title": "Line Amount",
                  "type": "string",
                  "x-ms-content-hint": "TEXT",
                  "x-ms-dynamically-added": true
                }
              },
              "required": [
                "text",
                "text_1",
                "text_2",
                "text_3",
                "text_4",
                "text_5",
                "text_6",
                "text_7",
                "text_8",
                "text_9",
                "text_10",
                "text_11",
                "text_12"
              ]
            }
          }
        }
      },
      "actions": {
        "InvoiceID": {
          "runAfter": {},
          "metadata": {
            "operationMetadataId": "2a3fd18d-95e3-4286-8dd4-feff3b92be9c"
          },
          "type": "Compose",
          "inputs": "@triggerBody()?['text']"
        },
        "Get_items": {
          "runAfter": {
            "InvoiceID": [
              "Succeeded"
            ]
          },
          "metadata": {
            "operationMetadataId": "73cd5f19-5323-47ee-b88e-189a35e4337a"
          },
          "type": "OpenApiConnection",
          "inputs": {
            "host": {
              "apiId": "/providers/Microsoft.PowerApps/apis/shared_sharepointonline",
              "connectionName": "shared_sharepointonline",
              "operationId": "GetItems"
            },
            "parameters": {
              "dataset": "https://capgemini.sharepoint.com/sites/AutomationTeam613",
              "table": "228e5b39-207f-4587-b721-5e1ee67fca0c",
              "$filter": "InvoiceID eq '@{outputs('InvoiceID')}'"
            },
            "authentication": {
              "value": "@json(decodeBase64(triggerOutputs().headers['X-MS-APIM-Tokens']))['$ConnectionKey']",
              "type": "Raw"
            }
          }
        },
        "Select": {
          "runAfter": {
            "Get_items": [
              "Succeeded"
            ]
          },
          "metadata": {
            "operationMetadataId": "9abf4bd6-191c-43d3-8a38-37b3c4908130"
          },
          "type": "Select",
          "inputs": {
            "from": "@outputs('Get_items')?['body/value']",
            "select": {
              "Invoice ID": "@item()?['InvoiceID']",
              "Invoice Date": "@item()?['InvoiceDATE']",
              "Packing Slip ID": "@item()?['PackingSlipID']",
              "Vendor Ref": "@item()?['VendorRef']",
              "Purch ID": "@item()?['PurchID']",
              "Item ID": "@item()?['ItemID']",
              "Barcode": "@item()?['Barcode']",
              "Line Number": "@item()?['LineNumber']",
              "Invoice Price": "@item()?['InvoicePrice']",
              "CurrencyCode": "@item()?['CurrencyCode']",
              "Invoice Qty": "@item()?['InvoiceQty']",
              "Line Amount": "@item()?['LineAmount']"
            }
          }
        },
        "Create_HTML_table": {
          "runAfter": {
            "Select": [
              "Succeeded"
            ]
          },
          "metadata": {
            "operationMetadataId": "660f2ef7-3028-49b5-816c-fe949ad30a42"
          },
          "type": "Table",
          "inputs": {
            "from": "@body('Select')",
            "format": "HTML"
          }
        },
        "Create_file": {
          "runAfter": {
            "For_each": [
              "Succeeded"
            ]
          },
          "metadata": {
            "operationMetadataId": "71e48fce-e847-4e23-b05c-af5980d08e13"
          },
          "type": "OpenApiConnection",
          "inputs": {
            "host": {
              "apiId": "/providers/Microsoft.PowerApps/apis/shared_onedriveforbusiness",
              "connectionName": "shared_onedriveforbusiness",
              "operationId": "CreateFile"
            },
            "parameters": {
              "folderPath": "/Desktop",
              "name": "Invoice.html",
              "body": "@outputs('HTML')"
            },
            "authentication": {
              "value": "@json(decodeBase64(triggerOutputs().headers['X-MS-APIM-Tokens']))['$ConnectionKey']",
              "type": "Raw"
            }
          },
          "runtimeConfiguration": {
            "contentTransfer": {
              "transferMode": "Chunked"
            }
          }
        },
        "Convert_file": {
          "runAfter": {
            "Create_file": [
              "Succeeded"
            ]
          },
          "metadata": {
            "operationMetadataId": "0a6aff24-77ba-4e58-9348-bda01e4efde0"
          },
          "type": "OpenApiConnection",
          "inputs": {
            "host": {
              "apiId": "/providers/Microsoft.PowerApps/apis/shared_onedriveforbusiness",
              "connectionName": "shared_onedriveforbusiness",
              "operationId": "ConvertFile"
            },
            "parameters": {
              "id": "@outputs('Create_file')?['body/Id']",
              "type": "PDF"
            },
            "authentication": {
              "value": "@json(decodeBase64(triggerOutputs().headers['X-MS-APIM-Tokens']))['$ConnectionKey']",
              "type": "Raw"
            }
          }
        },
        "Send_an_email_(V2)": {
          "runAfter": {
            "Convert_file": [
              "Succeeded"
            ]
          },
          "metadata": {
            "operationMetadataId": "b41112b4-6235-4b82-b841-b9b5298a3b9f"
          },
          "type": "OpenApiConnection",
          "inputs": {
            "host": {
              "apiId": "/providers/Microsoft.PowerApps/apis/shared_office365",
              "connectionName": "shared_office365",
              "operationId": "SendEmailV2"
            },
            "parameters": {
              "emailMessage/To": "ragam.ravi-teja@capgemini.com;ragam.ravi-teja@capgemini.com",
              "emailMessage/Subject": "Invoice",
              "emailMessage/Body": "<p>Hi,<br>\n<br>\nHere is the invoice with items.<br>\n<br>\nThanks and Regards,<br>\nRavi Teja Ragam</p>",
              "emailMessage/Attachments": [
                {
                  "Name": "@outputs('Convert_file')?['headers/x-ms-file-name']",
                  "ContentBytes": "@body('Convert_file')"
                }
              ],
              "emailMessage/Importance": "Normal"
            },
            "authentication": {
              "value": "@json(decodeBase64(triggerOutputs().headers['X-MS-APIM-Tokens']))['$ConnectionKey']",
              "type": "Raw"
            }
          }
        },
        "For_each": {
          "foreach": "@outputs('Get_items')?['body/value']",
          "actions": {
            "HTML": {
              "runAfter": {},
              "metadata": {
                "operationMetadataId": "f0d2fb08-7d26-4f00-af20-df5e09574503"
              },
              "type": "Compose",
              "inputs": "<!DOCTYPE html><html lang=\"en\"><head><meta charset=\"UTF-8\"><meta name=\"viewport\" content=\"width=device-width, initial-scale=1.0\"><title>Invoice</title><style>/* Add your CSS styles here */body {font-family: Arial, sans-serif;}.invoice-details {margin-bottom: 20px;}.items-table {width: 100%;border-collapse: collapse;margin-top: 20px;}.items-table th, .items-table td {border: 1px solid #ddd;padding: 8px;text-align: left;}</style></head><body><div class=\"invoice-details\"><h2>Invoice Details</h2><p>Invoice ID: @{items('For_each')?['InvoiceID']}</p><p>Invoice Date: @{items('For_each')?['InvoiceDATE']}</p><p>Invoice Type: FAC</p><p>Invoice Code: @{items('For_each')?['CurrencyCode']}</p><p>Delivery Name: hgh</p><p>Delivery Address: Pune</p><p>Country: India</p><p>Currency Code: Rs</p></div><table class=\"items-table\"><thead><tr><th>Purch ID</th><th>Vendor Ref</th><th>Packing Slip ID</th><th>Barcode</th><th>Invoice Price</th><th>Total Amount</th></tr></thead><tbody>{{#each Items}}<tr><td>@{items('For_each')?['PurchID']}</td><td>@{items('For_each')?['VendorRef']}</td><td>@{items('For_each')?['PackingSlipID']}</td><td>@{items('For_each')?['Barcode']}</td><td>@{items('For_each')?['InvoicePrice']}</td><td>@{items('For_each')?['LineAmount']}</td></tr>{{/each}}</tbody></table></body></html>"
            }
          },
          "runAfter": {
            "Create_HTML_table": [
              "Succeeded"
            ]
          },
          "metadata": {
            "operationMetadataId": "f5144794-3af0-4a3a-9c45-10960b6726dd"
          },
          "type": "Foreach"
        }
      }
    },
    "templateName": null
  },
  "schemaVersion": "1.0.0.0"
}