{
  "properties": {
    "connectionReferences": {
      "shared_teams": {
        "runtimeSource": "invoker",
        "connection": {
          "connectionReferenceLogicalName": "farework_sharedteams_d8892"
        },
        "api": {
          "name": "shared_teams"
        }
      },
      "shared_visualstudioteamservices": {
        "runtimeSource": "invoker",
        "connection": {
          "connectionReferenceLogicalName": "farework_sharedvisualstudioteamservices_339ed"
        },
        "api": {
          "name": "shared_visualstudioteamservices"
        }
      },
      "shared_office365users": {
        "runtimeSource": "invoker",
        "connection": {
          "connectionReferenceLogicalName": "farework_sharedoffice365users_af901"
        },
        "api": {
          "name": "shared_office365users"
        }
      }
    },
    "definition": {
      "$schema": "https://schema.management.azure.com/providers/Microsoft.Logic/schemas/2016-06-01/workflowdefinition.json#",
      "contentVersion": "1.0.0.0",
      "parameters": {
        "$connections": {
          "defaultValue": {},
          "type": "Object"
        },
        "$authentication": {
          "defaultValue": {},
          "type": "SecureObject"
        }
      },
      "triggers": {
        "manual": {
          "metadata": {
            "operationMetadataId": "501c922b-025d-487a-9991-a183d2232ede",
            "flowSystemMetadata": {
              "swaggerOperationId": "ForASelectedMessageV2",
              "taskModuleWidth": null,
              "taskModuleHeight": null,
              "inputsAdaptiveCard": "{\"$schema\":\"http://adaptivecards.io/schemas/adaptive-card.json\",\"type\":\"AdaptiveCard\",\"version\":\"1.3\",\"body\":[{\"type\":\"TextBlock\",\"text\":\"Select the type of Requirement \",\"wrap\":true},{\"type\":\"Input.ChoiceSet\",\"choices\":[{\"title\":\"Task\",\"value\":\"Task\"},{\"title\":\"Epic\",\"value\":\"Epic\"},{\"title\":\"Issue\",\"value\":\"Issue\"}],\"placeholder\":\"Select\",\"id\":\"Select type of Requirement\"}],\"-ms-tokens\":{}}"
            }
          },
          "type": "Request",
          "kind": "ApiConnection",
          "inputs": {
            "schema": {
              "type": "object",
              "properties": {
                "teamsFlowRunContext": {
                  "type": "object",
                  "properties": {
                    "messagePayload": {
                      "type": "object",
                      "properties": {
                        "body": {
                          "type": "object",
                          "properties": {
                            "content": {
                              "title": "Message Content",
                              "type": "string"
                            }
                          },
                          "required": []
                        },
                        "from": {
                          "type": "object",
                          "properties": {
                            "user": {
                              "type": "object",
                              "properties": {
                                "id": {
                                  "title": "Sender User ID",
                                  "type": "string"
                                }
                              },
                              "required": []
                            }
                          },
                          "required": []
                        }
                      },
                      "required": []
                    },
                    "from": {
                      "type": "object",
                      "properties": {
                        "aadObjectId": {
                          "title": "Originating User ID",
                          "type": "string"
                        }
                      },
                      "required": []
                    }
                  }
                },
                "cardOutputs": {
                  "type": "object",
                  "properties": {
                    "select type of Requirement": {
                      "title": "select type of Requirement",
                      "type": "string"
                    }
                  }
                }
              },
              "required": [
                "teamsFlowRunContext",
                "cardOutputs"
              ]
            },
            "host": {
              "connection": {
                "name": "@parameters('$connections')['shared_teams']['connectionId']"
              }
            },
            "operationId": "ForASelectedMessageV2",
            "parameters": {
              "inputsAdaptiveCard": "{\"$schema\":\"http://adaptivecards.io/schemas/adaptive-card.json\",\"type\":\"AdaptiveCard\",\"version\":\"1.3\",\"body\":[{\"type\":\"TextBlock\",\"text\":\"Select the type of Requirement \",\"wrap\":true},{\"type\":\"Input.ChoiceSet\",\"choices\":[{\"title\":\"Task\",\"value\":\"Task\"},{\"title\":\"Epic\",\"value\":\"Epic\"},{\"title\":\"Issue\",\"value\":\"Issue\"}],\"placeholder\":\"Select\",\"id\":\"Select type of Requirement\"}],\"-ms-tokens\":{}}"
            }
          }
        }
      },
      "actions": {
        "Create_a_work_item": {
          "runAfter": {
            "Get_user_profile_(V2)": [
              "Succeeded"
            ]
          },
          "metadata": {
            "operationMetadataId": "cbd1b0bb-e6d5-4da2-ae83-7fc1dee87664"
          },
          "type": "OpenApiConnection",
          "inputs": {
            "host": {
              "apiId": "/providers/Microsoft.PowerApps/apis/shared_visualstudioteamservices",
              "connectionName": "shared_visualstudioteamservices",
              "operationId": "CreateWorkItem"
            },
            "parameters": {
              "account": "ragamravi-teja",
              "project": "Automation",
              "type": "@triggerBody()?['cardOutputs']?['select type of Requirement']",
              "workItem/title": "@triggerBody()?['teamsFlowRunContext']?['messagePayload']?['body']?['content']",
              "shouldReturnAllFields": true,
              "workItem/priority": 3,
              "workItem/userEnteredFields": {
                "System.AssignedTo": "@outputs('Get_user_profile_(V2)')?['body/mail']"
              }
            },
            "authentication": {
              "value": "@json(decodeBase64(triggerOutputs().headers['X-MS-APIM-Tokens']))['$ConnectionKey']",
              "type": "Raw"
            }
          }
        },
        "Get_user_profile_(V2)": {
          "runAfter": {},
          "metadata": {
            "operationMetadataId": "1d2b7aab-7069-4f9c-aef9-03748c600730"
          },
          "type": "OpenApiConnection",
          "inputs": {
            "host": {
              "apiId": "/providers/Microsoft.PowerApps/apis/shared_office365users",
              "connectionName": "shared_office365users",
              "operationId": "UserProfile_V2"
            },
            "parameters": {
              "id": "@triggerBody()?['teamsFlowRunContext']?['messagePayload']?['from']?['user']?['id']"
            },
            "authentication": {
              "value": "@json(decodeBase64(triggerOutputs().headers['X-MS-APIM-Tokens']))['$ConnectionKey']",
              "type": "Raw"
            }
          }
        }
      }
    },
    "templateName": null
  },
  "schemaVersion": "1.0.0.0"
}