{
  "properties": {
    "connectionReferences": {
      "shared_excelonlinebusiness": {
        "runtimeSource": "invoker",
        "connection": {
          "connectionReferenceLogicalName": "farework_sharedexcelonlinebusiness_948dd"
        },
        "api": {
          "name": "shared_excelonlinebusiness"
        }
      },
      "shared_visualstudioteamservices": {
        "runtimeSource": "invoker",
        "connection": {
          "connectionReferenceLogicalName": "farework_sharedvisualstudioteamservices_339ed"
        },
        "api": {
          "name": "shared_visualstudioteamservices"
        }
      }
    },
    "definition": {
      "$schema": "https://schema.management.azure.com/providers/Microsoft.Logic/schemas/2016-06-01/workflowdefinition.json#",
      "contentVersion": "1.0.0.0",
      "parameters": {
        "$connections": {
          "defaultValue": {},
          "type": "Object"
        },
        "$authentication": {
          "defaultValue": {},
          "type": "SecureObject"
        }
      },
      "triggers": {
        "manual": {
          "metadata": {
            "operationMetadataId": "284027b3-12cf-41e9-96de-86af3e0151c3"
          },
          "type": "Request",
          "kind": "Button",
          "inputs": {
            "schema": {
              "type": "object",
              "properties": {},
              "required": []
            }
          }
        }
      },
      "actions": {
        "List_rows_present_in_a_table": {
          "runAfter": {},
          "metadata": {
            "01DQRZCDPZNTSPOO3WEFFYEECT623GXSFK": "/JIRA_Tickets.xlsx",
            "operationMetadataId": "beb86f06-acf2-4302-b0fa-c745a103bf4c"
          },
          "type": "OpenApiConnection",
          "inputs": {
            "host": {
              "apiId": "/providers/Microsoft.PowerApps/apis/shared_excelonlinebusiness",
              "connectionName": "shared_excelonlinebusiness",
              "operationId": "GetItems"
            },
            "parameters": {
              "source": "me",
              "drive": "b!GBbiBUOS202Mvt16kKu4fvomkfNOuXVKqO6Jvd2tWjhoSN6OwAu0QoEKkH-BVK8x",
              "file": "01DQRZCDPZNTSPOO3WEFFYEECT623GXSFK",
              "table": "{D3B81CB1-5C31-45A9-AA84-0EB6CDFD3990}"
            },
            "authentication": {
              "value": "@json(decodeBase64(triggerOutputs().headers['X-MS-APIM-Tokens']))['$ConnectionKey']",
              "type": "Raw"
            }
          }
        },
        "Apply_to_each": {
          "foreach": "@outputs('List_rows_present_in_a_table')?['body/value']",
          "actions": {
            "Condition": {
              "actions": {
                "Create_a_work_item": {
                  "runAfter": {},
                  "metadata": {
                    "operationMetadataId": "8fbd1ff5-57d0-4d97-8bfd-ab96b2259139"
                  },
                  "type": "OpenApiConnection",
                  "inputs": {
                    "host": {
                      "apiId": "/providers/Microsoft.PowerApps/apis/shared_visualstudioteamservices",
                      "connectionName": "shared_visualstudioteamservices",
                      "operationId": "CreateWorkItem"
                    },
                    "parameters": {
                      "account": "ragamravi-teja",
                      "project": "Automation",
                      "type": "Issue",
                      "workItem/title": "@items('Apply_to_each')?['Ticket Number']",
                      "workItem/description": "<p>@{items('Apply_to_each')?['Description']}</p>"
                    },
                    "authentication": {
                      "value": "@json(decodeBase64(triggerOutputs().headers['X-MS-APIM-Tokens']))['$ConnectionKey']",
                      "type": "Raw"
                    }
                  }
                },
                "Send_an_HTTP_request_to_Azure_DevOps": {
                  "runAfter": {
                    "Create_a_work_item": [
                      "Succeeded"
                    ]
                  },
                  "metadata": {
                    "operationMetadataId": "3a20dc02-db01-45a5-a957-532be694269b"
                  },
                  "type": "OpenApiConnection",
                  "inputs": {
                    "host": {
                      "apiId": "/providers/Microsoft.PowerApps/apis/shared_visualstudioteamservices",
                      "connectionName": "shared_visualstudioteamservices",
                      "operationId": "HttpRequest"
                    },
                    "parameters": {
                      "account": "ragamravi-teja",
                      "parameters/Method": "POST",
                      "parameters/Uri": "/_apis/wit/attachments?filename=@{items('Apply_to_each')?['Attachments']}&api-version=5.1",
                      "parameters/Headers": {
                        "Content-Type": "application/octet-stream"
                      },
                      "parameters/Body": "@items('Apply_to_each')?['Attachments']",
                      "parameters/IsBase64": true
                    },
                    "authentication": {
                      "value": "@json(decodeBase64(triggerOutputs().headers['X-MS-APIM-Tokens']))['$ConnectionKey']",
                      "type": "Raw"
                    }
                  }
                },
                "Parse_JSON": {
                  "runAfter": {
                    "Send_an_HTTP_request_to_Azure_DevOps": [
                      "Succeeded"
                    ]
                  },
                  "metadata": {
                    "operationMetadataId": "0a62690c-3dfb-4172-b5b0-d994faec5c94"
                  },
                  "type": "ParseJson",
                  "inputs": {
                    "content": "@body('Send_an_HTTP_request_to_Azure_DevOps')",
                    "schema": {
                      "type": "object",
                      "properties": {
                        "id": {
                          "type": "string"
                        },
                        "url": {
                          "type": "string"
                        }
                      }
                    }
                  }
                },
                "Send_an_HTTP_request_to_Azure_DevOps_2": {
                  "runAfter": {
                    "Parse_JSON": [
                      "Succeeded"
                    ]
                  },
                  "metadata": {
                    "operationMetadataId": "47e4f6da-54fc-4c66-9591-138415054a9f"
                  },
                  "type": "OpenApiConnection",
                  "inputs": {
                    "host": {
                      "apiId": "/providers/Microsoft.PowerApps/apis/shared_visualstudioteamservices",
                      "connectionName": "shared_visualstudioteamservices",
                      "operationId": "HttpRequest"
                    },
                    "parameters": {
                      "account": "ragamravi-teja",
                      "parameters/Method": "PATCH",
                      "parameters/Uri": "/_apis/wit/workitems/@{outputs('Create_a_work_item')?['body/id']}/?api-version=5.1",
                      "parameters/Headers": {
                        "Content-Type": "application/json-patch+json"
                      },
                      "parameters/Body": "[\n  {\n    'op': 'add',\n    'path': '/relations/-',\n    'value': {\n      'rel': 'AttachedFile',\n      'url': '@{body('Parse_JSON')?['url']}',\n      'attributes': {\n        'comment': 'Bug details',\n        'name':'@{items('Apply_to_each')?['Attachments']}'\n      }\n    }\n  }\n]"
                    },
                    "authentication": {
                      "value": "@json(decodeBase64(triggerOutputs().headers['X-MS-APIM-Tokens']))['$ConnectionKey']",
                      "type": "Raw"
                    }
                  }
                }
              },
              "runAfter": {},
              "expression": {
                "equals": [
                  "@items('Apply_to_each')?['Status']",
                  "Open"
                ]
              },
              "metadata": {
                "operationMetadataId": "cf556f50-a252-4b67-989e-a0285876d9b5"
              },
              "type": "If"
            }
          },
          "runAfter": {
            "List_rows_present_in_a_table": [
              "Succeeded"
            ]
          },
          "metadata": {
            "operationMetadataId": "1bfd2451-1e7f-4738-923f-fd95c261f809"
          },
          "type": "Foreach"
        }
      }
    },
    "templateName": null
  },
  "schemaVersion": "1.0.0.0"
}