{
  "properties": {
    "connectionReferences": {
      "shared_planner": {
        "runtimeSource": "embedded",
        "connection": {
          "connectionReferenceLogicalName": "farework_sharedplanner_7d3ea"
        },
        "api": {
          "name": "shared_planner"
        }
      },
      "shared_visualstudioteamservices": {
        "runtimeSource": "embedded",
        "connection": {
          "connectionReferenceLogicalName": "farework_sharedvisualstudioteamservices_339ed"
        },
        "api": {
          "name": "shared_visualstudioteamservices"
        }
      }
    },
    "definition": {
      "$schema": "https://schema.management.azure.com/providers/Microsoft.Logic/schemas/2016-06-01/workflowdefinition.json#",
      "contentVersion": "1.0.0.0",
      "parameters": {
        "$connections": {
          "defaultValue": {},
          "type": "Object"
        },
        "$authentication": {
          "defaultValue": {},
          "type": "SecureObject"
        }
      },
      "triggers": {
        "When_a_task_is_assigned_to_me": {
          "recurrence": {
            "frequency": "Minute",
            "interval": 5
          },
          "splitOn": "@triggerOutputs()?['body/value']",
          "metadata": {
            "operationMetadataId": "99372989-a02f-4188-aede-c6b3b92fc6ad"
          },
          "type": "OpenApiConnection",
          "inputs": {
            "host": {
              "apiId": "/providers/Microsoft.PowerApps/apis/shared_planner",
              "connectionName": "shared_planner",
              "operationId": "OnTaskAssignedToMe_V2"
            },
            "parameters": {},
            "authentication": "@parameters('$authentication')"
          }
        }
      },
      "actions": {
        "Get_task_details": {
          "runAfter": {},
          "metadata": {
            "operationMetadataId": "24fb60d8-ffb7-4144-bd80-6a216e85d104"
          },
          "type": "OpenApiConnection",
          "inputs": {
            "host": {
              "apiId": "/providers/Microsoft.PowerApps/apis/shared_planner",
              "connectionName": "shared_planner",
              "operationId": "GetTaskDetails_V2"
            },
            "parameters": {
              "id": "uuUuQHMKjUuVEIFcfv2lzpYAJUJi"
            },
            "authentication": "@parameters('$authentication')"
          }
        },
        "Create_a_work_item": {
          "runAfter": {
            "Get_task_details": [
              "Succeeded"
            ]
          },
          "metadata": {
            "operationMetadataId": "e9a8e24c-4811-4a62-ab2c-dbbc1875e7fb"
          },
          "type": "OpenApiConnection",
          "inputs": {
            "host": {
              "apiId": "/providers/Microsoft.PowerApps/apis/shared_visualstudioteamservices",
              "connectionName": "shared_visualstudioteamservices",
              "operationId": "CreateWorkItem"
            },
            "parameters": {
              "account": "ragamravi-teja",
              "project": "Automation",
              "type": "Task",
              "workItem/title": "@triggerOutputs()?['body/title']",
              "workItem/description": "<p>@{outputs('Get_task_details')?['body/description']}</p>",
              "workItem/priority": 2
            },
            "authentication": "@parameters('$authentication')"
          }
        }
      },
      "outputs": {}
    },
    "templateName": null
  },
  "schemaVersion": "1.0.0.0"
}