{
  "properties": {
    "connectionReferences": {},
    "definition": {
      "$schema": "https://schema.management.azure.com/providers/Microsoft.Logic/schemas/2016-06-01/workflowdefinition.json#",
      "contentVersion": "1.0.0.0",
      "parameters": {
        "$authentication": {
          "defaultValue": {},
          "type": "SecureObject"
        }
      },
      "triggers": {
        "manual": {
          "metadata": {
            "operationMetadataId": "aaae1393-4ead-430e-9cd1-e8f3e19d3f9f"
          },
          "type": "Request",
          "kind": "Button",
          "inputs": {
            "schema": {
              "type": "object",
              "properties": {},
              "required": []
            }
          }
        }
      },
      "actions": {
        "HTTP": {
          "runAfter": {},
          "metadata": {
            "operationMetadataId": "044b0c85-ebcc-451a-b0df-a6e7506efd9a"
          },
          "type": "Http",
          "inputs": {
            "method": "GET",
            "uri": "https://dev198881.service-now.com/api/now/table/incident",
            "authentication": {
              "type": "Basic",
              "username": "admin",
              "password": "W=D@gsy2hZ5P"
            }
          }
        }
      }
    },
    "templateName": null
  },
  "schemaVersion": "1.0.0.0"
}