{
  "properties": {
    "connectionReferences": {
      "shared_conversionservice": {
        "runtimeSource": "embedded",
        "connection": {
          "connectionReferenceLogicalName": "farework_sharedconversionservice_447c1"
        },
        "api": {
          "name": "shared_conversionservice"
        }
      },
      "shared_sharepointonline": {
        "runtimeSource": "embedded",
        "connection": {
          "connectionReferenceLogicalName": "farework_sharedsharepointonline_7c4c7"
        },
        "api": {
          "name": "shared_sharepointonline"
        }
      },
      "shared_visualstudioteamservices": {
        "runtimeSource": "embedded",
        "connection": {
          "connectionReferenceLogicalName": "farework_sharedvisualstudioteamservices_339ed"
        },
        "api": {
          "name": "shared_visualstudioteamservices"
        }
      },
      "shared_office365": {
        "runtimeSource": "embedded",
        "connection": {
          "connectionReferenceLogicalName": "farework_sharedoffice365_b9ccd"
        },
        "api": {
          "name": "shared_office365"
        }
      }
    },
    "definition": {
      "$schema": "https://schema.management.azure.com/providers/Microsoft.Logic/schemas/2016-06-01/workflowdefinition.json#",
      "contentVersion": "1.0.0.0",
      "parameters": {
        "$connections": {
          "defaultValue": {},
          "type": "Object"
        },
        "$authentication": {
          "defaultValue": {},
          "type": "SecureObject"
        }
      },
      "triggers": {
        "When_a_new_email_arrives_in_a_shared_mailbox_(V2)": {
          "recurrence": {
            "frequency": "Minute",
            "interval": 5
          },
          "splitOn": "@triggerOutputs()?['body/value']",
          "metadata": {
            "operationMetadataId": "e539a5b4-233f-4f59-ac4b-00404a4232a9",
            "Id::AQMkAGQ1ZDRhZmI3LTcyNjItNGE0MC04MjZjLWIxNDZhMzY3NTM4OAAALgAAA2FaaTp_sWxJsXD_E5zOfOEBAIJQpk-blzJCrJlbYFrbbZYAAAIBDAAAAA==": "Inbox"
          },
          "type": "OpenApiConnection",
          "inputs": {
            "host": {
              "apiId": "/providers/Microsoft.PowerApps/apis/shared_office365",
              "connectionName": "shared_office365",
              "operationId": "SharedMailboxOnNewEmailV2"
            },
            "parameters": {
              "mailboxAddress": "chanel-phoenix-automation.in@capgemini.com",
              "folderId": "Id::AQMkAGQ1ZDRhZmI3LTcyNjItNGE0MC04MjZjLWIxNDZhMzY3NTM4OAAALgAAA2FaaTp_sWxJsXD_E5zOfOEBAIJQpk-blzJCrJlbYFrbbZYAAAIBDAAAAA==",
              "importance": "Any",
              "hasAttachments": false,
              "includeAttachments": false,
              "subjectFilter": "INC"
            },
            "authentication": "@parameters('$authentication')"
          }
        }
      },
      "actions": {
        "Html_to_text": {
          "runAfter": {},
          "metadata": {
            "operationMetadataId": "c346a292-72eb-451e-abb3-758aeb3c829c"
          },
          "type": "OpenApiConnection",
          "inputs": {
            "host": {
              "apiId": "/providers/Microsoft.PowerApps/apis/shared_conversionservice",
              "connectionName": "shared_conversionservice",
              "operationId": "HtmlToText"
            },
            "parameters": {
              "Content": "<p>,</p>"
            },
            "authentication": "@parameters('$authentication')"
          }
        },
        "Incident_Number": {
          "runAfter": {
            "Html_to_text": [
              "Succeeded"
            ]
          },
          "metadata": {
            "operationMetadataId": "2dbbd619-ac6e-4fbd-99c4-5e4a11eaf6dc"
          },
          "type": "Compose",
          "inputs": "@concat('INC', first(split(last(split(triggerBody()?['subject'], 'INC')), ' ')))"
        },
        "EnterKey": {
          "runAfter": {
            "Incident_Number": [
              "Succeeded"
            ]
          },
          "metadata": {
            "operationMetadataId": "d79907ec-8854-4817-98d2-5dee6a3a0b75"
          },
          "type": "Compose",
          "inputs": "\n"
        },
        "Split_Body_Text": {
          "runAfter": {
            "EnterKey": [
              "Succeeded"
            ]
          },
          "metadata": {
            "operationMetadataId": "43c937cc-4078-4362-903e-474d422d6c11"
          },
          "type": "Compose",
          "inputs": "@split(outputs('Html_to_text')?['body'],outputs('EnterKey'))"
        },
        "Priority": {
          "runAfter": {
            "Split_Body_Text": [
              "Succeeded"
            ]
          },
          "metadata": {
            "operationMetadataId": "905b836b-3bd8-40a3-b494-80cc2825a9c9"
          },
          "type": "Compose",
          "inputs": "@last(split(outputs('Split_Body_Text')[11],': '))"
        },
        "Switch": {
          "runAfter": {
            "Priority": [
              "Succeeded"
            ]
          },
          "cases": {
            "Case": {
              "case": "1 – Critical",
              "actions": {
                "Compose": {
                  "runAfter": {},
                  "metadata": {
                    "operationMetadataId": "ed6c9ec5-0867-43e0-93b1-a913ded79688"
                  },
                  "type": "Compose",
                  "inputs": 1
                }
              }
            },
            "Case_2": {
              "case": "2 – High",
              "actions": {
                "Compose_2": {
                  "runAfter": {},
                  "metadata": {
                    "operationMetadataId": "3923e4f1-018a-4787-b14f-6412d500c41f"
                  },
                  "type": "Compose",
                  "inputs": 2
                }
              }
            },
            "Case_3": {
              "case": "3 – Low",
              "actions": {
                "Compose_3": {
                  "runAfter": {},
                  "metadata": {
                    "operationMetadataId": "1c5585f8-00c6-4799-a8dd-8c1e22549fb3"
                  },
                  "type": "Compose",
                  "inputs": 3
                }
              }
            }
          },
          "default": {
            "actions": {
              "Compose_4": {
                "runAfter": {},
                "metadata": {
                  "operationMetadataId": "ac32fad6-2504-474c-86f2-175d890830c0"
                },
                "type": "Compose",
                "inputs": 2
              }
            }
          },
          "expression": "@outputs('Priority')",
          "metadata": {
            "operationMetadataId": "d1d5e72e-68ac-4117-a7f3-9eb56892f884"
          },
          "type": "Switch"
        },
        "Get_items": {
          "runAfter": {
            "Switch": [
              "Succeeded"
            ]
          },
          "metadata": {
            "operationMetadataId": "d74c6e6f-2383-4ef6-97ed-f01ceff25646"
          },
          "type": "OpenApiConnection",
          "inputs": {
            "host": {
              "apiId": "/providers/Microsoft.PowerApps/apis/shared_sharepointonline",
              "connectionName": "shared_sharepointonline",
              "operationId": "GetItems"
            },
            "parameters": {
              "dataset": "https://capgemini.sharepoint.com/sites/AutomationTeam613",
              "table": "d56ef78e-24eb-40dd-80d0-8b4f942217c8"
            },
            "authentication": "@parameters('$authentication')"
          }
        },
        "IncidentVariable": {
          "runAfter": {
            "Get_items": [
              "Succeeded"
            ]
          },
          "metadata": {
            "operationMetadataId": "40d5da6b-11eb-4aba-8800-e79036cd7c8a"
          },
          "type": "InitializeVariable",
          "inputs": {
            "variables": [
              {
                "name": "Incident Number",
                "type": "array"
              }
            ]
          }
        },
        "Apply_to_each": {
          "foreach": "@outputs('Get_items')?['body/value']",
          "actions": {
            "Append_to_array_variable": {
              "runAfter": {},
              "metadata": {
                "operationMetadataId": "252b4132-2f63-4267-b638-bbe2cfc8e930"
              },
              "type": "AppendToArrayVariable",
              "inputs": {
                "name": "Incident Number",
                "value": "@items('Apply_to_each')?['IncidentNumber']"
              }
            }
          },
          "runAfter": {
            "IncidentVariable": [
              "Succeeded"
            ]
          },
          "metadata": {
            "operationMetadataId": "fa991585-bf68-4259-8620-05a1bc80fbf9"
          },
          "type": "Foreach"
        },
        "Filter_array": {
          "runAfter": {
            "Apply_to_each": [
              "Succeeded"
            ]
          },
          "metadata": {
            "operationMetadataId": "c6fe48aa-1b07-437e-b1d9-ec3b3e4e3aca"
          },
          "type": "Query",
          "inputs": {
            "from": "@variables('Incident Number')",
            "where": "@equals(item(), outputs('Incident_Number'))"
          }
        },
        "Condition": {
          "actions": {
            "Create_a_work_item": {
              "runAfter": {},
              "metadata": {
                "operationMetadataId": "3541c69a-d0b7-4556-ac84-d103bea759cb"
              },
              "type": "OpenApiConnection",
              "inputs": {
                "host": {
                  "apiId": "/providers/Microsoft.PowerApps/apis/shared_visualstudioteamservices",
                  "connectionName": "shared_visualstudioteamservices",
                  "operationId": "CreateWorkItem"
                },
                "parameters": {
                  "account": "ragamravi-teja",
                  "project": "Automation",
                  "type": "Task",
                  "workItem/title": "@triggerOutputs()?['body/subject']",
                  "workItem/description": "<p>@{triggerOutputs()?['body/bodyPreview']}</p>",
                  "workItem/priority": "@outputs('Switch')",
                  "workItem/dynamicFields/System.AssignedTo": "@triggerOutputs()?['body/from']"
                },
                "authentication": "@parameters('$authentication')"
              }
            },
            "Create_item": {
              "runAfter": {
                "Create_a_work_item": [
                  "Succeeded"
                ]
              },
              "metadata": {
                "operationMetadataId": "0c85cb58-2346-4c9c-8b19-63802f93aca0"
              },
              "type": "OpenApiConnection",
              "inputs": {
                "host": {
                  "apiId": "/providers/Microsoft.PowerApps/apis/shared_sharepointonline",
                  "connectionName": "shared_sharepointonline",
                  "operationId": "PostItem"
                },
                "parameters": {
                  "dataset": "https://capgemini.sharepoint.com/sites/AutomationTeam613",
                  "table": "d56ef78e-24eb-40dd-80d0-8b4f942217c8",
                  "item/Title": "@triggerOutputs()?['body/subject']",
                  "item/IncidentNumber": "@outputs('Incident_Number')",
                  "item/Work_item_IDfromAzureDevOps": "@outputs('Create_a_work_item')?['body/id']"
                },
                "authentication": "@parameters('$authentication')"
              }
            }
          },
          "runAfter": {
            "Filter_array": [
              "Succeeded"
            ]
          },
          "expression": {
            "equals": [
              "@length(body('Filter_array'))",
              "@0"
            ]
          },
          "metadata": {
            "operationMetadataId": "bef5bb83-4384-45db-a9bf-dab627a35391"
          },
          "type": "If"
        }
      },
      "outputs": {}
    },
    "templateName": null
  },
  "schemaVersion": "1.0.0.0"
}