{
  "properties": {
    "connectionReferences": {
      "shared_teams": {
        "runtimeSource": "invoker",
        "connection": {
          "connectionReferenceLogicalName": "farework_sharedteams_d8892"
        },
        "api": {
          "name": "shared_teams"
        }
      },
      "shared_sharepointonline": {
        "runtimeSource": "invoker",
        "connection": {
          "connectionReferenceLogicalName": "farework_sharedsharepointonline_7c4c7"
        },
        "api": {
          "name": "shared_sharepointonline"
        }
      }
    },
    "definition": {
      "$schema": "https://schema.management.azure.com/providers/Microsoft.Logic/schemas/2016-06-01/workflowdefinition.json#",
      "contentVersion": "1.0.0.0",
      "parameters": {
        "$connections": {
          "defaultValue": {},
          "type": "Object"
        },
        "$authentication": {
          "defaultValue": {},
          "type": "SecureObject"
        }
      },
      "triggers": {
        "manual": {
          "metadata": {
            "operationMetadataId": "83cd008e-bd88-45a7-9a92-cf4fda844c9a",
            "flowSystemMetadata": {
              "swaggerOperationId": "ForASelectedMessageV2",
              "taskModuleWidth": null,
              "taskModuleHeight": null,
              "inputsAdaptiveCard": "{\"$schema\":\"http://adaptivecards.io/schemas/adaptive-card.json\",\"type\":\"AdaptiveCard\",\"version\":\"1.3\",\"body\":[{\"type\":\"Input.ChoiceSet\",\"choices\":[{\"title\":\"Bugs\",\"value\":\"Bugs\"},{\"title\":\"CR's\",\"value\":\"CR's\"},{\"title\":\"Incidents\",\"value\":\"Incidents\"}],\"placeholder\":\"Select type of Work Item\",\"id\":\"select type of work item\"}],\"actions\":[{\"type\":\"Action.Submit\",\"title\":\"Submit\"}],\"-ms-tokens\":{}}"
            }
          },
          "type": "Request",
          "kind": "ApiConnection",
          "inputs": {
            "schema": {
              "type": "object",
              "properties": {
                "cardOutputs": {
                  "type": "object",
                  "properties": {
                    "select type of work item": {
                      "title": "select type of work item",
                      "type": "string"
                    }
                  }
                },
                "teamsFlowRunContext": {
                  "type": "object",
                  "properties": {
                    "messagePayload": {
                      "type": "object",
                      "properties": {
                        "body": {
                          "type": "object",
                          "properties": {
                            "content": {
                              "title": "Message Content",
                              "type": "string"
                            }
                          },
                          "required": []
                        }
                      },
                      "required": []
                    }
                  }
                }
              },
              "required": [
                "cardOutputs",
                "teamsFlowRunContext"
              ]
            },
            "host": {
              "connection": {
                "name": "@parameters('$connections')['shared_teams']['connectionId']"
              }
            },
            "operationId": "ForASelectedMessageV2",
            "parameters": {
              "inputsAdaptiveCard": "{\"$schema\":\"http://adaptivecards.io/schemas/adaptive-card.json\",\"type\":\"AdaptiveCard\",\"version\":\"1.3\",\"body\":[{\"type\":\"Input.ChoiceSet\",\"choices\":[{\"title\":\"Bugs\",\"value\":\"Bugs\"},{\"title\":\"CR's\",\"value\":\"CR's\"},{\"title\":\"Incidents\",\"value\":\"Incidents\"}],\"placeholder\":\"Select type of Work Item\",\"id\":\"select type of work item\"}],\"actions\":[{\"type\":\"Action.Submit\",\"title\":\"Submit\"}],\"-ms-tokens\":{}}"
            }
          }
        }
      },
      "actions": {
        "Title_Variable": {
          "runAfter": {},
          "metadata": {
            "operationMetadataId": "e02fad03-ad49-4671-a14a-0faadf35f0f6"
          },
          "type": "InitializeVariable",
          "inputs": {
            "variables": [
              {
                "name": "Title",
                "type": "array"
              }
            ]
          }
        },
        "ID_Variable": {
          "runAfter": {
            "Title_Variable": [
              "Succeeded"
            ]
          },
          "metadata": {
            "operationMetadataId": "ff2f3666-9772-4f97-b112-a276f478482e"
          },
          "type": "InitializeVariable",
          "inputs": {
            "variables": [
              {
                "name": "ID",
                "type": "array"
              }
            ]
          }
        },
        "Counter": {
          "runAfter": {
            "ID_Variable": [
              "Succeeded"
            ]
          },
          "metadata": {
            "operationMetadataId": "c5ecfd5e-f631-4dae-967b-efddf9bf8f57"
          },
          "type": "InitializeVariable",
          "inputs": {
            "variables": [
              {
                "name": "Counter",
                "type": "integer"
              }
            ]
          }
        },
        "Condition": {
          "actions": {
            "Get_items": {
              "runAfter": {},
              "metadata": {
                "operationMetadataId": "494a79f4-83bb-403a-a05f-1d0f609551ec"
              },
              "type": "OpenApiConnection",
              "inputs": {
                "host": {
                  "apiId": "/providers/Microsoft.PowerApps/apis/shared_sharepointonline",
                  "connectionName": "shared_sharepointonline",
                  "operationId": "GetItems"
                },
                "parameters": {
                  "dataset": "https://capgemini.sharepoint.com/sites/AutomationTeam613",
                  "table": "506dc4ef-43cc-4774-837d-ae8069b8d333",
                  "$filter": "State eq 'Open'"
                },
                "authentication": {
                  "value": "@json(decodeBase64(triggerOutputs().headers['X-MS-APIM-Tokens']))['$ConnectionKey']",
                  "type": "Raw"
                }
              }
            },
            "Apply_to_each": {
              "foreach": "@outputs('Get_items')?['body/value']",
              "actions": {
                "Increment_variable": {
                  "runAfter": {},
                  "metadata": {
                    "operationMetadataId": "c25e0965-3f8f-425d-9091-855a78ab17d3"
                  },
                  "type": "IncrementVariable",
                  "inputs": {
                    "name": "Counter",
                    "value": 1
                  }
                },
                "Append_to_array_variable_Title": {
                  "runAfter": {
                    "Increment_variable": [
                      "Succeeded"
                    ]
                  },
                  "metadata": {
                    "operationMetadataId": "90fb7f0a-cea7-45be-93ed-cdfd81821f6e"
                  },
                  "type": "AppendToArrayVariable",
                  "inputs": {
                    "name": "Title",
                    "value": {
                      "title": "@{items('Apply_to_each')?['Title']}",
                      "value": "@{items('Apply_to_each')?['ID']}"
                    }
                  }
                },
                "Append_to_array_variable_ID": {
                  "runAfter": {
                    "Append_to_array_variable_Title": [
                      "Succeeded"
                    ]
                  },
                  "metadata": {
                    "operationMetadataId": "f6e12d1e-763a-4d2e-9b95-f2f47a0a8d81"
                  },
                  "type": "AppendToArrayVariable",
                  "inputs": {
                    "name": "ID",
                    "value": {
                      "Title": "@{items('Apply_to_each')?['ID']}"
                    }
                  }
                }
              },
              "runAfter": {
                "Get_items": [
                  "Succeeded"
                ]
              },
              "metadata": {
                "operationMetadataId": "fb352590-6c1e-4bc6-8bf7-0cb20047936f"
              },
              "type": "Foreach"
            },
            "Title_Compose": {
              "runAfter": {
                "Apply_to_each": [
                  "Succeeded"
                ]
              },
              "metadata": {
                "operationMetadataId": "f4c258d9-a19a-4bae-9db3-2beccd05ed7f"
              },
              "type": "Compose",
              "inputs": "@variables('Title')"
            },
            "ID_Compose_": {
              "runAfter": {
                "Title_Compose": [
                  "Succeeded"
                ]
              },
              "metadata": {
                "operationMetadataId": "321209cc-b2f6-419a-99b6-ab1e9a95d16d"
              },
              "type": "Compose",
              "inputs": "@variables('ID')"
            },
            "Adaptive_Card_for_JSON": {
              "runAfter": {
                "ID_Compose_": [
                  "Succeeded"
                ]
              },
              "metadata": {
                "operationMetadataId": "c8a54f29-23c0-4acc-86f9-e3ec09cfe4aa"
              },
              "type": "Compose",
              "inputs": {
                "type": "AdaptiveCard",
                "$schema": "http://adaptivecards.io/schemas/adaptive-card.json",
                "version": "1.4",
                "body": [
                  {
                    "type": "Input.ChoiceSet",
                    "choices": "@outputs('Title_Compose')",
                    "placeholder": "Placeholder text",
                    "label": "Select Work Item here",
                    "id": "Select Issue",
                    "style": "expanded",
                    "isRequired": true,
                    "errorMessage": "Please select one"
                  }
                ],
                "actions": [
                  {
                    "type": "Action.Submit",
                    "title": "Submit"
                  }
                ]
              }
            },
            "Post_adaptive_card_and_wait_for_a_response": {
              "runAfter": {
                "Adaptive_Card_for_JSON": [
                  "Succeeded"
                ]
              },
              "metadata": {
                "operationMetadataId": "b050608a-9bed-4cc3-911f-baae0abd5e8c"
              },
              "type": "OpenApiConnectionWebhook",
              "inputs": {
                "host": {
                  "apiId": "/providers/Microsoft.PowerApps/apis/shared_teams",
                  "connectionName": "shared_teams",
                  "operationId": "PostCardAndWaitForResponse"
                },
                "parameters": {
                  "poster": "Flow bot",
                  "location": "Channel",
                  "body/body/messageBody": "@outputs('Adaptive_Card_for_JSON')",
                  "body/body/updateMessage": "Thanks for your response!",
                  "body/body/recipient/groupId": "a6604c55-7d9b-4345-866c-3d339da40000",
                  "body/body/recipient/channelId": "19:9wc7jdWIyYSsT8kz4i-wiN85D6Ij7e98y6tWjomKJcY1@thread.tacv2"
                },
                "authentication": {
                  "value": "@json(decodeBase64(triggerOutputs().headers['X-MS-APIM-Tokens']))['$ConnectionKey']",
                  "type": "Raw"
                }
              }
            },
            "Post_card_in_a_chat_or_channel": {
              "runAfter": {
                "Post_adaptive_card_and_wait_for_a_response": [
                  "Succeeded"
                ]
              },
              "metadata": {
                "operationMetadataId": "45afc4d1-1535-45e6-bb18-16a28039f999"
              },
              "type": "OpenApiConnection",
              "inputs": {
                "host": {
                  "apiId": "/providers/Microsoft.PowerApps/apis/shared_teams",
                  "connectionName": "shared_teams",
                  "operationId": "PostCardToConversation"
                },
                "parameters": {
                  "poster": "Flow bot",
                  "location": "Channel",
                  "body/recipient/groupId": "a6604c55-7d9b-4345-866c-3d339da40000",
                  "body/recipient/channelId": "19:9wc7jdWIyYSsT8kz4i-wiN85D6Ij7e98y6tWjomKJcY1@thread.tacv2",
                  "body/messageBody": "{\n    \"type\": \"AdaptiveCard\",\n    \"$schema\": \"http://adaptivecards.io/schemas/adaptive-card.json\",\n    \"version\": \"1.4\",\n    \"body\": [\n        {\n            \"type\": \"TextBlock\",\n            \"text\": \"Click on below button to view/update work item\",\n            \"wrap\": true\n        }\n    ],\n    \"actions\": [\n        {\n            \"type\": \"Action.OpenUrl\",\n            \"title\": \"Open Work Item\",\n            \"url\": \"https://capgemini.sharepoint.com/sites/AutomationTeam613/Lists/Azure%20DevOps%20For%20BUG%20Work%20Item/DispForm.aspx?ID=@{outputs('Post_adaptive_card_and_wait_for_a_response')?['body/data/Select Issue']}\"\n        }\n    ]\n}"
                },
                "authentication": {
                  "value": "@json(decodeBase64(triggerOutputs().headers['X-MS-APIM-Tokens']))['$ConnectionKey']",
                  "type": "Raw"
                }
              }
            },
            "Update_item": {
              "runAfter": {
                "Post_card_in_a_chat_or_channel": [
                  "Succeeded"
                ]
              },
              "metadata": {
                "operationMetadataId": "dc6e243c-eef6-4a09-917e-81c07677dc1f"
              },
              "type": "OpenApiConnection",
              "inputs": {
                "host": {
                  "apiId": "/providers/Microsoft.PowerApps/apis/shared_sharepointonline",
                  "connectionName": "shared_sharepointonline",
                  "operationId": "PatchItem"
                },
                "parameters": {
                  "dataset": "https://capgemini.sharepoint.com/sites/AutomationTeam613",
                  "table": "506dc4ef-43cc-4774-837d-ae8069b8d333",
                  "id": "@outputs('Post_adaptive_card_and_wait_for_a_response')?['body/data/Select Issue']",
                  "item/Discussion": "@triggerBody()?['teamsFlowRunContext']?['messagePayload']?['body']?['content']"
                },
                "authentication": {
                  "value": "@json(decodeBase64(triggerOutputs().headers['X-MS-APIM-Tokens']))['$ConnectionKey']",
                  "type": "Raw"
                }
              }
            }
          },
          "runAfter": {
            "Counter": [
              "Succeeded"
            ]
          },
          "else": {
            "actions": {
              "Condition_2": {
                "actions": {
                  "Get_items_2": {
                    "runAfter": {},
                    "metadata": {
                      "operationMetadataId": "d92ac23d-7846-4263-acb2-1614cfcd6c14"
                    },
                    "type": "OpenApiConnection",
                    "inputs": {
                      "host": {
                        "apiId": "/providers/Microsoft.PowerApps/apis/shared_sharepointonline",
                        "connectionName": "shared_sharepointonline",
                        "operationId": "GetItems"
                      },
                      "parameters": {
                        "dataset": "https://capgemini.sharepoint.com/sites/AutomationTeam613",
                        "table": "df81a844-b36b-40f3-bfa2-3c80de8100ec",
                        "$filter": "State eq 'Open'"
                      },
                      "authentication": {
                        "value": "@json(decodeBase64(triggerOutputs().headers['X-MS-APIM-Tokens']))['$ConnectionKey']",
                        "type": "Raw"
                      }
                    }
                  },
                  "Apply_to_each_2": {
                    "foreach": "@outputs('Get_items_2')?['body/value']",
                    "actions": {
                      "Increment_variable_2": {
                        "runAfter": {},
                        "metadata": {
                          "operationMetadataId": "a784dcc3-1acc-437d-bcfb-dacb50844a75"
                        },
                        "type": "IncrementVariable",
                        "inputs": {
                          "name": "Counter",
                          "value": 1
                        }
                      },
                      "Append_to_array_variable_Title2": {
                        "runAfter": {
                          "Increment_variable_2": [
                            "Succeeded"
                          ]
                        },
                        "metadata": {
                          "operationMetadataId": "f82db72a-98ca-4e6a-9b01-b98c7cc0a008"
                        },
                        "type": "AppendToArrayVariable",
                        "inputs": {
                          "name": "Title",
                          "value": {
                            "title": "@{items('Apply_to_each_2')?['Title']}",
                            "value": "@{items('Apply_to_each_2')?['ID']}"
                          }
                        }
                      },
                      "Append_to_array_variable_ID2": {
                        "runAfter": {
                          "Append_to_array_variable_Title2": [
                            "Succeeded"
                          ]
                        },
                        "metadata": {
                          "operationMetadataId": "e6b63ea1-09bc-47e8-8ede-e4b97ec52a16"
                        },
                        "type": "AppendToArrayVariable",
                        "inputs": {
                          "name": "ID",
                          "value": {
                            "Title": "@{items('Apply_to_each_2')?['ID']}"
                          }
                        }
                      }
                    },
                    "runAfter": {
                      "Get_items_2": [
                        "Succeeded"
                      ]
                    },
                    "metadata": {
                      "operationMetadataId": "3b8bcc2e-da4c-426e-bed0-90e4826d13da"
                    },
                    "type": "Foreach"
                  },
                  "Title_Compose2": {
                    "runAfter": {
                      "Apply_to_each_2": [
                        "Succeeded"
                      ]
                    },
                    "metadata": {
                      "operationMetadataId": "6df067ed-e186-479f-9388-57f90f494abd"
                    },
                    "type": "Compose",
                    "inputs": "@variables('Title')"
                  },
                  "ID_Compose_2": {
                    "runAfter": {
                      "Title_Compose2": [
                        "Succeeded"
                      ]
                    },
                    "metadata": {
                      "operationMetadataId": "dba81e9e-8c2b-48e3-be66-fbdfc92049b0"
                    },
                    "type": "Compose",
                    "inputs": "@variables('ID')"
                  },
                  "Adaptive_Card_for_JSON_2_": {
                    "runAfter": {
                      "ID_Compose_2": [
                        "Succeeded"
                      ]
                    },
                    "metadata": {
                      "operationMetadataId": "d09c4b37-9a40-4de8-bb4c-6921e29685f7"
                    },
                    "type": "Compose",
                    "inputs": {
                      "type": "AdaptiveCard",
                      "$schema": "http://adaptivecards.io/schemas/adaptive-card.json",
                      "version": "1.4",
                      "body": [
                        {
                          "type": "Input.ChoiceSet",
                          "choices": "@outputs('Title_Compose2')",
                          "placeholder": "Placeholder text",
                          "label": "Select Work Item here",
                          "id": "Select Issue",
                          "style": "expanded",
                          "isRequired": true,
                          "errorMessage": "Please select one"
                        }
                      ],
                      "actions": [
                        {
                          "type": "Action.Submit",
                          "title": "Submit"
                        }
                      ]
                    }
                  },
                  "Post_adaptive_card_and_wait_for_a_response_2": {
                    "runAfter": {
                      "Adaptive_Card_for_JSON_2_": [
                        "Succeeded"
                      ]
                    },
                    "metadata": {
                      "operationMetadataId": "2b198c0b-441b-4fb6-a3f9-c66e4f4c2884"
                    },
                    "type": "OpenApiConnectionWebhook",
                    "inputs": {
                      "host": {
                        "apiId": "/providers/Microsoft.PowerApps/apis/shared_teams",
                        "connectionName": "shared_teams",
                        "operationId": "PostCardAndWaitForResponse"
                      },
                      "parameters": {
                        "poster": "Flow bot",
                        "location": "Channel",
                        "body/body/messageBody": "@outputs('Adaptive_Card_for_JSON_2_')",
                        "body/body/updateMessage": "Thanks for your response!",
                        "body/body/recipient/groupId": "a6604c55-7d9b-4345-866c-3d339da40000",
                        "body/body/recipient/channelId": "19:9wc7jdWIyYSsT8kz4i-wiN85D6Ij7e98y6tWjomKJcY1@thread.tacv2"
                      },
                      "authentication": {
                        "value": "@json(decodeBase64(triggerOutputs().headers['X-MS-APIM-Tokens']))['$ConnectionKey']",
                        "type": "Raw"
                      }
                    }
                  },
                  "Post_card_in_a_chat_or_channel_2": {
                    "runAfter": {
                      "Post_adaptive_card_and_wait_for_a_response_2": [
                        "Succeeded"
                      ]
                    },
                    "metadata": {
                      "operationMetadataId": "26cff4b5-0cd0-4842-9053-f876fd83b127"
                    },
                    "type": "OpenApiConnection",
                    "inputs": {
                      "host": {
                        "apiId": "/providers/Microsoft.PowerApps/apis/shared_teams",
                        "connectionName": "shared_teams",
                        "operationId": "PostCardToConversation"
                      },
                      "parameters": {
                        "poster": "Flow bot",
                        "location": "Channel",
                        "body/recipient/groupId": "a6604c55-7d9b-4345-866c-3d339da40000",
                        "body/recipient/channelId": "19:9wc7jdWIyYSsT8kz4i-wiN85D6Ij7e98y6tWjomKJcY1@thread.tacv2",
                        "body/messageBody": "{\n    \"type\": \"AdaptiveCard\",\n    \"$schema\": \"http://adaptivecards.io/schemas/adaptive-card.json\",\n    \"version\": \"1.4\",\n    \"body\": [\n        {\n            \"type\": \"TextBlock\",\n            \"text\": \"Click on below button to view/update work item\",\n            \"wrap\": true\n        }\n    ],\n    \"actions\": [\n        {\n            \"type\": \"Action.OpenUrl\",\n            \"title\": \"Open Work Item\",\n            \"url\": \"https://capgemini.sharepoint.com/sites/AutomationTeam613/Lists/Azure_Devops_Work_Item_For_Incidents/DispForm.aspx?ID=@{outputs('Post_adaptive_card_and_wait_for_a_response_2')?['body/data/Select Issue']}\"\n        }\n    ]\n}"
                      },
                      "authentication": {
                        "value": "@json(decodeBase64(triggerOutputs().headers['X-MS-APIM-Tokens']))['$ConnectionKey']",
                        "type": "Raw"
                      }
                    }
                  },
                  "Update_item_2": {
                    "runAfter": {
                      "Post_card_in_a_chat_or_channel_2": [
                        "Succeeded"
                      ]
                    },
                    "metadata": {
                      "operationMetadataId": "74208394-bce0-4954-ba99-35d6d81de672"
                    },
                    "type": "OpenApiConnection",
                    "inputs": {
                      "host": {
                        "apiId": "/providers/Microsoft.PowerApps/apis/shared_sharepointonline",
                        "connectionName": "shared_sharepointonline",
                        "operationId": "PatchItem"
                      },
                      "parameters": {
                        "dataset": "https://capgemini.sharepoint.com/sites/AutomationTeam613",
                        "table": "df81a844-b36b-40f3-bfa2-3c80de8100ec",
                        "id": "@outputs('Post_adaptive_card_and_wait_for_a_response_2')?['body/data/Select Issue']",
                        "item/Discussion": "@triggerBody()?['teamsFlowRunContext']?['messagePayload']?['body']?['content']"
                      },
                      "authentication": {
                        "value": "@json(decodeBase64(triggerOutputs().headers['X-MS-APIM-Tokens']))['$ConnectionKey']",
                        "type": "Raw"
                      }
                    }
                  }
                },
                "runAfter": {},
                "else": {
                  "actions": {
                    "Get_items_3": {
                      "runAfter": {},
                      "metadata": {
                        "operationMetadataId": "88741364-34d3-4f3b-acbd-da98c8dab7fd"
                      },
                      "type": "OpenApiConnection",
                      "inputs": {
                        "host": {
                          "apiId": "/providers/Microsoft.PowerApps/apis/shared_sharepointonline",
                          "connectionName": "shared_sharepointonline",
                          "operationId": "GetItems"
                        },
                        "parameters": {
                          "dataset": "https://capgemini.sharepoint.com/sites/AutomationTeam613",
                          "table": "88f26a6a-7011-4cda-8a39-58d558310b55",
                          "$filter": "State eq 'Open'"
                        },
                        "authentication": {
                          "value": "@json(decodeBase64(triggerOutputs().headers['X-MS-APIM-Tokens']))['$ConnectionKey']",
                          "type": "Raw"
                        }
                      }
                    },
                    "Apply_to_each_3": {
                      "foreach": "@outputs('Get_items_3')?['body/value']",
                      "actions": {
                        "Increment_variable_3": {
                          "runAfter": {},
                          "metadata": {
                            "operationMetadataId": "e3b7367f-bfe2-4283-9454-6ee4bdc5e959"
                          },
                          "type": "IncrementVariable",
                          "inputs": {
                            "name": "Counter",
                            "value": 1
                          }
                        },
                        "Append_to_array_variable_Title_3": {
                          "runAfter": {
                            "Increment_variable_3": [
                              "Succeeded"
                            ]
                          },
                          "metadata": {
                            "operationMetadataId": "7f3d7d05-f3ac-4637-806c-b89f0496c12d"
                          },
                          "type": "AppendToArrayVariable",
                          "inputs": {
                            "name": "Title",
                            "value": {
                              "title": "@{items('Apply_to_each_3')?['Title']}",
                              "value": "@{items('Apply_to_each_3')?['ID']}"
                            }
                          }
                        },
                        "Append_to_array_variable_ID3": {
                          "runAfter": {
                            "Append_to_array_variable_Title_3": [
                              "Succeeded"
                            ]
                          },
                          "metadata": {
                            "operationMetadataId": "72b00f27-4dfa-4a93-96fc-7083d14ed39e"
                          },
                          "type": "AppendToArrayVariable",
                          "inputs": {
                            "name": "ID",
                            "value": {
                              "title": "ID"
                            }
                          }
                        }
                      },
                      "runAfter": {
                        "Get_items_3": [
                          "Succeeded"
                        ]
                      },
                      "metadata": {
                        "operationMetadataId": "5df0ea05-b075-4dc6-bbd7-a985bb9ada71"
                      },
                      "type": "Foreach"
                    },
                    "Title_Compose3": {
                      "runAfter": {
                        "Apply_to_each_3": [
                          "Succeeded"
                        ]
                      },
                      "metadata": {
                        "operationMetadataId": "46af1d3d-4436-4999-be87-e93717104955"
                      },
                      "type": "Compose",
                      "inputs": "@variables('Title')"
                    },
                    "ID_Compose_3": {
                      "runAfter": {
                        "Title_Compose3": [
                          "Succeeded"
                        ]
                      },
                      "metadata": {
                        "operationMetadataId": "5660b958-0291-4ae2-b215-ce5663794aaa"
                      },
                      "type": "Compose",
                      "inputs": "@variables('ID')"
                    },
                    "Adaptive_Card_for_JSON3": {
                      "runAfter": {
                        "ID_Compose_3": [
                          "Succeeded"
                        ]
                      },
                      "metadata": {
                        "operationMetadataId": "25251653-2eb6-4227-a525-f52313fe3161"
                      },
                      "type": "Compose",
                      "inputs": {
                        "type": "AdaptiveCard",
                        "$schema": "http://adaptivecards.io/schemas/adaptive-card.json",
                        "version": "1.4",
                        "body": [
                          {
                            "type": "Input.ChoiceSet",
                            "choices": "@outputs('Title_Compose3')",
                            "placeholder": "Placeholder text",
                            "label": "Select Work Item here",
                            "id": "Select Issue",
                            "style": "expanded",
                            "isRequired": true,
                            "errorMessage": "Please select one"
                          }
                        ],
                        "actions": [
                          {
                            "type": "Action.Submit",
                            "title": "Submit"
                          }
                        ]
                      }
                    },
                    "Post_adaptive_card_and_wait_for_a_response_3": {
                      "runAfter": {
                        "Adaptive_Card_for_JSON3": [
                          "Succeeded"
                        ]
                      },
                      "metadata": {
                        "operationMetadataId": "b17d6316-a687-42b1-9c63-17997cd4ef23"
                      },
                      "type": "OpenApiConnectionWebhook",
                      "inputs": {
                        "host": {
                          "apiId": "/providers/Microsoft.PowerApps/apis/shared_teams",
                          "connectionName": "shared_teams",
                          "operationId": "PostCardAndWaitForResponse"
                        },
                        "parameters": {
                          "poster": "Flow bot",
                          "location": "Channel",
                          "body/body/messageBody": "@outputs('Adaptive_Card_for_JSON3')",
                          "body/body/updateMessage": "Thanks for your response!",
                          "body/body/recipient/groupId": "a6604c55-7d9b-4345-866c-3d339da40000",
                          "body/body/recipient/channelId": "19:9wc7jdWIyYSsT8kz4i-wiN85D6Ij7e98y6tWjomKJcY1@thread.tacv2"
                        },
                        "authentication": {
                          "value": "@json(decodeBase64(triggerOutputs().headers['X-MS-APIM-Tokens']))['$ConnectionKey']",
                          "type": "Raw"
                        }
                      }
                    },
                    "Post_card_in_a_chat_or_channel_3": {
                      "runAfter": {
                        "Post_adaptive_card_and_wait_for_a_response_3": [
                          "Succeeded"
                        ]
                      },
                      "metadata": {
                        "operationMetadataId": "6522731e-e192-42f9-97e7-0e77310a50a9"
                      },
                      "type": "OpenApiConnection",
                      "inputs": {
                        "host": {
                          "apiId": "/providers/Microsoft.PowerApps/apis/shared_teams",
                          "connectionName": "shared_teams",
                          "operationId": "PostCardToConversation"
                        },
                        "parameters": {
                          "poster": "Flow bot",
                          "location": "Channel",
                          "body/recipient/groupId": "a6604c55-7d9b-4345-866c-3d339da40000",
                          "body/recipient/channelId": "19:9wc7jdWIyYSsT8kz4i-wiN85D6Ij7e98y6tWjomKJcY1@thread.tacv2",
                          "body/messageBody": "{\n    \"type\": \"AdaptiveCard\",\n    \"$schema\": \"http://adaptivecards.io/schemas/adaptive-card.json\",\n    \"version\": \"1.4\",\n    \"body\": [\n        {\n            \"type\": \"TextBlock\",\n            \"text\": \"Click on below button to view/update work item\",\n            \"wrap\": true\n        }\n    ],\n    \"actions\": [\n        {\n            \"type\": \"Action.OpenUrl\",\n            \"title\": \"Open Work Item\",\n            \"url\": \"https://capgemini.sharepoint.com/sites/AutomationTeam613/Lists/Azure_Devops_Work_Item_For_CRs/DispForm.aspx?ID=@{outputs('Post_adaptive_card_and_wait_for_a_response_3')?['body/data/Select Issue']}\"\n        }\n    ]\n}"
                        },
                        "authentication": {
                          "value": "@json(decodeBase64(triggerOutputs().headers['X-MS-APIM-Tokens']))['$ConnectionKey']",
                          "type": "Raw"
                        }
                      }
                    },
                    "Update_item_3": {
                      "runAfter": {
                        "Post_card_in_a_chat_or_channel_3": [
                          "Succeeded"
                        ]
                      },
                      "metadata": {
                        "operationMetadataId": "6b6b967e-37dd-4543-885a-6b9664bb8492"
                      },
                      "type": "OpenApiConnection",
                      "inputs": {
                        "host": {
                          "apiId": "/providers/Microsoft.PowerApps/apis/shared_sharepointonline",
                          "connectionName": "shared_sharepointonline",
                          "operationId": "PatchItem"
                        },
                        "parameters": {
                          "dataset": "https://capgemini.sharepoint.com/sites/AutomationTeam613",
                          "table": "88f26a6a-7011-4cda-8a39-58d558310b55",
                          "id": "@outputs('Post_adaptive_card_and_wait_for_a_response_3')?['body/data/Select Issue']",
                          "item/Discussion": "@triggerBody()?['teamsFlowRunContext']?['messagePayload']?['body']?['content']"
                        },
                        "authentication": {
                          "value": "@json(decodeBase64(triggerOutputs().headers['X-MS-APIM-Tokens']))['$ConnectionKey']",
                          "type": "Raw"
                        }
                      }
                    }
                  }
                },
                "expression": {
                  "equals": [
                    "@triggerBody()?['cardOutputs']?['select type of work item']",
                    "Incidents"
                  ]
                },
                "metadata": {
                  "operationMetadataId": "0754b6b4-a8cb-43d1-b72c-04d6a694321b"
                },
                "type": "If"
              }
            }
          },
          "expression": {
            "equals": [
              "@triggerBody()?['cardOutputs']?['select type of work item']",
              "Bugs"
            ]
          },
          "metadata": {
            "operationMetadataId": "d50240e7-ea14-4c4e-bf93-5d8bfcf02b04"
          },
          "type": "If"
        }
      }
    },
    "templateName": null
  },
  "schemaVersion": "1.0.0.0"
}