{
  "properties": {
    "connectionReferences": {
      "shared_teams": {
        "runtimeSource": "invoker",
        "connection": {
          "connectionReferenceLogicalName": "farework_sharedteams_d8892"
        },
        "api": {
          "name": "shared_teams"
        }
      },
      "shared_sharepointonline": {
        "runtimeSource": "invoker",
        "connection": {
          "connectionReferenceLogicalName": "farework_sharedsharepointonline_7c4c7"
        },
        "api": {
          "name": "shared_sharepointonline"
        }
      }
    },
    "definition": {
      "$schema": "https://schema.management.azure.com/providers/Microsoft.Logic/schemas/2016-06-01/workflowdefinition.json#",
      "contentVersion": "1.0.0.0",
      "parameters": {
        "$connections": {
          "defaultValue": {},
          "type": "Object"
        },
        "$authentication": {
          "defaultValue": {},
          "type": "SecureObject"
        }
      },
      "triggers": {
        "manual": {
          "metadata": {
            "operationMetadataId": "0f3a8f60-443b-4d97-97b0-3b2069ca8d62",
            "flowSystemMetadata": {
              "swaggerOperationId": "ForASelectedMessageV2",
              "taskModuleWidth": null,
              "taskModuleHeight": null,
              "inputsAdaptiveCard": "{\"$schema\":\"http://adaptivecards.io/schemas/adaptive-card.json\",\"type\":\"AdaptiveCard\",\"version\":\"1.3\",\"body\":[{\"type\":\"Input.ChoiceSet\",\"choices\":[{\"title\":\"Bugs\",\"value\":\"Bugs\"},{\"title\":\"CR's\",\"value\":\"CR's\"},{\"title\":\"Incidents\",\"value\":\"Incidents\"}],\"placeholder\":\"Select type of Work Item\",\"id\":\"select type of work item\"}],\"actions\":[{\"type\":\"Action.Submit\",\"title\":\"Submit\"}],\"-ms-tokens\":{}}"
            }
          },
          "type": "Request",
          "kind": "ApiConnection",
          "inputs": {
            "schema": {
              "type": "object",
              "properties": {
                "teamsFlowRunContext": {
                  "type": "object",
                  "properties": {
                    "messagePayload": {
                      "type": "object",
                      "properties": {
                        "body": {
                          "type": "object",
                          "properties": {
                            "content": {
                              "title": "Message Content",
                              "type": "string"
                            }
                          },
                          "required": []
                        }
                      },
                      "required": []
                    }
                  }
                }
              },
              "required": [
                "teamsFlowRunContext"
              ]
            },
            "host": {
              "connection": {
                "name": "@parameters('$connections')['shared_teams']['connectionId']"
              }
            },
            "operationId": "ForASelectedMessageV2",
            "parameters": {
              "inputsAdaptiveCard": "{\"$schema\":\"http://adaptivecards.io/schemas/adaptive-card.json\",\"type\":\"AdaptiveCard\",\"version\":\"1.3\",\"body\":[{\"type\":\"Input.ChoiceSet\",\"choices\":[{\"title\":\"Bugs\",\"value\":\"Bugs\"},{\"title\":\"CR's\",\"value\":\"CR's\"},{\"title\":\"Incidents\",\"value\":\"Incidents\"}],\"placeholder\":\"Select type of Work Item\",\"id\":\"select type of work item\"}],\"actions\":[{\"type\":\"Action.Submit\",\"title\":\"Submit\"}],\"-ms-tokens\":{}}"
            }
          }
        }
      },
      "actions": {
        "Get_items": {
          "runAfter": {
            "Counter_Variable": [
              "Succeeded"
            ]
          },
          "metadata": {
            "operationMetadataId": "d9d16203-8f6b-4872-9780-8b9071381fcc"
          },
          "type": "OpenApiConnection",
          "inputs": {
            "host": {
              "apiId": "/providers/Microsoft.PowerApps/apis/shared_sharepointonline",
              "connectionName": "shared_sharepointonline",
              "operationId": "GetItems"
            },
            "parameters": {
              "dataset": "https://capgemini.sharepoint.com/sites/AutomationTeam613",
              "table": "506dc4ef-43cc-4774-837d-ae8069b8d333",
              "$filter": "State eq 'Open'"
            },
            "authentication": {
              "value": "@json(decodeBase64(triggerOutputs().headers['X-MS-APIM-Tokens']))['$ConnectionKey']",
              "type": "Raw"
            }
          }
        },
        "Title_Variable_": {
          "runAfter": {},
          "metadata": {
            "operationMetadataId": "618d7e01-6127-4f9b-817d-5df1e91171f5"
          },
          "type": "InitializeVariable",
          "inputs": {
            "variables": [
              {
                "name": "Title",
                "type": "array"
              }
            ]
          }
        },
        "Counter_Variable": {
          "runAfter": {
            "ID_Variable": [
              "Succeeded"
            ]
          },
          "metadata": {
            "operationMetadataId": "18ea980e-9d15-40bb-9f5d-9755afcd7ec7"
          },
          "type": "InitializeVariable",
          "inputs": {
            "variables": [
              {
                "name": "Counter",
                "type": "integer"
              }
            ]
          }
        },
        "Apply_to_each": {
          "foreach": "@outputs('Get_items')?['body/value']",
          "actions": {
            "Increment_variable": {
              "runAfter": {},
              "metadata": {
                "operationMetadataId": "eebf3143-8cb9-4834-8efb-07146719aaa5"
              },
              "type": "IncrementVariable",
              "inputs": {
                "name": "Counter",
                "value": 1
              }
            },
            "Append_to_array_variable_Title": {
              "runAfter": {
                "Increment_variable": [
                  "Succeeded"
                ]
              },
              "metadata": {
                "operationMetadataId": "cf8a0afb-02e1-4a7a-bcb4-c4fa27154195"
              },
              "type": "AppendToArrayVariable",
              "inputs": {
                "name": "Title",
                "value": {
                  "title": "@{items('Apply_to_each')?['Title']}",
                  "value": "@{items('Apply_to_each')?['ID']}"
                }
              }
            },
            "Append_to_array_variable_ID": {
              "runAfter": {
                "Append_to_array_variable_Title": [
                  "Succeeded"
                ]
              },
              "metadata": {
                "operationMetadataId": "6ddc82b5-dc9c-4a6c-a368-fff1d1f8f602"
              },
              "type": "AppendToArrayVariable",
              "inputs": {
                "name": "ID",
                "value": {
                  "Title": "@{items('Apply_to_each')?['ID']}"
                }
              }
            }
          },
          "runAfter": {
            "Get_items": [
              "Succeeded"
            ]
          },
          "metadata": {
            "operationMetadataId": "7297bcc2-b8b7-4584-aa9b-4ea4694b4375"
          },
          "type": "Foreach"
        },
        "Title_Compose": {
          "runAfter": {
            "Apply_to_each": [
              "Succeeded"
            ]
          },
          "metadata": {
            "operationMetadataId": "adbf5ff7-d7b0-4aa1-94ad-16b8c387f3df"
          },
          "type": "Compose",
          "inputs": "@variables('Title')"
        },
        "ID_Variable": {
          "runAfter": {
            "Title_Variable_": [
              "Succeeded"
            ]
          },
          "metadata": {
            "operationMetadataId": "4fee1e72-8743-4cea-95a5-c61bd0e70a3d"
          },
          "type": "InitializeVariable",
          "inputs": {
            "variables": [
              {
                "name": "ID",
                "type": "array"
              }
            ]
          }
        },
        "ID_Compose": {
          "runAfter": {
            "Title_Compose": [
              "Succeeded"
            ]
          },
          "metadata": {
            "operationMetadataId": "04c1991c-3760-499b-9c2c-b9058f028b78"
          },
          "type": "Compose",
          "inputs": "@variables('ID')"
        },
        "Adaptive_Card_JSON": {
          "runAfter": {
            "ID_Compose": [
              "Succeeded"
            ]
          },
          "metadata": {
            "operationMetadataId": "1dcc97e2-3b65-41b4-b427-d2cd987b4098"
          },
          "type": "Compose",
          "inputs": {
            "type": "AdaptiveCard",
            "$schema": "http://adaptivecards.io/schemas/adaptive-card.json",
            "version": "1.4",
            "body": [
              {
                "type": "Input.ChoiceSet",
                "choices": "@outputs('Title_Compose')",
                "placeholder": "Placeholder text",
                "label": "Select Work Item here",
                "id": "Select Issue",
                "style": "expanded",
                "isRequired": true,
                "errorMessage": "Please select one"
              }
            ],
            "actions": [
              {
                "type": "Action.Submit",
                "title": "Submit"
              }
            ]
          }
        },
        "Post_adaptive_card_and_wait_for_a_response": {
          "runAfter": {
            "Adaptive_Card_JSON": [
              "Succeeded"
            ]
          },
          "metadata": {
            "operationMetadataId": "7143e983-41c9-4375-8ac6-807ee5c314a3"
          },
          "type": "OpenApiConnectionWebhook",
          "inputs": {
            "host": {
              "apiId": "/providers/Microsoft.PowerApps/apis/shared_teams",
              "connectionName": "shared_teams",
              "operationId": "PostCardAndWaitForResponse"
            },
            "parameters": {
              "poster": "Flow bot",
              "location": "Channel",
              "body/body/messageBody": "@outputs('Adaptive_Card_JSON')",
              "body/body/updateMessage": "Thanks for your response!",
              "body/body/recipient/groupId": "a6604c55-7d9b-4345-866c-3d339da40000",
              "body/body/recipient/channelId": "19:9wc7jdWIyYSsT8kz4i-wiN85D6Ij7e98y6tWjomKJcY1@thread.tacv2"
            },
            "authentication": {
              "value": "@json(decodeBase64(triggerOutputs().headers['X-MS-APIM-Tokens']))['$ConnectionKey']",
              "type": "Raw"
            }
          }
        },
        "Post_card_in_a_chat_or_channel": {
          "runAfter": {
            "Post_adaptive_card_and_wait_for_a_response": [
              "Succeeded"
            ]
          },
          "metadata": {
            "operationMetadataId": "336629b6-f662-40bf-94c1-bd372773bbfe"
          },
          "type": "OpenApiConnection",
          "inputs": {
            "host": {
              "apiId": "/providers/Microsoft.PowerApps/apis/shared_teams",
              "connectionName": "shared_teams",
              "operationId": "PostCardToConversation"
            },
            "parameters": {
              "poster": "Flow bot",
              "location": "Channel",
              "body/recipient/groupId": "a6604c55-7d9b-4345-866c-3d339da40000",
              "body/recipient/channelId": "19:9wc7jdWIyYSsT8kz4i-wiN85D6Ij7e98y6tWjomKJcY1@thread.tacv2",
              "body/messageBody": "{\n    \"type\": \"AdaptiveCard\",\n    \"$schema\": \"http://adaptivecards.io/schemas/adaptive-card.json\",\n    \"version\": \"1.4\",\n    \"body\": [\n        {\n            \"type\": \"TextBlock\",\n            \"text\": \"Click on below button to view/update work item\",\n            \"wrap\": true\n        }\n    ],\n    \"actions\": [\n        {\n            \"type\": \"Action.OpenUrl\",\n            \"title\": \"Open Work Item\",\n            \"url\": \"https://capgemini.sharepoint.com/sites/AutomationTeam613/Lists/Azure%20DevOps%20For%20BUG%20Work%20Item/DispForm.aspx?ID=@{outputs('Post_adaptive_card_and_wait_for_a_response')?['body/data/Select Issue']}\"\n        }\n    ]\n}"
            },
            "authentication": {
              "value": "@json(decodeBase64(triggerOutputs().headers['X-MS-APIM-Tokens']))['$ConnectionKey']",
              "type": "Raw"
            }
          }
        },
        "Update_item": {
          "runAfter": {
            "Post_card_in_a_chat_or_channel": [
              "Succeeded"
            ]
          },
          "metadata": {
            "operationMetadataId": "f7a4a135-6e98-4941-aa9a-9f4b1db19ded"
          },
          "type": "OpenApiConnection",
          "inputs": {
            "host": {
              "apiId": "/providers/Microsoft.PowerApps/apis/shared_sharepointonline",
              "connectionName": "shared_sharepointonline",
              "operationId": "PatchItem"
            },
            "parameters": {
              "dataset": "https://capgemini.sharepoint.com/sites/AutomationTeam613",
              "table": "506dc4ef-43cc-4774-837d-ae8069b8d333",
              "id": "@outputs('Post_adaptive_card_and_wait_for_a_response')?['body/data/Select Issue']",
              "item/Discussion": "@triggerBody()?['teamsFlowRunContext']?['messagePayload']?['body']?['content']"
            },
            "authentication": {
              "value": "@json(decodeBase64(triggerOutputs().headers['X-MS-APIM-Tokens']))['$ConnectionKey']",
              "type": "Raw"
            }
          }
        }
      }
    },
    "templateName": null
  },
  "schemaVersion": "1.0.0.0"
}