{
  "properties": {
    "connectionReferences": {
      "shared_visualstudioteamservices": {
        "runtimeSource": "embedded",
        "connection": {
          "connectionReferenceLogicalName": "farework_sharedvisualstudioteamservices_339ed"
        },
        "api": {
          "name": "shared_visualstudioteamservices"
        }
      },
      "shared_office365": {
        "runtimeSource": "embedded",
        "connection": {
          "connectionReferenceLogicalName": "farework_sharedoffice365_b9ccd"
        },
        "api": {
          "name": "shared_office365"
        }
      }
    },
    "definition": {
      "$schema": "https://schema.management.azure.com/providers/Microsoft.Logic/schemas/2016-06-01/workflowdefinition.json#",
      "contentVersion": "1.0.0.0",
      "parameters": {
        "$connections": {
          "defaultValue": {},
          "type": "Object"
        },
        "$authentication": {
          "defaultValue": {},
          "type": "SecureObject"
        }
      },
      "triggers": {
        "When_a_new_email_arrives_in_a_shared_mailbox_(V2)": {
          "recurrence": {
            "frequency": "Minute",
            "interval": 5
          },
          "splitOn": "@triggerOutputs()?['body/value']",
          "metadata": {
            "operationMetadataId": "b0511441-2c3a-47c9-9329-e2310c820685"
          },
          "type": "OpenApiConnection",
          "inputs": {
            "host": {
              "apiId": "/providers/Microsoft.PowerApps/apis/shared_office365",
              "connectionName": "shared_office365",
              "operationId": "SharedMailboxOnNewEmailV2"
            },
            "parameters": {
              "mailboxAddress": "chanel-phoenix-automation.in@capgemini.com;",
              "importance": "Any",
              "hasAttachments": false,
              "includeAttachments": false,
              "subjectFilter": "Update Issue"
            },
            "authentication": "@parameters('$authentication')"
          }
        }
      },
      "actions": {
        "Subject": {
          "runAfter": {},
          "metadata": {
            "operationMetadataId": "7121896a-98fb-415e-b412-5c6c62a9bdcd"
          },
          "type": "Compose",
          "inputs": "@triggerOutputs()?['body/subject']"
        },
        "Subject_Filter": {
          "runAfter": {
            "Subject": [
              "Succeeded"
            ]
          },
          "metadata": {
            "operationMetadataId": "48f0a885-889b-469a-a23f-a92b50b4a201"
          },
          "type": "Compose",
          "inputs": "@trim(split(outputs('Subject'),'Issue')[1])"
        },
        "Update_a_work_item": {
          "runAfter": {
            "BodyFilter": [
              "Succeeded"
            ]
          },
          "metadata": {
            "operationMetadataId": "ca8a80c0-3514-4a22-ba8e-85dcdca9aca0"
          },
          "type": "OpenApiConnection",
          "inputs": {
            "host": {
              "apiId": "/providers/Microsoft.PowerApps/apis/shared_visualstudioteamservices",
              "connectionName": "shared_visualstudioteamservices",
              "operationId": "UpdateWorkItem"
            },
            "parameters": {
              "account": "ragamravi-teja",
              "id": "@outputs('Subject_Filter')",
              "project": "Automation",
              "type": "Issue",
              "workItem/priority": 3,
              "workItem/userEnteredFields": {
                "History": "@{outputs('BodyFilter')}"
              }
            },
            "authentication": "@parameters('$authentication')"
          }
        },
        "Body": {
          "runAfter": {
            "Subject_Filter": [
              "Succeeded"
            ]
          },
          "metadata": {
            "operationMetadataId": "e8651938-d129-4404-af7f-51c50e1c9495"
          },
          "type": "Compose",
          "inputs": "@triggerOutputs()?['body/body']"
        },
        "BodyFilter": {
          "runAfter": {
            "Body": [
              "Succeeded"
            ]
          },
          "metadata": {
            "operationMetadataId": "06ff8427-a0b1-4d29-97f7-a0298297ff7d"
          },
          "type": "Compose",
          "inputs": "@trim(split(outputs('Body'),'From')[0])"
        }
      },
      "outputs": {}
    },
    "templateName": null
  },
  "schemaVersion": "1.0.0.0"
}