{
  "properties": {
    "connectionReferences": {
      "shared_teams": {
        "runtimeSource": "invoker",
        "connection": {
          "connectionReferenceLogicalName": "farework_sharedteams_d8892"
        },
        "api": {
          "name": "shared_teams"
        }
      },
      "shared_visualstudioteamservices": {
        "runtimeSource": "invoker",
        "connection": {
          "connectionReferenceLogicalName": "farework_sharedvisualstudioteamservices_339ed"
        },
        "api": {
          "name": "shared_visualstudioteamservices"
        }
      },
      "shared_office365users": {
        "runtimeSource": "invoker",
        "connection": {
          "connectionReferenceLogicalName": "farework_sharedoffice365users_af901"
        },
        "api": {
          "name": "shared_office365users"
        }
      }
    },
    "definition": {
      "$schema": "https://schema.management.azure.com/providers/Microsoft.Logic/schemas/2016-06-01/workflowdefinition.json#",
      "contentVersion": "1.0.0.0",
      "parameters": {
        "$connections": {
          "defaultValue": {},
          "type": "Object"
        },
        "$authentication": {
          "defaultValue": {},
          "type": "SecureObject"
        }
      },
      "triggers": {
        "manual": {
          "metadata": {
            "operationMetadataId": "d61b0075-4819-4b5f-b950-799005859d96",
            "flowSystemMetadata": {
              "swaggerOperationId": "ForASelectedMessageV2",
              "taskModuleWidth": null,
              "taskModuleHeight": null,
              "inputsAdaptiveCard": "{\"$schema\":\"http://adaptivecards.io/schemas/adaptive-card.json\",\"type\":\"AdaptiveCard\",\"version\":\"1.3\",\"body\":[{\"type\":\"TextBlock\",\"text\":\"Work Item ID\"},{\"type\":\"Input.Text\",\"id\":\"ID\",\"placeholder\":\"Work Item ID\",\"style\":\"Tel\",\"spacing\":\"None\"},{\"type\":\"TextBlock\",\"text\":\"Work Item Type\",\"wrap\":true},{\"type\":\"Input.ChoiceSet\",\"choices\":[{\"title\":\"Issue\",\"value\":\"Issue\"},{\"title\":\"Task\",\"value\":\"Task\"},{\"title\":\"Epic\",\"value\":\"Epic\"}],\"placeholder\":\"Select Work Item Type\",\"id\":\"Select Work Item Type\"}],\"actions\":[{\"type\":\"Action.Submit\",\"title\":\"Submit\"}],\"-ms-tokens\":{}}"
            }
          },
          "type": "Request",
          "kind": "ApiConnection",
          "inputs": {
            "schema": {
              "type": "object",
              "properties": {
                "cardOutputs": {
                  "type": "object",
                  "properties": {
                    "id": {
                      "title": "id",
                      "type": "string"
                    },
                    "select Work Item Type": {
                      "title": "select Work Item Type",
                      "type": "string"
                    }
                  }
                },
                "teamsFlowRunContext": {
                  "type": "object",
                  "properties": {
                    "messagePayload": {
                      "type": "object",
                      "properties": {
                        "body": {
                          "type": "object",
                          "properties": {
                            "content": {
                              "title": "Message Content",
                              "type": "string"
                            }
                          },
                          "required": []
                        },
                        "from": {
                          "type": "object",
                          "properties": {
                            "user": {
                              "type": "object",
                              "properties": {
                                "id": {
                                  "title": "Sender User ID",
                                  "type": "string"
                                }
                              },
                              "required": []
                            }
                          },
                          "required": []
                        }
                      },
                      "required": []
                    },
                    "from": {
                      "type": "object",
                      "properties": {
                        "aadObjectId": {
                          "title": "Originating User ID",
                          "type": "string"
                        }
                      },
                      "required": []
                    }
                  },
                  "required": []
                }
              },
              "required": [
                "cardOutputs",
                "teamsFlowRunContext"
              ]
            },
            "host": {
              "connection": {
                "name": "@parameters('$connections')['shared_teams']['connectionId']"
              }
            },
            "operationId": "ForASelectedMessageV2",
            "parameters": {
              "inputsAdaptiveCard": "{\"$schema\":\"http://adaptivecards.io/schemas/adaptive-card.json\",\"type\":\"AdaptiveCard\",\"version\":\"1.3\",\"body\":[{\"type\":\"TextBlock\",\"text\":\"Work Item ID\"},{\"type\":\"Input.Text\",\"id\":\"ID\",\"placeholder\":\"Work Item ID\",\"style\":\"Tel\",\"spacing\":\"None\"},{\"type\":\"TextBlock\",\"text\":\"Work Item Type\",\"wrap\":true},{\"type\":\"Input.ChoiceSet\",\"choices\":[{\"title\":\"Issue\",\"value\":\"Issue\"},{\"title\":\"Task\",\"value\":\"Task\"},{\"title\":\"Epic\",\"value\":\"Epic\"}],\"placeholder\":\"Select Work Item Type\",\"id\":\"Select Work Item Type\"}],\"actions\":[{\"type\":\"Action.Submit\",\"title\":\"Submit\"}],\"-ms-tokens\":{}}"
            }
          }
        }
      },
      "actions": {
        "Update_a_work_item": {
          "runAfter": {
            "Get_user_profile_(V2)": [
              "Succeeded"
            ]
          },
          "metadata": {
            "operationMetadataId": "ad058e56-c58c-468c-b023-ca1812787fec"
          },
          "type": "OpenApiConnection",
          "inputs": {
            "host": {
              "apiId": "/providers/Microsoft.PowerApps/apis/shared_visualstudioteamservices",
              "connectionName": "shared_visualstudioteamservices",
              "operationId": "UpdateWorkItem"
            },
            "parameters": {
              "account": "ragamravi-teja",
              "id": "@triggerBody()?['cardOutputs']?['id']",
              "project": "Automation",
              "workItem/description": "<p>@{triggerBody()?['teamsFlowRunContext']?['messagePayload']?['body']?['content']}</p>",
              "type": "@triggerBody()?['cardOutputs']?['select Work Item Type']",
              "workItem/priority": 3
            },
            "authentication": {
              "value": "@json(decodeBase64(triggerOutputs().headers['X-MS-APIM-Tokens']))['$ConnectionKey']",
              "type": "Raw"
            }
          }
        },
        "Get_user_profile_(V2)": {
          "runAfter": {},
          "metadata": {
            "operationMetadataId": "dee9fcf7-f669-410e-ad45-d007089834fe"
          },
          "type": "OpenApiConnection",
          "inputs": {
            "host": {
              "apiId": "/providers/Microsoft.PowerApps/apis/shared_office365users",
              "connectionName": "shared_office365users",
              "operationId": "UserProfile_V2"
            },
            "parameters": {
              "id": "@triggerBody()?['teamsFlowRunContext']?['messagePayload']?['from']?['user']?['id']"
            },
            "authentication": {
              "value": "@json(decodeBase64(triggerOutputs().headers['X-MS-APIM-Tokens']))['$ConnectionKey']",
              "type": "Raw"
            }
          }
        }
      }
    },
    "templateName": null
  },
  "schemaVersion": "1.0.0.0"
}