{
  "properties": {
    "connectionReferences": {
      "shared_office365": {
        "runtimeSource": "embedded",
        "connection": {
          "connectionReferenceLogicalName": "farework_sharedoffice365_b9ccd"
        },
        "api": {
          "name": "shared_office365"
        }
      },
      "shared_conversionservice": {
        "runtimeSource": "embedded",
        "connection": {
          "connectionReferenceLogicalName": "farework_sharedconversionservice_447c1"
        },
        "api": {
          "name": "shared_conversionservice"
        }
      }
    },
    "definition": {
      "$schema": "https://schema.management.azure.com/providers/Microsoft.Logic/schemas/2016-06-01/workflowdefinition.json#",
      "contentVersion": "1.0.0.0",
      "parameters": {
        "$connections": {
          "defaultValue": {},
          "type": "Object"
        },
        "$authentication": {
          "defaultValue": {},
          "type": "SecureObject"
        }
      },
      "triggers": {
        "When_a_new_email_arrives_(V3)": {
          "splitOn": "@triggerOutputs()?['body/value']",
          "metadata": {
            "operationMetadataId": "20b24cb8-dfe5-43a3-a75b-3cf49ae8c9ad"
          },
          "type": "OpenApiConnectionNotification",
          "inputs": {
            "host": {
              "apiId": "/providers/Microsoft.PowerApps/apis/shared_office365",
              "connectionName": "shared_office365",
              "operationId": "OnNewEmailV3"
            },
            "parameters": {
              "folderPath": "Inbox",
              "includeAttachments": false,
              "importance": "Any",
              "fetchOnlyWithAttachment": false
            },
            "authentication": "@parameters('$authentication')"
          }
        }
      },
      "actions": {
        "Html_to_text": {
          "runAfter": {},
          "metadata": {
            "operationMetadataId": "9b4e754b-489a-4198-b41d-ac5783133214"
          },
          "type": "OpenApiConnection",
          "inputs": {
            "host": {
              "apiId": "/providers/Microsoft.PowerApps/apis/shared_conversionservice",
              "connectionName": "shared_conversionservice",
              "operationId": "HtmlToText"
            },
            "parameters": {
              "Content": "<p>@{triggerOutputs()?['body/body']}</p>"
            },
            "authentication": "@parameters('$authentication')"
          }
        },
        "Priority": {
          "runAfter": {
            "Html_to_text": [
              "Succeeded"
            ]
          },
          "metadata": {
            "operationMetadataId": "1f1bd855-22fd-4d86-93fa-6baea28bbd77"
          },
          "type": "InitializeVariable",
          "inputs": {
            "variables": [
              {
                "name": "Priority",
                "type": "integer"
              }
            ]
          }
        },
        "IncidentDescription": {
          "runAfter": {
            "Priority": [
              "Succeeded"
            ]
          },
          "metadata": {
            "operationMetadataId": "a2f68d1d-6c62-4728-99e9-18fe84539795"
          },
          "type": "InitializeVariable",
          "inputs": {
            "variables": [
              {
                "name": "Incident Description",
                "type": "string"
              }
            ]
          }
        },
        "Tag": {
          "runAfter": {
            "IncidentDescription": [
              "Succeeded"
            ]
          },
          "metadata": {
            "operationMetadataId": "f9ff5579-cee5-47a7-8ba8-bf9c5ac7c788"
          },
          "type": "InitializeVariable",
          "inputs": {
            "variables": [
              {
                "name": "Tag",
                "type": "string"
              }
            ]
          }
        },
        "Analysis": {
          "runAfter": {
            "Tag": [
              "Succeeded"
            ]
          },
          "metadata": {
            "operationMetadataId": "7c923e81-b7cc-48e3-baf8-8b2738de262f"
          },
          "type": "InitializeVariable",
          "inputs": {
            "variables": [
              {
                "name": "Analysis",
                "type": "string"
              }
            ]
          }
        },
        "Condition": {
          "actions": {
            "Compose": {
              "runAfter": {},
              "metadata": {
                "operationMetadataId": "d65b3d3c-d987-42d6-b295-56ba3c28b245"
              },
              "type": "Compose",
              "inputs": "@trim(split(variables('PlainTextEmailContent'),'Priority:')[1])"
            }
          },
          "runAfter": {
            "Compose_2": [
              "Succeeded"
            ]
          },
          "expression": {
            "equals": [
              "@contains(variables('PlainTextEmailContent'), 'Priority:')",
              "@true"
            ]
          },
          "metadata": {
            "operationMetadataId": "84053ac6-f827-4b08-a5fe-6dbd003a13df"
          },
          "type": "If"
        },
        "PlainTextEmailContent": {
          "runAfter": {
            "Initialize_variable": [
              "Succeeded"
            ]
          },
          "metadata": {
            "operationMetadataId": "3e2f449c-4d6f-4f89-a270-c8c82aae86a5"
          },
          "type": "SetVariable",
          "inputs": {
            "name": "PlainTextEmailContent",
            "value": "@body('Html_to_text')"
          }
        },
        "Initialize_variable": {
          "runAfter": {
            "Analysis": [
              "Succeeded"
            ]
          },
          "metadata": {
            "operationMetadataId": "9d54f00f-c539-47ff-9c80-755226f30caa"
          },
          "type": "InitializeVariable",
          "inputs": {
            "variables": [
              {
                "name": "PlainTextEmailContent",
                "type": "string"
              }
            ]
          }
        },
        "Compose_2": {
          "runAfter": {
            "PlainTextEmailContent": [
              "Succeeded"
            ]
          },
          "metadata": {
            "operationMetadataId": "741d0b06-e7c0-411b-8260-e9e4d3e72d68"
          },
          "type": "Compose",
          "inputs": "@slice(split(split(variables('PlainTextEmailContent'), 'Priority:')[1],'\\n')[0])"
        }
      },
      "outputs": {}
    },
    "templateName": null
  },
  "schemaVersion": "1.0.0.0"
}