<botcomponent schemaname="cr0ea_lDChatbotTrial.component.AdminAnalyticsavailableoutofthebox.docx">
  <componenttype>14</componenttype>
  <description>This knowledge source searches information contained in Admin Analytics available out of the box.docx</description>
  <iscustomizable>0</iscustomizable>
  <name>Admin Analytics available out of the box.docx</name>
  <parentbotid>
    <schemaname>cr0ea_lDChatbotTrial</schemaname>
  </parentbotid>
  <statecode>0</statecode>
  <statuscode>1</statuscode>
</botcomponent>