{"name":"b24d7c32-ce14-407a-9026-fa9f0d3ac343","id":"/providers/Microsoft.Flow/flows/b24d7c32-ce14-407a-9026-fa9f0d3ac343","type":"Microsoft.Flow/flows","properties":{"apiId":"/providers/Microsoft.PowerApps/apis/shared_logicflows","displayName":"Generate_Invoice","definition":{"metadata":{"workflowEntityId":null,"processAdvisorMetadata":null,"flowChargedByPaygo":null,"flowclientsuspensionreason":"None","flowclientsuspensiontime":null,"flowclientsuspensionreasondetails":null,"creator":{"id":"0f53e782-45cf-4639-9fb4-7c8848154a1e","type":"User","tenantId":"76a2ae5a-9f00-4f6b-95ed-5d33d77c4d61"},"provisioningMethod":"FromDefinition","failureAlertSubscription":true,"clientLastModifiedTime":"2023-11-18T10:48:57.8276305Z","connectionKeySavedTimeKey":"2023-11-18T10:48:57.8276305Z"},"$schema":"https://schema.management.azure.com/providers/Microsoft.Logic/schemas/2016-06-01/workflowdefinition.json#","contentVersion":"undefined","parameters":{"$authentication":{"defaultValue":{},"type":"SecureObject"},"$connections":{"defaultValue":{},"type":"Object"}},"triggers":{"manual":{"type":"Request","kind":"PowerAppV2","inputs":{"schema":{"type":"object","properties":{},"required":[]}}}},"actions":{"Create_file":{"runAfter":{},"type":"OpenApiConnection","inputs":{"parameters":{"folderPath":"/PDF","name":"Invoice1.html","body":"@concat('<!DOCTYPE html>\r\n<html lang=\"en\">\r\n<head>\r\n  <meta charset=\"UTF-8\">\r\n  <title>Invoice</title>\r\n  <style>\r\n    body {\r\n      font-family: Arial, sans-serif;\r\n      margin: 0;\r\n      padding: 20px;\r\n      background-color: #f0f0f0;\r\n    }\r\n    .container {\r\n      width: 80%;\r\n      margin: 0 auto;\r\n      border: 2px solid #154360;\r\n      padding: 20px;\r\n      background-color: #e6f2ff;\r\n      border-radius: 5px;\r\n    }\r\n    header {\r\n      text-align: center;\r\n      margin-bottom: 20px;\r\n      background-color: #154360;\r\n      color: #fff;\r\n      padding: 10px;\r\n      border-radius: 5px;\r\n    }\r\n    header h1 {\r\n      margin: 0;\r\n    }\r\n    .invoice-details {\r\n      margin-bottom: 20px;\r\n    }\r\n    .invoice-details table {\r\n      width: 50%;\r\n      border-collapse: collapse;\r\n    }\r\n    .invoice-details table, .invoice-details th, .invoice-details td {\r\n      border: 1px solid #000;\r\n      padding: 8px;\r\n      text-align: left;\r\n    }\r\n    table {\r\n      width: 100%;\r\n      border-collapse: collapse;\r\n      margin-bottom: 20px;\r\n    }\r\n    table, th, td {\r\n      border: 1px solid #000;\r\n      padding: 8px;\r\n      text-align: left;\r\n    }\r\n    .total {\r\n      text-align: right;\r\n    }\r\n    button {\r\n      padding: 10px 20px;\r\n      background-color: #154360;\r\n      color: #fff;\r\n      border: none;\r\n      border-radius: 5px;\r\n      cursor: pointer;\r\n    }\r\n    button:hover {\r\n      background-color: #0d2b4a;\r\n    }\r\n  </style>\r\n</head>\r\n<body>\r\n\r\n<div class=\"container\">\r\n  <header>\r\n    <h1>Invoice</h1>\r\n  </header>\r\n\r\n  <div class=\"invoice-details\">\r\n    <h2>Invoice Details</h2>\r\n    <table>\r\n      <tr>\r\n        <th>Invoice ID</th>\r\n        <td>INV-001</td>\r\n      </tr>\r\n      <tr>\r\n        <th>Invoice Date</th>\r\n        <td>November 18, 2023</td>\r\n      </tr>\r\n      <tr>\r\n        <th>Client Code</th>\r\n        <td>CLT-12345</td>\r\n      </tr>\r\n      <tr>\r\n        <th>Delivery Name</th>\r\n        <td>John Doe</td>\r\n      </tr>\r\n      <tr>\r\n        <th>Delivery Address Line 1</th>\r\n        <td>123 Street Name</td>\r\n      </tr>\r\n      <tr>\r\n        <th>Delivery Address Line 2</th>\r\n        <td>City, Postal Code</td>\r\n      </tr>\r\n      \r\n      <!-- Add more details as needed -->\r\n    </table>\r\n  </div>\r\n\r\n  <table>\r\n    <thead>\r\n      <tr>\r\n        <th>Description</th>\r\n        <th>Quantity</th>\r\n        <th>Unit Price</th>\r\n        <th>Total</th>\r\n      </tr>\r\n    </thead>\r\n    <tbody>\r\n      <tr>\r\n        <td>Item 1</td>\r\n        <td>2</td>\r\n        <td>€20.00</td>\r\n        <td>€40.00</td>\r\n      </tr>\r\n      <tr>\r\n        <td>Item 2</td>\r\n        <td>1</td>\r\n        <td>€30.00</td>\r\n        <td>€30.00</td>\r\n      </tr>\r\n      <tr>\r\n        <td>Item 3</td>\r\n        <td>2</td>\r\n        <td>€20.00</td>\r\n        <td>€40.00</td>\r\n      </tr>\r\n      <tr>\r\n        <td>Item 4</td>\r\n        <td>2</td>\r\n        <td>€20.00</td>\r\n        <td>€40.00</td>\r\n      </tr>\r\n      <tr>\r\n        <td>Item 5</td>\r\n        <td>2</td>\r\n        <td>€20.00</td>\r\n        <td>€40.00</td>\r\n      </tr>\r\n      <tr>\r\n        <td>Item 6</td>\r\n        <td>2</td>\r\n        <td>€20.00</td>\r\n        <td>€40.00</td>\r\n      </tr>\r\n      <tr>\r\n        <td>Item 7</td>\r\n        <td>2</td>\r\n        <td>€20.00</td>\r\n        <td>€40.00</td>\r\n      </tr>\r\n      <tr>\r\n        <td>Item 8</td>\r\n        <td>2</td>\r\n        <td>€20.00</td>\r\n        <td>€40.00</td>\r\n      </tr>\r\n      <tr>\r\n        <td>Item 9</td>\r\n        <td>2</td>\r\n        <td>€20.00</td>\r\n        <td>€40.00</td>\r\n      </tr>\r\n      <tr>\r\n        <td>Item 10</td>\r\n        <td>2</td>\r\n        <td>€20.00</td>\r\n        <td>€40.00</td>\r\n      </tr>\r\n      <tr>\r\n        <td>Item 11</td>\r\n        <td>2</td>\r\n        <td>€20.00</td>\r\n        <td>€40.00</td>\r\n      </tr>\r\n      <tr>\r\n        <td>Item 12</td>\r\n        <td>2</td>\r\n        <td>€20.00</td>\r\n        <td>€40.00</td>\r\n      </tr>\r\n      <tr>\r\n        <td>Item 13</td>\r\n        <td>2</td>\r\n        <td>€20.00</td>\r\n        <td>€40.00</td>\r\n      </tr>\r\n      <tr>\r\n        <td>Item 14</td>\r\n        <td>2</td>\r\n        <td>€20.00</td>\r\n        <td>€40.00</td>\r\n      </tr>\r\n      <tr>\r\n        <td>Item 15</td>\r\n        <td>2</td>\r\n        <td>€20.00</td>\r\n        <td>€40.00</td>\r\n      </tr>\r\n      <tr>\r\n        <td>Item 16</td>\r\n        <td>2</td>\r\n        <td>€20.00</td>\r\n        <td>€40.00</td>\r\n      </tr><tr>\r\n        <td>Item 17</td>\r\n        <td>2</td>\r\n        <td>€20.00</td>\r\n        <td>€40.00</td>\r\n      </tr>\r\n      <tr>\r\n        <td>Item 18</td>\r\n        <td>2</td>\r\n        <td>€20.00</td>\r\n        <td>€40.00</td>\r\n      </tr><tr>\r\n        <td>Item 19</td>\r\n        <td>2</td>\r\n        <td>€20.00</td>\r\n        <td>€40.00</td>\r\n      </tr>\r\n      <tr>\r\n        <td>Item 20</td>\r\n        <td>2</td>\r\n        <td>€20.00</td>\r\n        <td>€40.00</td>\r\n      </tr>\r\n      <tr>\r\n        <td>Item 21</td>\r\n        <td>2</td>\r\n        <td>€20.00</td>\r\n        <td>€40.00</td>\r\n      </tr>\r\n      \r\n      <!-- You can dynamically add more rows here -->\r\n    </tbody>\r\n    <tfoot>\r\n      <tr>\r\n        <td colspan=\"3\" class=\"total\">Total:</td>\r\n        <td>€70.00</td>\r\n      </tr>\r\n    </tfoot>\r\n  </table>\r\n\r\n  <button onclick=\"window.print()\">Print Invoice</button>\r\n</div>\r\n\r\n</body>\r\n</html>\r\n')"},"host":{"apiId":"/providers/Microsoft.PowerApps/apis/shared_onedriveforbusiness","connectionName":"shared_onedriveforbusiness","operationId":"CreateFile"},"authentication":{"value":"@json(decodeBase64(triggerOutputs().headers['X-MS-APIM-Tokens']))['$ConnectionKey']","type":"Raw"}}},"Convert_file_using_path":{"runAfter":{"Create_file":["Succeeded"]},"type":"OpenApiConnection","inputs":{"parameters":{"path":"@outputs('Create_file')?['body/Path']","type":"PDF"},"host":{"apiId":"/providers/Microsoft.PowerApps/apis/shared_onedriveforbusiness","connectionName":"shared_onedriveforbusiness","operationId":"ConvertFileByPath"},"authentication":{"value":"@json(decodeBase64(triggerOutputs().headers['X-MS-APIM-Tokens']))['$ConnectionKey']","type":"Raw"}}},"Create_file_1":{"runAfter":{"Convert_file_using_path":["Succeeded"]},"type":"OpenApiConnection","inputs":{"parameters":{"folderPath":"/PDF","name":"New_Invoice.PDF","body":"@body('Convert_file_using_path')"},"host":{"apiId":"/providers/Microsoft.PowerApps/apis/shared_onedriveforbusiness","connectionName":"shared_onedriveforbusiness","operationId":"CreateFile"},"authentication":{"value":"@json(decodeBase64(triggerOutputs().headers['X-MS-APIM-Tokens']))['$ConnectionKey']","type":"Raw"}}}}},"connectionReferences":{"shared_onedriveforbusiness":{"connectionName":"73b7e49d64114eb19f358ef4daa6bb14","source":"Invoker","id":"/providers/Microsoft.PowerApps/apis/shared_onedriveforbusiness","tier":"NotSpecified"}},"flowFailureAlertSubscribed":false,"isManaged":false}}