<botcomponent_connectionreferenceset>
  <botcomponent_connectionreference botcomponentid.schemaname="cr5e0_itHelpdeskTicketAssistant.component.MSNWeather-Getforecastfortoday" connectionreferenceid.connectionreferencelogicalname="cr5e0_itHelpdeskTicketAssistant.cr.fVEf12rg">
    <iscustomizable>1</iscustomizable>
  </botcomponent_connectionreference>
  <botcomponent_connectionreference botcomponentid.schemaname="cr5e0_itHelpdeskTicketAssistant.component.ServiceNow-GetRecord" connectionreferenceid.connectionreferencelogicalname="cr5e0_itHelpdeskTicketAssistant.cr.InzBnX6Z">
    <iscustomizable>1</iscustomizable>
  </botcomponent_connectionreference>
  <botcomponent_connectionreference botcomponentid.schemaname="cr5e0_itHelpdeskTicketAssistant.component.ServiceNow-ListRecords" connectionreferenceid.connectionreferencelogicalname="cr5e0_itHelpdeskTicketAssistant.cr.pgq7R_31">
    <iscustomizable>1</iscustomizable>
  </botcomponent_connectionreference>
  <botcomponent_connectionreference botcomponentid.schemaname="cr5e0_itHelpdeskTicketAssistant.topic.ConversationStart" connectionreferenceid.connectionreferencelogicalname="cr5e0_itHelpdeskTicketAssistant.cr.gMQxUFXM">
    <iscustomizable>1</iscustomizable>
  </botcomponent_connectionreference>
</botcomponent_connectionreferenceset>