<botcomponent schemaname="cr0ea_lDChatbotTrial.component.BLOOMAssets-Quickknowledge.docx">
  <componenttype>14</componenttype>
  <description>This knowledge source searches information contained in BLOOM Assets - Quick knowledge.docx</description>
  <iscustomizable>0</iscustomizable>
  <name>BLOOM Assets - Quick knowledge.docx</name>
  <parentbotid>
    <schemaname>cr0ea_lDChatbotTrial</schemaname>
  </parentbotid>
  <statecode>0</statecode>
  <statuscode>1</statuscode>
</botcomponent>