<botcomponent schemaname="crbed_userSupport.topic.UnknownDtmfKey">
  <componenttype>9</componenttype>
  <description>Triggered when a user's dial pad input doesn't match any existing dial pad settings. Global DTMF dial pad configurations are considered before this triggers.</description>
  <iscustomizable>0</iscustomizable>
  <name>Unknown dial pad press</name>
  <parentbotid>
    <schemaname>crbed_userSupport</schemaname>
  </parentbotid>
  <statecode>1</statecode>
  <statuscode>2</statuscode>
</botcomponent>