{
  "properties": {
    "connectionReferences": {
      "shared_sharepointonline": {
        "runtimeSource": "invoker",
        "connection": {
          "connectionReferenceLogicalName": "pb_sharedsharepointonline_54fda"
        },
        "api": {
          "name": "shared_sharepointonline"
        }
      }
    },
    "definition": {
      "$schema": "https://schema.management.azure.com/providers/Microsoft.Logic/schemas/2016-06-01/workflowdefinition.json#",
      "contentVersion": "1.0.0.0",
      "parameters": {
        "$connections": {
          "defaultValue": {},
          "type": "Object"
        },
        "$authentication": {
          "defaultValue": {},
          "type": "SecureObject"
        }
      },
      "triggers": {
        "manual": {
          "metadata": {
            "operationMetadataId": "04adf1da-de96-435d-8145-94faac825e8a"
          },
          "type": "Request",
          "kind": "PowerAppV2",
          "inputs": {
            "schema": {
              "type": "object",
              "properties": {
                "text": {
                  "title": "Name",
                  "type": "string",
                  "x-ms-dynamically-added": true,
                  "description": "Please enter your input",
                  "x-ms-content-hint": "TEXT"
                },
                "number": {
                  "title": "FTE",
                  "type": "number",
                  "x-ms-dynamically-added": true,
                  "description": "Please enter a number",
                  "x-ms-content-hint": "NUMBER"
                },
                "text_1": {
                  "title": "ProjectName",
                  "type": "string",
                  "x-ms-dynamically-added": true,
                  "description": "Please enter your input",
                  "x-ms-content-hint": "TEXT"
                },
                "text_2": {
                  "title": "startDate1",
                  "type": "string",
                  "x-ms-dynamically-added": true,
                  "description": "Please enter your input",
                  "x-ms-content-hint": "TEXT"
                },
                "text_3": {
                  "title": "endDate1",
                  "type": "string",
                  "x-ms-dynamically-added": true,
                  "description": "Please enter your input",
                  "x-ms-content-hint": "TEXT"
                }
              },
              "required": [
                "text",
                "number",
                "text_1",
                "text_2",
                "text_3"
              ]
            }
          }
        }
      },
      "actions": {
        "Month_Diff": {
          "runAfter": {
            "Initialize_endDate": [
              "Succeeded"
            ]
          },
          "metadata": {
            "operationMetadataId": "5bff6899-345c-4754-b2b4-898913aaf15d"
          },
          "type": "Compose",
          "inputs": "@add(\r\n  sub(\r\n    add(\r\n      mul(\r\n        sub(\r\n          int(formatDateTime(variables('endDate'), 'yyyy')),\r\n          int(formatDateTime(variables('startDate'), 'yyyy'))\r\n        ),\r\n        12\r\n      ),\r\n      sub(\r\n        int(formatDateTime(variables('endDate'), 'MM')),\r\n        int(formatDateTime(variables('startDate'), 'MM'))\r\n      )\r\n    ),\r\n    0\r\n  ),\r\n  1\r\n)"
        },
        "Initialise_Mon1": {
          "runAfter": {
            "Month_Diff": [
              "Succeeded"
            ]
          },
          "metadata": {
            "operationMetadataId": "b6251b2b-e846-4626-a7e2-a8f9b4b83368"
          },
          "type": "InitializeVariable",
          "inputs": {
            "variables": [
              {
                "name": "Mon1",
                "type": "integer",
                "value": 0
              }
            ]
          }
        },
        "Initialize_variable_Mon_obj": {
          "runAfter": {
            "Initialize_Mon2": [
              "Succeeded"
            ]
          },
          "metadata": {
            "operationMetadataId": "abb0c749-12a3-469d-a245-8edb0479a74f"
          },
          "type": "InitializeVariable",
          "inputs": {
            "variables": [
              {
                "name": "Mon_obj",
                "type": "object",
                "value": {
                  "Jan": 0,
                  "Feb": 0,
                  "Mar": 0,
                  "Apr": 0,
                  "May": 0,
                  "Jun": 0,
                  "Jul": 0,
                  "Aug": 0,
                  "Sep": 0,
                  "Oct": 0,
                  "Nov": 0,
                  "Dec": 0
                }
              }
            ]
          }
        },
        "StartYear": {
          "runAfter": {
            "endMonth": [
              "Succeeded"
            ]
          },
          "metadata": {
            "operationMetadataId": "1d65f2af-c9a8-49bb-81df-51b276546105"
          },
          "type": "Compose",
          "inputs": "@formatDateTime(variables('startDate'),'yyyy')"
        },
        "Initialize_startDate": {
          "runAfter": {
            "Initialize_Mon_Array": [
              "Succeeded"
            ]
          },
          "metadata": {
            "operationMetadataId": "631eeb58-09db-49ae-a2ba-d14d61b4123e"
          },
          "type": "InitializeVariable",
          "inputs": {
            "variables": [
              {
                "name": "startDate",
                "type": "string",
                "value": "@triggerBody()['text_2']"
              }
            ]
          }
        },
        "Initialize_endDate": {
          "runAfter": {
            "Initialize_startDate": [
              "Succeeded"
            ]
          },
          "metadata": {
            "operationMetadataId": "6cee4e75-aea5-422b-8e79-86569fbb17b4"
          },
          "type": "InitializeVariable",
          "inputs": {
            "variables": [
              {
                "name": "endDate",
                "type": "string",
                "value": "@triggerBody()['text_3']"
              }
            ]
          }
        },
        "endYear": {
          "runAfter": {
            "StartYear": [
              "Succeeded"
            ]
          },
          "metadata": {
            "operationMetadataId": "990869ab-2591-4994-acd6-c232aacc6983"
          },
          "type": "Compose",
          "inputs": "@formatDateTime(variables('endDate'),'yyyy')"
        },
        "Condition_to_calculate_Mon_obj_": {
          "actions": {
            "Do_until": {
              "actions": {
                "Set_variable_-_Mon_obj": {
                  "runAfter": {
                    "Mon_Obj_Value": [
                      "Succeeded"
                    ]
                  },
                  "metadata": {
                    "operationMetadataId": "7d32f16d-0332-45a3-be0a-7a4de319b3cf"
                  },
                  "type": "SetVariable",
                  "inputs": {
                    "name": "Mon_obj",
                    "value": "@outputs('Mon_Obj_Value')"
                  }
                },
                "Increment_variable_-_Mon1": {
                  "runAfter": {
                    "Set_variable_-_Mon_obj": [
                      "Succeeded"
                    ]
                  },
                  "metadata": {
                    "operationMetadataId": "ec81eda6-7502-4f6f-ab0f-ef0adcda8919"
                  },
                  "type": "IncrementVariable",
                  "inputs": {
                    "name": "Mon1",
                    "value": 1
                  }
                },
                "Append_to_array_variable": {
                  "runAfter": {},
                  "metadata": {
                    "operationMetadataId": "d4b96c0e-5e3d-48e3-8b03-96664ea976c3"
                  },
                  "type": "AppendToArrayVariable",
                  "inputs": {
                    "name": "Mon_Array",
                    "value": "@concat('\"',formatDateTime(addToTime(formatDateTime(variables('startDate'), 'yyyy-MM-dd'),variables('Mon1'),'Month'),'MMM'),'\":',float(triggerBody()['number']))"
                  }
                },
                "Mon_Obj_Value": {
                  "runAfter": {
                    "Append_to_array_variable": [
                      "Succeeded"
                    ]
                  },
                  "metadata": {
                    "operationMetadataId": "9407c165-00b1-460c-a42a-760b3836e68d"
                  },
                  "type": "Compose",
                  "inputs": "@setProperty(variables('Mon_obj'),formatDateTime(addToTime(formatDateTime(variables('startDate'), 'yyyy-MM-dd'),variables('Mon1'),'Month'),'MMM'),float(triggerBody()['number']))"
                }
              },
              "runAfter": {},
              "expression": "@equals(variables('Mon1'), outputs('Month_Diff'))",
              "limit": {
                "count": 60,
                "timeout": "PT1H"
              },
              "metadata": {
                "operationMetadataId": "8312481f-32c5-43b1-b1eb-3d466de75bcd"
              },
              "type": "Until"
            }
          },
          "runAfter": {
            "start_date_day": [
              "Succeeded"
            ]
          },
          "else": {
            "actions": {
              "Do_until_2": {
                "actions": {
                  "Set_variable_-_Mon_obj_2": {
                    "runAfter": {
                      "Mon_Obj_Value_2": [
                        "Succeeded"
                      ]
                    },
                    "metadata": {
                      "operationMetadataId": "8d2481de-0a93-4f3c-970e-3fe3c4b1b364"
                    },
                    "type": "SetVariable",
                    "inputs": {
                      "name": "Mon_obj",
                      "value": "@outputs('Mon_Obj_Value_2')"
                    }
                  },
                  "Increment_variable_-_Mon1_2": {
                    "runAfter": {
                      "Set_variable_-_Mon_obj_2": [
                        "Succeeded"
                      ]
                    },
                    "metadata": {
                      "operationMetadataId": "de480cfb-0ebe-470e-8224-09c5fe0390f7"
                    },
                    "type": "IncrementVariable",
                    "inputs": {
                      "name": "Mon1",
                      "value": 1
                    }
                  },
                  "Append_to_array_variable_2": {
                    "runAfter": {},
                    "metadata": {
                      "operationMetadataId": "7f46bda6-a857-4787-822e-d9bec87fa379"
                    },
                    "type": "AppendToArrayVariable",
                    "inputs": {
                      "name": "Mon_Array",
                      "value": "@concat('\"', formatDateTime(addToTime(formatDateTime(variables('startDate'), 'yyyy-MM-dd'), variables('Mon1'), 'Month'), 'MMM'), '\":',float(triggerBody()['number']))"
                    }
                  },
                  "Mon_Obj_Value_2": {
                    "runAfter": {
                      "Append_to_array_variable_2": [
                        "Succeeded"
                      ]
                    },
                    "metadata": {
                      "operationMetadataId": "c4523273-f5fb-43b3-a1a7-160ed6774b5a"
                    },
                    "type": "Compose",
                    "inputs": "@setProperty(variables('Mon_obj'), if(greater(int(outputs('startMonth')), variables('Mon1')), formatDateTime(addToTime(formatDateTime(variables('startDate'), 'yyyy-MM-dd'), variables('Mon1'), 'Month'), 'MMM'), '0'),float(triggerBody()['number']))"
                  }
                },
                "runAfter": {},
                "expression": "@equals(variables('Mon1'), outputs('Months_remaining_in_start_year_from_SM'))",
                "limit": {
                  "count": 60,
                  "timeout": "PT1H"
                },
                "metadata": {
                  "operationMetadataId": "c8631326-dcce-41e9-9a80-de1c0da397b8"
                },
                "type": "Until"
              },
              "Do_until_3": {
                "actions": {
                  "Mon_obj1_value": {
                    "runAfter": {},
                    "metadata": {
                      "operationMetadataId": "045f9758-3320-4a94-bb3b-07af3cae158e"
                    },
                    "type": "Compose",
                    "inputs": "@setProperty(\r\n    variables('Mon_obj1'),\r\n    formatDateTime(\r\n        subtractFromTime(\r\n            formatDateTime(variables('endDate'), 'yyyy-MM-dd'),\r\n            variables('Mon2'),\r\n            'Month'\r\n        ),\r\n        'MMM'\r\n    ),\r\nfloat(triggerBody()['number'])\r\n)"
                  },
                  "Set_variable_Mon_obj1": {
                    "runAfter": {
                      "Mon_obj1_value": [
                        "Succeeded"
                      ]
                    },
                    "metadata": {
                      "operationMetadataId": "8bc723ac-899b-4f48-b5b3-73cbc150d028"
                    },
                    "type": "SetVariable",
                    "inputs": {
                      "name": "Mon_obj1",
                      "value": "@outputs('Mon_obj1_value')"
                    }
                  },
                  "Increment_variable": {
                    "runAfter": {
                      "Set_variable_Mon_obj1": [
                        "Succeeded"
                      ]
                    },
                    "metadata": {
                      "operationMetadataId": "c2d1a6a6-9e3e-4d4f-86ab-4451aa8f1408"
                    },
                    "type": "IncrementVariable",
                    "inputs": {
                      "name": "Mon2",
                      "value": 1
                    }
                  }
                },
                "runAfter": {
                  "Do_until_2": [
                    "Succeeded"
                  ]
                },
                "expression": "@equals(variables('Mon2'), outputs('Int_of_end_month'))",
                "limit": {
                  "count": 60,
                  "timeout": "PT1H"
                },
                "metadata": {
                  "operationMetadataId": "638f2b09-d675-4b70-95a4-f5f5b4dae8f2"
                },
                "type": "Until"
              }
            }
          },
          "expression": {
            "equals": [
              "@outputs('StartYear')",
              "@outputs('endYear')"
            ]
          },
          "metadata": {
            "operationMetadataId": "9d701fa0-1042-41b2-a649-0b524f66d99b"
          },
          "type": "If"
        },
        "startMonth": {
          "runAfter": {
            "Initialize_variable_Mon_obj_Half": [
              "Succeeded"
            ]
          },
          "metadata": {
            "operationMetadataId": "796e7831-1219-4ec7-a6f7-0998bd7e41f8"
          },
          "type": "Compose",
          "inputs": "@formatDateTime(variables('startDate'),'MM')"
        },
        "endMonth": {
          "runAfter": {
            "startMonth": [
              "Succeeded"
            ]
          },
          "metadata": {
            "operationMetadataId": "f2a2e92c-f823-429b-a534-c7593d16e279"
          },
          "type": "Compose",
          "inputs": "@formatDateTime(variables('endDate'),'MM')"
        },
        "Months_remaining_in_start_year_from_SM": {
          "runAfter": {
            "endYear": [
              "Succeeded"
            ]
          },
          "metadata": {
            "operationMetadataId": "e852e004-f59f-4f26-9025-238b9996ddc0"
          },
          "type": "Compose",
          "inputs": "@add(sub(12, int(formatDateTime(variables('startDate'), 'MM'))), 1)"
        },
        "Int_of_end_month": {
          "runAfter": {
            "Months_remaining_in_start_year_from_SM": [
              "Succeeded"
            ]
          },
          "metadata": {
            "operationMetadataId": "d7c55981-382f-4860-b92e-6bef2d6d3545"
          },
          "type": "Compose",
          "inputs": "@int(outputs('endMonth'))"
        },
        "Initialize_Mon2": {
          "runAfter": {
            "Initialise_Mon1": [
              "Succeeded"
            ]
          },
          "metadata": {
            "operationMetadataId": "2c709b66-bd16-412b-a3c6-9889441b4854"
          },
          "type": "InitializeVariable",
          "inputs": {
            "variables": [
              {
                "name": "Mon2",
                "type": "integer",
                "value": 0
              }
            ]
          }
        },
        "Initialize_variable_Mon_obj1": {
          "runAfter": {
            "Initialize_variable_Mon_obj": [
              "Succeeded"
            ]
          },
          "metadata": {
            "operationMetadataId": "4bccb2b5-b799-4e02-8579-ef1abb0f56b9"
          },
          "type": "InitializeVariable",
          "inputs": {
            "variables": [
              {
                "name": "Mon_obj1",
                "type": "object",
                "value": {
                  "Jan": 0,
                  "Feb": 0,
                  "Mar": 0,
                  "Apr": 0,
                  "May": 0,
                  "Jun": 0,
                  "Jul": 0,
                  "Aug": 0,
                  "Sep": 0,
                  "Oct": 0,
                  "Nov": 0,
                  "Dec": 0
                }
              }
            ]
          }
        },
        "Mon_obj_value-Testing": {
          "runAfter": {
            "Condition_to_calculate_Mon_obj_": [
              "Succeeded"
            ]
          },
          "metadata": {
            "operationMetadataId": "27f765a3-58ac-4263-b25f-098214c9459c"
          },
          "type": "Compose",
          "inputs": "@variables('Mon_obj')"
        },
        "Mon_obj1_value-_testing": {
          "runAfter": {
            "Mon_obj_value-Testing": [
              "Succeeded"
            ]
          },
          "metadata": {
            "operationMetadataId": "ab76ce13-05d7-4bc1-bfe1-361b655e31b8"
          },
          "type": "Compose",
          "inputs": "@variables('Mon_obj1')"
        },
        "Employee_mail_ID_in_an_Array": {
          "runAfter": {
            "Mon_Array_value-_Testing": [
              "Succeeded"
            ]
          },
          "metadata": {
            "operationMetadataId": "675d7fea-1a54-4ca6-b167-627d05b8569a"
          },
          "type": "Compose",
          "inputs": "@split(triggerBody()['text'],';')"
        },
        "Apply_to_each": {
          "foreach": "@outputs('Employee_mail_ID_in_an_Array')",
          "actions": {
            "current_employee": {
              "runAfter": {},
              "metadata": {
                "operationMetadataId": "faca4db1-ec34-4c31-bfa3-7c6b0016ca7d"
              },
              "type": "Compose",
              "inputs": "@trim(item())"
            },
            "Get_items_Resource_List": {
              "runAfter": {
                "current_employee": [
                  "Succeeded"
                ]
              },
              "metadata": {
                "operationMetadataId": "0ca4eeda-e580-44cd-9702-38616207fde2"
              },
              "type": "OpenApiConnection",
              "inputs": {
                "host": {
                  "connectionName": "shared_sharepointonline",
                  "operationId": "GetItems",
                  "apiId": "/providers/Microsoft.PowerApps/apis/shared_sharepointonline"
                },
                "parameters": {
                  "dataset": "https://capgemini.sharepoint.com/sites/ChanelKMPortal",
                  "table": "47cc631e-d39d-4777-a793-696d82a458bc",
                  "$filter": "field_4 eq '@{outputs('current_employee')}'"
                },
                "authentication": "@parameters('$authentication')"
              }
            },
            "Apply_to_each_2": {
              "foreach": "@outputs('Get_items_Resource_List')?['body/value']",
              "actions": {
                "15": {
                  "runAfter": {
                    "ID_of_Resource": [
                      "Succeeded"
                    ]
                  },
                  "metadata": {
                    "operationMetadataId": "bca2c499-34b4-4229-bc5e-b05ef8800ed8"
                  },
                  "type": "Compose",
                  "inputs": 15
                },
                "LWD": {
                  "runAfter": {},
                  "metadata": {
                    "operationMetadataId": "eb8eed79-46cb-4208-b57a-2b82f264f19b"
                  },
                  "type": "Compose",
                  "inputs": "@items('Apply_to_each_2')?['field_25']"
                },
                "Joining_Date": {
                  "runAfter": {
                    "LWD_date": [
                      "Succeeded"
                    ]
                  },
                  "metadata": {
                    "operationMetadataId": "66df80b8-d287-4aa7-a8ca-fa38fbc4cfab"
                  },
                  "type": "Compose",
                  "inputs": "@items('Apply_to_each_2')?['field_5']"
                },
                "ID_of_Resource": {
                  "runAfter": {
                    "Joining_date_day": [
                      "Succeeded"
                    ]
                  },
                  "metadata": {
                    "operationMetadataId": "b3242b00-0118-4d9c-92e9-daf26aae18b0"
                  },
                  "type": "Compose",
                  "inputs": "@items('Apply_to_each_2')?['ID']"
                },
                "Condition-checking_SY_and_EY": {
                  "actions": {
                    "Apply_to_each_from_Mon_Array": {
                      "foreach": "@variables('Mon_Array')",
                      "actions": {
                        "current_month": {
                          "runAfter": {},
                          "metadata": {
                            "operationMetadataId": "72b5e586-9abf-406c-8110-5e3f62aefeba"
                          },
                          "type": "Compose",
                          "inputs": "@split(split(item(), '\"')[1], '\":')[0]\r\n"
                        },
                        "Condition_for_LWD_": {
                          "actions": {
                            "new_FTE_when_lwd_is_less_than_15th": {
                              "runAfter": {},
                              "metadata": {
                                "operationMetadataId": "5bff6899-345c-4754-b2b4-898913aaf15d"
                              },
                              "type": "Compose",
                              "inputs": "@setProperty(variables('Mon_obj'),outputs('LWD_Month'),div(float(triggerBody()['number']), float(2)))"
                            },
                            "Get_items_Data_Input_Table_2": {
                              "runAfter": {
                                "Mon_Obj_value_testing": [
                                  "Succeeded"
                                ]
                              },
                              "metadata": {
                                "operationMetadataId": "6bc6b8a6-908e-449c-aabc-9106a1eb95a9"
                              },
                              "type": "OpenApiConnection",
                              "inputs": {
                                "host": {
                                  "connectionName": "shared_sharepointonline",
                                  "operationId": "GetItems",
                                  "apiId": "/providers/Microsoft.PowerApps/apis/shared_sharepointonline"
                                },
                                "parameters": {
                                  "dataset": "https://capgemini.sharepoint.com/sites/ChanelKMPortal",
                                  "table": "c6b6e33a-2376-4059-96f1-dd3e779be976",
                                  "$filter": "field_15 eq '@{outputs('current_employee')}' and Clarity_x0020_Project_x0020_Name/Title eq '@{triggerBody()['text_1']}' and Year eq '@{outputs('StartYear')}'"
                                },
                                "authentication": "@parameters('$authentication')"
                              }
                            },
                            "length_of_data_input_table_2": {
                              "runAfter": {
                                "Get_items_Data_Input_Table_2": [
                                  "Succeeded"
                                ]
                              },
                              "metadata": {
                                "operationMetadataId": "c43335bc-d075-456a-9d89-07a788c35027"
                              },
                              "type": "Compose",
                              "inputs": "@length(outputs('Get_items_Data_Input_Table_3')?['body/value'])"
                            },
                            "Condition_2": {
                              "actions": {
                                "Apply_to_each_6": {
                                  "foreach": "@outputs('Get_items_Referential')?['body/value']",
                                  "actions": {
                                    "ID-project_name_2": {
                                      "runAfter": {},
                                      "metadata": {
                                        "operationMetadataId": "5a4d1899-4dca-4ded-86f7-276e3a6e3c2d"
                                      },
                                      "type": "Compose",
                                      "inputs": "@items('Apply_to_each_6')?['ID']"
                                    },
                                    "ID-_Resource_2": {
                                      "runAfter": {
                                        "ID-project_name_2": [
                                          "Succeeded"
                                        ]
                                      },
                                      "metadata": {
                                        "operationMetadataId": "fef502ca-a6f9-4b7a-bef0-b74480bd16d5"
                                      },
                                      "type": "Compose",
                                      "inputs": "@items('Apply_to_each_2')?['ID']"
                                    },
                                    "Loop_to_update_data_input_table_item": {
                                      "foreach": "@outputs('Get_items_Data_Input_Table_3')?['body/value']",
                                      "actions": {
                                        "Update_item": {
                                          "runAfter": {},
                                          "metadata": {
                                            "operationMetadataId": "ccba0bca-8e04-4505-8c36-34308ff5c019"
                                          },
                                          "type": "OpenApiConnection",
                                          "inputs": {
                                            "host": {
                                              "connectionName": "shared_sharepointonline",
                                              "operationId": "PatchItem",
                                              "apiId": "/providers/Microsoft.PowerApps/apis/shared_sharepointonline"
                                            },
                                            "parameters": {
                                              "dataset": "https://capgemini.sharepoint.com/sites/ChanelKMPortal",
                                              "table": "c6b6e33a-2376-4059-96f1-dd3e779be976",
                                              "id": "@items('Loop_to_update_data_input_table_item')?['ID']",
                                              "item/Title": "@outputs('current_employee')",
                                              "item/Clarity_x0020_Project_x0020_Name/Id": "@outputs('ID-project_name_2')",
                                              "item/field_0/Value": "@items('Apply_to_each_2')?['field_16/Value']",
                                              "item/field_15": "@outputs('current_employee')",
                                              "item/field_46": "@if(\r\n  equals(\r\n    'Jan',\r\n    outputs('current_month')\r\n  ),\r\n  float(variables('Mon_obj')['Jan']),\r\n  items('Loop_to_update_data_input_table_item')?['field_46']\r\n)",
                                              "item/field_47": "@if(\r\n  equals(\r\n    'Feb',\r\n    outputs('current_month')\r\n  ),\r\n  float(variables('Mon_obj')['Feb']),\r\n  items('Loop_to_update_data_input_table_item')?['field_47']\r\n)",
                                              "item/field_48": "@if(\r\n  equals(\r\n    'Mar',\r\n    outputs('current_month')\r\n  ),\r\n  float(variables('Mon_obj')['Mar']),\r\n  items('Loop_to_update_data_input_table_item')?['field_48']\r\n)",
                                              "item/field_49": "@if(\r\n  equals(\r\n    'Apr',\r\n    outputs('current_month')\r\n  ),\r\n  float(variables('Mon_obj')['Apr']),\r\n  items('Loop_to_update_data_input_table_item')?['field_49']\r\n)",
                                              "item/field_50": "@if(\r\n  equals(\r\n    'May',\r\n    outputs('current_month')\r\n  ),\r\n  float(variables('Mon_obj')['May']),\r\n  items('Loop_to_update_data_input_table_item')?['field_50']\r\n)",
                                              "item/field_51": "@if(\r\n  equals(\r\n    'Jun',\r\n    outputs('current_month')\r\n  ),\r\n  float(variables('Mon_obj')['Jun']),\r\n  items('Loop_to_update_data_input_table_item')?['field_51']\r\n)",
                                              "item/field_52": "@if(\r\n  equals(\r\n    'Jul',\r\n    outputs('current_month')\r\n  ),\r\n  float(variables('Mon_obj')['Jul']),\r\n  items('Loop_to_update_data_input_table_item')?['field_52']\r\n)",
                                              "item/field_53": "@if(\r\n  equals(\r\n    'Aug',\r\n    outputs('current_month')\r\n  ),\r\n  float(variables('Mon_obj')['Aug']),\r\n  items('Loop_to_update_data_input_table_item')?['field_53']\r\n)",
                                              "item/field_54": "@if(\r\n  equals(\r\n    'Sep',\r\n    outputs('current_month')\r\n  ),\r\n  float(variables('Mon_obj')['Sep']),\r\n  items('Loop_to_update_data_input_table_item')?['field_54']\r\n)\r\n",
                                              "item/field_55": "@if(\r\n  equals(\r\n    'Oct',\r\n    outputs('current_month')\r\n  ),\r\n  float(variables('Mon_obj')['Oct']),\r\n  items('Loop_to_update_data_input_table_item')?['field_55']\r\n)",
                                              "item/Resource_x0020_Name/Id": "@outputs('ID-_Resource_2')",
                                              "item/Year": "2025"
                                            },
                                            "authentication": "@parameters('$authentication')"
                                          }
                                        }
                                      },
                                      "runAfter": {
                                        "ID-_Resource_2": [
                                          "Succeeded"
                                        ]
                                      },
                                      "metadata": {
                                        "operationMetadataId": "c6b1fc38-eb21-494f-aaff-901e5b54422d"
                                      },
                                      "type": "Foreach"
                                    }
                                  },
                                  "runAfter": {},
                                  "metadata": {
                                    "operationMetadataId": "f50deb26-29d7-4002-b101-5c0dd394d217"
                                  },
                                  "type": "Foreach"
                                }
                              },
                              "runAfter": {
                                "length_of_data_input_table_2": [
                                  "Succeeded"
                                ]
                              },
                              "else": {
                                "actions": {
                                  "Apply_to_each_5": {
                                    "foreach": "@outputs('Get_items_Referential')?['body/value']",
                                    "actions": {
                                      "ID-project_name": {
                                        "runAfter": {},
                                        "metadata": {
                                          "operationMetadataId": "5a4d1899-4dca-4ded-86f7-276e3a6e3c2d"
                                        },
                                        "type": "Compose",
                                        "inputs": "@items('Apply_to_each_5')?['ID']"
                                      },
                                      "ID-_Resource": {
                                        "runAfter": {
                                          "ID-project_name": [
                                            "Succeeded"
                                          ]
                                        },
                                        "metadata": {
                                          "operationMetadataId": "fef502ca-a6f9-4b7a-bef0-b74480bd16d5"
                                        },
                                        "type": "Compose",
                                        "inputs": "@items('Apply_to_each_2')?['ID']"
                                      },
                                      "Create_item": {
                                        "runAfter": {
                                          "ID-_Resource": [
                                            "Succeeded"
                                          ]
                                        },
                                        "metadata": {
                                          "operationMetadataId": "3ddbbf30-aa78-44ae-b124-087cd9ef122a"
                                        },
                                        "type": "OpenApiConnection",
                                        "inputs": {
                                          "host": {
                                            "connectionName": "shared_sharepointonline",
                                            "operationId": "PostItem",
                                            "apiId": "/providers/Microsoft.PowerApps/apis/shared_sharepointonline"
                                          },
                                          "parameters": {
                                            "dataset": "https://capgemini.sharepoint.com/sites/ChanelKMPortal",
                                            "table": "c6b6e33a-2376-4059-96f1-dd3e779be976",
                                            "item/Title": "@outputs('current_employee')",
                                            "item/Clarity_x0020_Project_x0020_Name/Id": "@outputs('ID-project_name')",
                                            "item/field_0/Value": "@items('Apply_to_each_2')?['field_16/Value']",
                                            "item/field_15": "@outputs('current_employee')",
                                            "item/field_46": "@float(variables('Mon_obj')['Jan'])",
                                            "item/field_47": "@float(variables('Mon_obj')['Feb'])",
                                            "item/field_48": "@float(variables('Mon_obj')['Mar'])",
                                            "item/field_49": "@float(variables('Mon_obj')['Apr'])",
                                            "item/field_50": "@float(variables('Mon_obj')['May'])",
                                            "item/field_51": "@float(variables('Mon_obj')['Jun'])",
                                            "item/field_52": "@float(variables('Mon_obj')['Jul'])",
                                            "item/field_53": "@float(variables('Mon_obj')['Aug'])",
                                            "item/field_54": "@float(variables('Mon_obj')['Sep'])",
                                            "item/field_55": "@float(variables('Mon_obj')['Oct'])",
                                            "item/Resource_x0020_Name/Id": "@outputs('ID-_Resource')",
                                            "item/Year": "2025"
                                          },
                                          "authentication": "@parameters('$authentication')"
                                        }
                                      }
                                    },
                                    "runAfter": {},
                                    "metadata": {
                                      "operationMetadataId": "f50deb26-29d7-4002-b101-5c0dd394d217"
                                    },
                                    "type": "Foreach"
                                  }
                                }
                              },
                              "expression": {
                                "greater": [
                                  "@outputs('length_of_data_input_table_2')",
                                  0
                                ]
                              },
                              "metadata": {
                                "operationMetadataId": "0d6953fc-aedd-4967-8966-8b91e8f6cd36"
                              },
                              "type": "If"
                            },
                            "Mon_Obj_value_testing": {
                              "runAfter": {
                                "Compose_4": [
                                  "Succeeded"
                                ]
                              },
                              "metadata": {
                                "operationMetadataId": "31336785-eab3-4946-af16-6130dfcc04b3"
                              },
                              "type": "Compose",
                              "inputs": "@variables('Mon_obj')"
                            },
                            "Compose_4": {
                              "runAfter": {
                                "Set_variable": [
                                  "Succeeded"
                                ]
                              },
                              "metadata": {
                                "operationMetadataId": "9ffe7352-a02c-45af-b3cd-38bbc82f3a98"
                              },
                              "type": "Compose",
                              "inputs": "@float(variables('Mon_obj')[outputs('current_month')])"
                            },
                            "Set_variable": {
                              "runAfter": {
                                "new_FTE_when_lwd_is_less_than_15th": [
                                  "Succeeded"
                                ]
                              },
                              "metadata": {
                                "operationMetadataId": "53533819-fe08-47a9-a13a-1680b59b2518"
                              },
                              "type": "SetVariable",
                              "inputs": {
                                "name": "Mon_obj",
                                "value": "@outputs('new_FTE_when_lwd_is_less_than_15th')"
                              }
                            }
                          },
                          "runAfter": {
                            "Get_items_Data_Input_Table_3": [
                              "Succeeded"
                            ]
                          },
                          "else": {
                            "actions": {
                              "Get_items_Data_Input_Table": {
                                "runAfter": {},
                                "metadata": {
                                  "operationMetadataId": "6bc6b8a6-908e-449c-aabc-9106a1eb95a9"
                                },
                                "type": "OpenApiConnection",
                                "inputs": {
                                  "host": {
                                    "connectionName": "shared_sharepointonline",
                                    "operationId": "GetItems",
                                    "apiId": "/providers/Microsoft.PowerApps/apis/shared_sharepointonline"
                                  },
                                  "parameters": {
                                    "dataset": "https://capgemini.sharepoint.com/sites/ChanelKMPortal",
                                    "table": "c6b6e33a-2376-4059-96f1-dd3e779be976",
                                    "$filter": "field_15 eq '@{outputs('current_employee')}' and Clarity_x0020_Project_x0020_Name/Title eq '@{triggerBody()['text_1']}' and Year eq '@{outputs('StartYear')}'"
                                  },
                                  "authentication": "@parameters('$authentication')"
                                }
                              },
                              "Length_of_data_input_table_result": {
                                "runAfter": {
                                  "Get_items_Data_Input_Table": [
                                    "Succeeded"
                                  ]
                                },
                                "metadata": {
                                  "operationMetadataId": "fd556bff-ff43-45b0-a17a-51781a93a950"
                                },
                                "type": "Compose",
                                "inputs": "@length(outputs('Get_items_Data_Input_Table')?['body/value'])"
                              },
                              "Condition": {
                                "actions": {
                                  "Apply_to_each_4": {
                                    "foreach": "@outputs('Get_items_Data_Input_Table')?['body/value']",
                                    "actions": {
                                      "ID_of_Data_Input_result": {
                                        "runAfter": {},
                                        "metadata": {
                                          "operationMetadataId": "e3c557ae-40ef-4c91-a376-2a320c3b6234"
                                        },
                                        "type": "Compose",
                                        "inputs": "@items('Apply_to_each_4')?['ID']"
                                      },
                                      "Current_Item_data_input_table": {
                                        "runAfter": {
                                          "ID_of_Data_Input_result": [
                                            "Succeeded"
                                          ]
                                        },
                                        "metadata": {
                                          "operationMetadataId": "1c5607e6-fe58-47b2-9e0f-a1e225077f75"
                                        },
                                        "type": "Compose",
                                        "inputs": "@item()"
                                      }
                                    },
                                    "runAfter": {},
                                    "metadata": {
                                      "operationMetadataId": "a644e40b-0df9-488e-9037-62eddfd77005"
                                    },
                                    "type": "Foreach"
                                  }
                                },
                                "runAfter": {
                                  "Length_of_data_input_table_result": [
                                    "Succeeded"
                                  ]
                                },
                                "expression": {
                                  "greater": [
                                    "@outputs('Length_of_data_input_table_result')",
                                    0
                                  ]
                                },
                                "metadata": {
                                  "operationMetadataId": "bbfdcd1c-e9e0-49df-b480-ff8ed4c8371b"
                                },
                                "type": "If"
                              }
                            }
                          },
                          "expression": {
                            "and": [
                              {
                                "equals": [
                                  "@outputs('LWD_Month')",
                                  "@outputs('current_month')"
                                ]
                              },
                              {
                                "equals": [
                                  "@if(\r\n  empty(outputs('LWD')),\r\n  null,\r\n  formatDateTime(outputs('LWD'), 'yyyy')\r\n)",
                                  "@outputs('StartYear')"
                                ]
                              },
                              {
                                "lessOrEquals": [
                                  "@int(outputs('LWD_date'))",
                                  "@int(outputs('15'))"
                                ]
                              }
                            ]
                          },
                          "metadata": {
                            "operationMetadataId": "29579c25-73f9-4ad0-bbfe-38f7bc7a5112"
                          },
                          "type": "If"
                        },
                        "Condition_for_Joining_Date": {
                          "actions": {
                            "Compose_2": {
                              "runAfter": {},
                              "metadata": {
                                "operationMetadataId": "22c89f37-eb78-4482-9926-ee0678935250"
                              },
                              "type": "Compose",
                              "inputs": "@setProperty(variables('Mon_obj'),outputs('Join_Date_Month'),div(triggerBody()['number'],2))"
                            }
                          },
                          "runAfter": {
                            "Get_items_Data_Input_Table_3": [
                              "Succeeded"
                            ]
                          },
                          "else": {
                            "actions": {
                              "Compose_3": {
                                "runAfter": {},
                                "metadata": {
                                  "operationMetadataId": "a153b8f3-3f56-4676-a04a-4c216996dac7"
                                },
                                "type": "Compose",
                                "inputs": "@setProperty(variables('Mon_obj'),outputs('Join_Date_Month'),div(float(triggerBody()['number']), float(2)))"
                              }
                            }
                          },
                          "expression": {
                            "and": [
                              {
                                "equals": [
                                  "@outputs('current_month')",
                                  "@outputs('Join_Date_Month')"
                                ]
                              },
                              {
                                "equals": [
                                  "@if(\r\n  empty(outputs('Joining_Date')),\r\n  null,\r\n  formatDateTime(outputs('Joining_Date'), 'yyyy')\r\n)",
                                  "@outputs('StartYear')"
                                ]
                              },
                              {
                                "greaterOrEquals": [
                                  "@outputs('Joining_date_day')",
                                  "@outputs('15')"
                                ]
                              }
                            ]
                          },
                          "metadata": {
                            "operationMetadataId": "6cf88e40-d668-465b-99cc-067b3e058c4e"
                          },
                          "type": "If"
                        },
                        "Get_items_Data_Input_Table_3": {
                          "runAfter": {
                            "current_month": [
                              "Succeeded"
                            ]
                          },
                          "metadata": {
                            "operationMetadataId": "6bc6b8a6-908e-449c-aabc-9106a1eb95a9"
                          },
                          "type": "OpenApiConnection",
                          "inputs": {
                            "host": {
                              "connectionName": "shared_sharepointonline",
                              "operationId": "GetItems",
                              "apiId": "/providers/Microsoft.PowerApps/apis/shared_sharepointonline"
                            },
                            "parameters": {
                              "dataset": "https://capgemini.sharepoint.com/sites/ChanelKMPortal",
                              "table": "c6b6e33a-2376-4059-96f1-dd3e779be976",
                              "$filter": "field_15 eq '@{outputs('current_employee')}' and Clarity_x0020_Project_x0020_Name/Title eq '@{triggerBody()['text_1']}' and Year eq '@{outputs('StartYear')}'"
                            },
                            "authentication": "@parameters('$authentication')"
                          }
                        }
                      },
                      "runAfter": {},
                      "metadata": {
                        "operationMetadataId": "2de9a943-06ce-48ee-9822-a843d5623c89"
                      },
                      "type": "Foreach"
                    }
                  },
                  "runAfter": {
                    "15": [
                      "Succeeded"
                    ]
                  },
                  "expression": {
                    "equals": [
                      "@outputs('StartYear')",
                      "@outputs('endYear')"
                    ]
                  },
                  "metadata": {
                    "operationMetadataId": "859e378b-6124-4646-af6c-a695d3d6d23f"
                  },
                  "type": "If"
                },
                "LWD_Month": {
                  "runAfter": {
                    "LWD": [
                      "Succeeded"
                    ]
                  },
                  "metadata": {
                    "operationMetadataId": "fae77d70-d7d5-4193-8ef4-66057bc5c9fd"
                  },
                  "type": "Compose",
                  "inputs": "@if(\r\n  empty(outputs('LWD')),\r\n  null,\r\n  formatDateTime(outputs('LWD'), 'MMM')\r\n)\r\n"
                },
                "Join_Date_Month": {
                  "runAfter": {
                    "Joining_Date": [
                      "Succeeded"
                    ]
                  },
                  "metadata": {
                    "operationMetadataId": "94e023a4-9c1e-4a51-8bd7-bdafa87083c2"
                  },
                  "type": "Compose",
                  "inputs": "@if(\r\n  empty(outputs('Joining_Date')),\r\n  null,\r\n  formatDateTime(outputs('Joining_Date'), 'MMM')\r\n)"
                },
                "LWD_date": {
                  "runAfter": {
                    "LWD_Month": [
                      "Succeeded"
                    ]
                  },
                  "metadata": {
                    "operationMetadataId": "64e1d2e7-b231-452e-89b4-580113345bae"
                  },
                  "type": "Compose",
                  "inputs": "@if(\r\n  empty(outputs('LWD')),\r\n  null,\r\n  formatDateTime(outputs('LWD'), 'dd')\r\n)"
                },
                "Joining_date_day": {
                  "runAfter": {
                    "Join_Date_Month": [
                      "Succeeded"
                    ]
                  },
                  "metadata": {
                    "operationMetadataId": "dac81501-d0e3-4b09-9268-0329662f3e2e"
                  },
                  "type": "Compose",
                  "inputs": "@if(\r\n  empty(outputs('Joining_Date')),\r\n  null,\r\n  int(formatDateTime(outputs('Joining_Date'), 'dd'))\r\n)"
                }
              },
              "runAfter": {
                "Get_items_Resource_List": [
                  "Succeeded"
                ]
              },
              "metadata": {
                "operationMetadataId": "cae2a8da-7a8e-4896-9632-c016ed579475"
              },
              "type": "Foreach"
            }
          },
          "runAfter": {
            "Get_items_Referential": [
              "Succeeded"
            ]
          },
          "metadata": {
            "operationMetadataId": "056dbe2b-5b97-461b-9bb1-73a794273b4e"
          },
          "type": "Foreach"
        },
        "Initialize_Mon_Array": {
          "runAfter": {},
          "metadata": {
            "operationMetadataId": "fe9714b6-4650-43e5-812b-f88e33159e1e"
          },
          "type": "InitializeVariable",
          "inputs": {
            "variables": [
              {
                "name": "Mon_Array",
                "type": "array"
              }
            ]
          }
        },
        "Mon_Array_value-_Testing": {
          "runAfter": {
            "Mon_obj1_value-_testing": [
              "Succeeded"
            ]
          },
          "metadata": {
            "operationMetadataId": "e681e718-a7f4-4b89-a478-624673f6a7fe"
          },
          "type": "Compose",
          "inputs": "@variables('Mon_Array')"
        },
        "start_date_day": {
          "runAfter": {
            "Int_of_end_month": [
              "Succeeded"
            ]
          },
          "metadata": {
            "operationMetadataId": "1e7d16a6-2986-4513-a0ef-b1191491dcca"
          },
          "type": "Compose",
          "inputs": "@int(formatDateTime(variables('startDate'),'dd'))"
        },
        "Get_items_Referential": {
          "runAfter": {
            "Employee_mail_ID_in_an_Array": [
              "Succeeded"
            ]
          },
          "metadata": {
            "operationMetadataId": "b1daaf18-10b8-4ac8-a6a5-83ba4b3e2d9e"
          },
          "type": "OpenApiConnection",
          "inputs": {
            "host": {
              "connectionName": "shared_sharepointonline",
              "operationId": "GetItems",
              "apiId": "/providers/Microsoft.PowerApps/apis/shared_sharepointonline"
            },
            "parameters": {
              "dataset": "https://capgemini.sharepoint.com/sites/ChanelKMPortal",
              "table": "45d28cc9-691b-4c5e-bb28-332dea02dab9",
              "$filter": "Title eq '@{triggerBody()['text_1']}'"
            },
            "authentication": "@parameters('$authentication')"
          }
        },
        "Initialize_variable_Mon_obj_Half": {
          "runAfter": {
            "Initialize_variable_Mon_obj1": [
              "Succeeded"
            ]
          },
          "metadata": {
            "operationMetadataId": "2a481f2b-97f5-4d8e-b19d-3907e66010f7"
          },
          "type": "InitializeVariable",
          "inputs": {
            "variables": [
              {
                "name": "Mon_obj_Half",
                "type": "object",
                "value": {
                  "Jan": 0,
                  "Feb": 0,
                  "Mar": 0,
                  "Apr": 0,
                  "May": 0,
                  "Jun": 0,
                  "Jul": 0,
                  "Aug": 0,
                  "Sep": 0,
                  "Oct": 0,
                  "Nov": 0,
                  "Dec": 0
                }
              }
            ]
          }
        }
      }
    },
    "templateName": ""
  },
  "schemaVersion": "1.0.0.0"
}