{
  "properties": {
    "connectionReferences": {
      "shared_excelonlinebusiness": {
        "runtimeSource": "invoker",
        "connection": {
          "connectionReferenceLogicalName": "new_sharedexcelonlinebusiness_a61cb"
        },
        "api": {
          "name": "shared_excelonlinebusiness"
        }
      },
      "shared_sharepointonline": {
        "runtimeSource": "invoker",
        "connection": {
          "connectionReferenceLogicalName": "new_sharedsharepointonline_109e3"
        },
        "api": {
          "name": "shared_sharepointonline"
        }
      }
    },
    "definition": {
      "$schema": "https://schema.management.azure.com/providers/Microsoft.Logic/schemas/2016-06-01/workflowdefinition.json#",
      "contentVersion": "1.0.0.0",
      "parameters": {
        "$connections": {
          "defaultValue": {},
          "type": "Object"
        },
        "$authentication": {
          "defaultValue": {},
          "type": "SecureObject"
        }
      },
      "triggers": {
        "manual": {
          "metadata": {
            "operationMetadataId": "1cb7e6ac-e720-4cde-bf11-9b6487433e1f"
          },
          "type": "Request",
          "kind": "Button",
          "inputs": {
            "schema": {
              "type": "object",
              "properties": {},
              "required": []
            }
          }
        }
      },
      "actions": {
        "List_rows_present_in_a_table": {
          "runAfter": {
            "Initialize_varUpdatedItems": [
              "Succeeded"
            ]
          },
          "metadata": {
            "01DUGE2EIQHF4HV2K7WFDYS62WOFEJH3XU": "/Demand Traker - Chanel.xlsx",
            "operationMetadataId": "1f7c7b9f-f6bc-4179-ae0e-82b4b55369c3",
            "tableId": "{00000000-000C-0000-FFFF-FFFF00000000}",
            "01NSUBJB47ID4F3YWIFFGYUNO6BOGBERCF": "/New folder (2)/Demand Traker - Chanel.xlsx"
          },
          "type": "OpenApiConnection",
          "inputs": {
            "host": {
              "connectionName": "shared_excelonlinebusiness",
              "operationId": "GetItems",
              "apiId": "/providers/Microsoft.PowerApps/apis/shared_excelonlinebusiness"
            },
            "parameters": {
              "source": "me",
              "drive": "b!g1vUD1hybkSssERjzIpA1ykSVA7_-wVAgJ4_HbXMirx8iaAq9Hp1SoIi-kE102oy",
              "file": "01NSUBJB47ID4F3YWIFFGYUNO6BOGBERCF",
              "table": "{70F15381-6A5C-47DA-BAC3-2D680851E990}",
              "$top": 5,
              "dateTimeFormat": "ISO 8601"
            },
            "authentication": {
              "type": "Raw",
              "value": "@json(decodeBase64(triggerOutputs().headers['X-MS-APIM-Tokens']))['$ConnectionKey']"
            }
          }
        },
        "Empty_Array": {
          "runAfter": {
            "List_rows_present_in_a_table": [
              "Succeeded"
            ]
          },
          "metadata": {
            "operationMetadataId": "ef65d67e-9b8b-4381-834d-5d5a2ff80b21"
          },
          "type": "Compose",
          "inputs": []
        },
        "Apply_to_each": {
          "foreach": "@outputs('List_rows_present_in_a_table')?['body/value']",
          "actions": {
            "Current_item": {
              "runAfter": {},
              "metadata": {
                "operationMetadataId": "287d29b5-d0b7-42e2-a8b6-4679ada309cf"
              },
              "type": "Compose",
              "inputs": "@items('Apply_to_each')"
            },
            "Serial_Number": {
              "runAfter": {
                "Current_item": [
                  "Succeeded"
                ]
              },
              "metadata": {
                "operationMetadataId": "56e8015c-c8d9-4dc7-ac48-8943d7fb21f0"
              },
              "type": "Compose",
              "inputs": "@items('Apply_to_each')?['`']"
            },
            "Get_items": {
              "runAfter": {
                "Serial_Number": [
                  "Succeeded"
                ]
              },
              "metadata": {
                "operationMetadataId": "c2bae83b-9068-42b7-9840-b2c4da23b894"
              },
              "type": "OpenApiConnection",
              "inputs": {
                "host": {
                  "connectionName": "shared_sharepointonline",
                  "operationId": "GetItems",
                  "apiId": "/providers/Microsoft.PowerApps/apis/shared_sharepointonline"
                },
                "parameters": {
                  "dataset": "https://capgemini.sharepoint.com/sites/ChanelKMPortal",
                  "table": "865c01a9-c007-4840-9423-788d7bb4dd08",
                  "$filter": "Title eq '@{outputs('Serial_Number')}'"
                },
                "authentication": {
                  "type": "Raw",
                  "value": "@json(decodeBase64(triggerOutputs().headers['X-MS-APIM-Tokens']))['$ConnectionKey']"
                }
              }
            },
            "Condition": {
              "actions": {
                "Increment_variable": {
                  "runAfter": {},
                  "metadata": {
                    "operationMetadataId": "6bb42805-d27d-4d15-af90-64e876ca35c0"
                  },
                  "type": "IncrementVariable",
                  "inputs": {
                    "name": "var_AddedItems",
                    "value": 1
                  }
                },
                "Create_item": {
                  "runAfter": {
                    "Increment_variable": [
                      "Succeeded"
                    ]
                  },
                  "metadata": {
                    "operationMetadataId": "ddfe14ed-4939-4c73-869c-d99f89256d5a"
                  },
                  "type": "OpenApiConnection",
                  "inputs": {
                    "host": {
                      "connectionName": "shared_sharepointonline",
                      "operationId": "PostItem",
                      "apiId": "/providers/Microsoft.PowerApps/apis/shared_sharepointonline"
                    },
                    "parameters": {
                      "dataset": "https://capgemini.sharepoint.com/sites/ChanelKMPortal",
                      "table": "865c01a9-c007-4840-9423-788d7bb4dd08",
                      "item/Title": "@outputs('Serial_Number')",
                      "item/OData__x0027_": "@string(items('Apply_to_each')?['SO Number'])",
                      "item/SOCreationDate": "@if(empty(items('Apply_to_each')?['SO Creation Date']), null, items('Apply_to_each')?['SO Creation Date'])",
                      "item/SOAgeingindays": "@items('Apply_to_each')?['SO Ageing in days ']",
                      "item/AgeingType": "@items('Apply_to_each')?['Ageing Type']",
                      "item/DemandCategory": "@items('Apply_to_each')?['Demand Category']",
                      "item/SC": "@items('Apply_to_each')?['SC']",
                      "item/Practice": "@items('Apply_to_each')?['Practice']",
                      "item/DemandDescription": "@items('Apply_to_each')?['Demand Description']",
                      "item/OrignalSOGrade": "@items('Apply_to_each')?['SO_x0023_ Grade']",
                      "item/Project": "@items('Apply_to_each')?['Project']",
                      "item/Skill": "@items('Apply_to_each')?['Skill']",
                      "item/InternalDemandStatus": "@items('Apply_to_each')?['Internal Demand Status']",
                      "item/NameofOffered_x002f_JoinedCandid": "@items('Apply_to_each')?['Name of Offered~1 Joined Candidate']",
                      "item/Project2": "@items('Apply_to_each')?['Project2']",
                      "item/FulfillmentRequiredDatebytheBusi": "@items('Apply_to_each')?['Fulfillment Required Date by the Business']",
                      "item/FulfillmentCorrection": "@items('Apply_to_each')?['Fulfillment Correction']",
                      "item/SOOwner": "@items('Apply_to_each')?['SO Owner']",
                      "item/L1Panel": "@items('Apply_to_each')?['L1 Panel']",
                      "item/L2Panel": "@items('Apply_to_each')?['L2 Panel']",
                      "item/Joiningdate": "  @{if(empty(item()?['Joining date']), null, item()?['JoiningDate'])}",
                      "item/FulfilmentType": "@items('Apply_to_each')?['Fulfilment Type']",
                      "item/FulfilledDate": "@if(empty(items('Apply_to_each')?['Fulfilled Date']), null, items('Apply_to_each')?['Fulfilled Date'])",
                      "item/Priority": "@items('Apply_to_each')?['Priority']",
                      "item/Remarks": "@items('Apply_to_each')?['Remarks']",
                      "item/SOCreatedby_x002f_updatedto": "@items('Apply_to_each')?['SO Creation Date']",
                      "item/Status": "@items('Apply_to_each')?['Status']",
                      "item/JobDescription": "@items('Apply_to_each')?['Job Description']",
                      "item/Projects": "@items('Apply_to_each')?['Projects']"
                    },
                    "authentication": {
                      "type": "Raw",
                      "value": "@json(decodeBase64(triggerOutputs().headers['X-MS-APIM-Tokens']))['$ConnectionKey']"
                    }
                  }
                }
              },
              "runAfter": {
                "Get_items": [
                  "Succeeded"
                ]
              },
              "else": {
                "actions": {
                  "Increment_variable_2": {
                    "runAfter": {},
                    "metadata": {
                      "operationMetadataId": "b8b193ba-f019-452a-a090-46e301baeb30"
                    },
                    "type": "IncrementVariable",
                    "inputs": {
                      "name": "varUpdatedItems",
                      "value": 1
                    }
                  },
                  "Apply_to_each_2": {
                    "foreach": "@outputs('Get_items')?['body/value']",
                    "actions": {
                      "Update_item": {
                        "runAfter": {},
                        "metadata": {
                          "operationMetadataId": "4151acfd-18ad-41db-947a-f21f11b3b5a7"
                        },
                        "type": "OpenApiConnection",
                        "inputs": {
                          "host": {
                            "connectionName": "shared_sharepointonline",
                            "operationId": "PatchItem",
                            "apiId": "/providers/Microsoft.PowerApps/apis/shared_sharepointonline"
                          },
                          "parameters": {
                            "dataset": "https://capgemini.sharepoint.com/sites/ChanelKMPortal",
                            "table": "865c01a9-c007-4840-9423-788d7bb4dd08",
                            "id": "@items('Apply_to_each_2')?['ID']",
                            "item/Title": "@outputs('Serial_Number')",
                            "item/OData__x0027_": "@items('Apply_to_each')?['SO Number']",
                            "item/SOCreationDate": "@if(empty(items('Apply_to_each')?['SO Creation Date']), null, items('Apply_to_each')?['SO Creation Date'])",
                            "item/SOAgeingindays": "@items('Apply_to_each')?['SO Ageing in days ']",
                            "item/AgeingType": "@items('Apply_to_each')?['Ageing Type']",
                            "item/DemandCategory": "@items('Apply_to_each')?['Demand Category']",
                            "item/SC": "@items('Apply_to_each')?['SC']",
                            "item/Practice": "@items('Apply_to_each')?['Practice']",
                            "item/DemandDescription": "@items('Apply_to_each')?['Demand Description']",
                            "item/OrignalSOGrade": "@items('Apply_to_each')?['Orignal SO Grade']",
                            "item/Project": "@items('Apply_to_each')?['Project']",
                            "item/Skill": "@items('Apply_to_each')?['Skill']",
                            "item/InternalDemandStatus": "@items('Apply_to_each')?['Internal Demand Status']",
                            "item/NameofOffered_x002f_JoinedCandid": "@items('Apply_to_each')?['Name of Offered~1 Joined Candidate~1 Comment']",
                            "item/Project2": "@items('Apply_to_each')?['Project2']",
                            "item/FulfillmentRequiredDatebytheBusi": "@items('Apply_to_each')?['Fulfillment Required Date by the Business']",
                            "item/FulfillmentCorrection": "@items('Apply_to_each')?['Fulfillment Correction']",
                            "item/SOOwner": "@items('Apply_to_each')?['SO Owner']",
                            "item/L1Panel": "@items('Apply_to_each')?['L1 Panel']",
                            "item/L2Panel": "@items('Apply_to_each')?['L2 Panel']",
                            "item/Joiningdate": "@if(empty(items('Apply_to_each')?['Joining date']), null, items('Apply_to_each')?['Joining date'])",
                            "item/FulfilmentType": "@items('Apply_to_each')?['Fulfilment Type']",
                            "item/FulfilledDate": "@if(empty(items('Apply_to_each')?['Fulfilled Date']), null, items('Apply_to_each')?['Fulfilled Date'])",
                            "item/Priority": "@items('Apply_to_each')?['Priority']",
                            "item/Remarks": "@items('Apply_to_each')?['Remarks']",
                            "item/SOCreatedby_x002f_updatedto": "@items('Apply_to_each')?['SO Created by~1updated to']",
                            "item/Status": "@items('Apply_to_each')?['Status']",
                            "item/JobDescription": "@items('Apply_to_each')?['Job Description']",
                            "item/Projects": "@items('Apply_to_each')?['Projects']"
                          },
                          "authentication": {
                            "type": "Raw",
                            "value": "@json(decodeBase64(triggerOutputs().headers['X-MS-APIM-Tokens']))['$ConnectionKey']"
                          }
                        }
                      }
                    },
                    "runAfter": {
                      "Increment_variable_2": [
                        "Succeeded"
                      ]
                    },
                    "metadata": {
                      "operationMetadataId": "56902a6b-410a-416e-a30b-a231ffe8d27a"
                    },
                    "type": "Foreach"
                  }
                }
              },
              "expression": {
                "equals": [
                  "@outputs('Get_items')?['body/value']",
                  "@outputs('Empty_Array')"
                ]
              },
              "metadata": {
                "operationMetadataId": "858916df-e263-4109-bb18-d111d4b01690"
              },
              "type": "If"
            }
          },
          "runAfter": {
            "Empty_Array": [
              "Succeeded"
            ]
          },
          "metadata": {
            "operationMetadataId": "3916c5e1-9f6d-4620-bc52-a09b87f7c560"
          },
          "type": "Foreach"
        },
        "Initialize_varAddedItems": {
          "runAfter": {},
          "metadata": {
            "operationMetadataId": "84f3d679-7456-4174-a6fc-021d2cf6b09e"
          },
          "type": "InitializeVariable",
          "inputs": {
            "variables": [
              {
                "name": "var_AddedItems",
                "type": "integer",
                "value": 0
              }
            ]
          }
        },
        "Initialize_varUpdatedItems": {
          "runAfter": {
            "Initialize_varAddedItems": [
              "Succeeded"
            ]
          },
          "metadata": {
            "operationMetadataId": "d40e3d67-24de-4229-8b84-f86a5a634435"
          },
          "type": "InitializeVariable",
          "inputs": {
            "variables": [
              {
                "name": "varUpdatedItems",
                "type": "integer",
                "value": 0
              }
            ]
          }
        },
        "var_Addeditems_count": {
          "runAfter": {
            "Apply_to_each": [
              "Succeeded"
            ]
          },
          "metadata": {
            "operationMetadataId": "eef539a8-6b0a-4dcc-9f68-f1ede5076c04"
          },
          "type": "Compose",
          "inputs": "@variables('var_AddedItems')"
        },
        "varUpdatedItems_Count": {
          "runAfter": {
            "var_Addeditems_count": [
              "Succeeded"
            ]
          },
          "metadata": {
            "operationMetadataId": "2f7dc860-a7d9-4769-aecb-12049951d7bc"
          },
          "type": "Compose",
          "inputs": "var@{variables('varUpdatedItems')}"
        }
      }
    },
    "templateName": ""
  },
  "schemaVersion": "1.0.0.0"
}