{
  "properties": {
    "connectionReferences": {
      "shared_excelonlinebusiness_1": {
        "runtimeSource": "invoker",
        "connection": {
          "connectionReferenceLogicalName": "new_sharedexcelonlinebusiness_b30c0"
        },
        "api": {
          "name": "shared_excelonlinebusiness"
        }
      },
      "shared_sharepointonline": {
        "runtimeSource": "invoker",
        "connection": {
          "connectionReferenceLogicalName": "pb_sharedsharepointonline_54fda"
        },
        "api": {
          "name": "shared_sharepointonline"
        }
      }
    },
    "definition": {
      "$schema": "https://schema.management.azure.com/providers/Microsoft.Logic/schemas/2016-06-01/workflowdefinition.json#",
      "contentVersion": "1.0.0.0",
      "parameters": {
        "$connections": {
          "defaultValue": {},
          "type": "Object"
        },
        "$authentication": {
          "defaultValue": {},
          "type": "SecureObject"
        }
      },
      "triggers": {
        "manual": {
          "metadata": {
            "operationMetadataId": "369276fc-905d-4776-87e4-45f3b27a00ad"
          },
          "type": "Request",
          "kind": "Button",
          "inputs": {
            "schema": {
              "type": "object",
              "properties": {},
              "required": []
            }
          }
        }
      },
      "actions": {
        "List_rows_present_in_a_table": {
          "runAfter": {
            "Initialize_var_Updated_Items": [
              "Succeeded"
            ]
          },
          "metadata": {
            "01TKOMME5BCRB7FHDOZ5HZ3SMU66H47F7B": "/General/6. Time Booking/TheRASolution/2024 Resource Allocation.xlsx",
            "operationMetadataId": "cd412f88-61a2-4412-95d7-5bec4f9d6bfc",
            "tableId": "{00000000-000C-0000-FFFF-FFFF00000000}",
            "01O6QBFHCZBFHSASVG2ZHK24KYPHCA3V52": "/Documents/2024 Resource Allocation.xlsx",
            "01O6QBFHDDNN4SK5JFGBBLEL4P2BVXQGMB": "/Documents/2024 Resource Allocation.xlsx",
            "01O6QBFHFL4TC5U4EHVRAIDY57WAB6CXL3": "/Documents/2024 Resource Allocation.xlsx",
            "01O6QBFHDW7NOVA7VQH5EYX2NN5NBUTQ3B": "/Documents/2024 Resource Allocation.xlsx"
          },
          "type": "OpenApiConnection",
          "inputs": {
            "host": {
              "connectionName": "shared_excelonlinebusiness_1",
              "operationId": "GetItems",
              "apiId": "/providers/Microsoft.PowerApps/apis/shared_excelonlinebusiness"
            },
            "parameters": {
              "source": "me",
              "drive": "b!oXrWly2BWEOfMPlXHoBhlm16UEnBDL1GiY_pkKAFd6PJLakLX4MEQaZiflkq1TVM",
              "file": "01O6QBFHDW7NOVA7VQH5EYX2NN5NBUTQ3B",
              "table": "{00000000-000C-0000-FFFF-FFFF00000000}",
              "dateTimeFormat": "ISO 8601"
            },
            "authentication": {
              "type": "Raw",
              "value": "@json(decodeBase64(triggerOutputs().headers['X-MS-APIM-Tokens']))['$ConnectionKey']"
            },
            "retryPolicy": {
              "type": "fixed",
              "count": 10,
              "interval": "PT10S"
            }
          },
          "runtimeConfiguration": {
            "paginationPolicy": {
              "minimumItemCount": 10000
            }
          }
        },
        "Apply_to_each": {
          "foreach": "@outputs('List_rows_present_in_a_table')?['body/value']",
          "actions": {
            "Get_items": {
              "runAfter": {
                "Clarity_Project_Name": [
                  "Succeeded"
                ]
              },
              "metadata": {
                "operationMetadataId": "909dcb77-c4d8-46e4-b1c8-668d79692aa9"
              },
              "type": "OpenApiConnection",
              "inputs": {
                "host": {
                  "connectionName": "shared_sharepointonline",
                  "operationId": "GetItems",
                  "apiId": "/providers/Microsoft.PowerApps/apis/shared_sharepointonline"
                },
                "parameters": {
                  "dataset": "https://capgemini.sharepoint.com/sites/ChanelKMPortal",
                  "table": "45d28cc9-691b-4c5e-bb28-332dea02dab9",
                  "$filter": "Title eq '@{outputs('Clarity_Project_Name')}'"
                },
                "authentication": {
                  "type": "Raw",
                  "value": "@json(decodeBase64(triggerOutputs().headers['X-MS-APIM-Tokens']))['$ConnectionKey']"
                }
              }
            },
            "Condition": {
              "actions": {
                "Increment_variable": {
                  "runAfter": {},
                  "metadata": {
                    "operationMetadataId": "e2c2b2ae-04dd-48ae-a565-257d79cb7137"
                  },
                  "type": "IncrementVariable",
                  "inputs": {
                    "name": "var_AddedItems",
                    "value": 1
                  }
                },
                "Create_item": {
                  "runAfter": {
                    "Increment_variable": [
                      "Succeeded"
                    ]
                  },
                  "metadata": {
                    "operationMetadataId": "4f37fba1-16ee-4270-a69e-1495bbdc560c"
                  },
                  "type": "OpenApiConnection",
                  "inputs": {
                    "host": {
                      "connectionName": "shared_sharepointonline",
                      "operationId": "PostItem",
                      "apiId": "/providers/Microsoft.PowerApps/apis/shared_sharepointonline"
                    },
                    "parameters": {
                      "dataset": "https://capgemini.sharepoint.com/sites/ChanelKMPortal",
                      "table": "45d28cc9-691b-4c5e-bb28-332dea02dab9",
                      "item/Title": "@outputs('Clarity_Project_Name')",
                      "item/field_0/Value": "@items('Apply_to_each')?['Solution Center']",
                      "item/field_1": "@items('Apply_to_each')?['Capgemini_GFS_code']",
                      "item/field_2": "@items('Apply_to_each')?['Capgemini_GFS_Name ']",
                      "item/field_4": "@items('Apply_to_each')?['Capgemini Project Type\n']",
                      "item/field_5": "@items('Apply_to_each')?['Remarks']",
                      "item/field_6": "@items('Apply_to_each')?['Project Forecast ID']",
                      "item/field_7": "@items('Apply_to_each')?['Project ID (PLW)']",
                      "item/field_8": "@items('Apply_to_each')?['Project Name (PLW)']",
                      "item/field_9/Value": "@items('Apply_to_each')?['Project Status']",
                      "item/field_10": "@if(empty(items('Apply_to_each')?['Date of creation']), null, items('Apply_to_each')?['Date of creation'])\r\n",
                      "item/field_11": "@if(empty(items('Apply_to_each')?['Closure date']), null, items('Apply_to_each')?['Closure date'])\r\n",
                      "item/field_12": "@items('Apply_to_each')?['Billing Group']",
                      "item/field_13/Value": "@items('Apply_to_each')?['OPEX~1CAPEX']",
                      "item/field_14": "@items('Apply_to_each')?['CG Project Manager']",
                      "item/field_15": "@items('Apply_to_each')?['CHANEL billability']",
                      "item/field_16": "@items('Apply_to_each')?['CHANEL project owner']",
                      "item/field_17": "@items('Apply_to_each')?['CHANEL project mail ID']",
                      "item/field_18": "@items('Apply_to_each')?['Chanel Time Tracking owner ']",
                      "item/field_19": "@items('Apply_to_each')?['Chanel Time Tracking owner email ']",
                      "item/field_20": "@items('Apply_to_each')?['Chanel Organization ']",
                      "item/field_21/Value": "@items('Apply_to_each')?['Billing Type']"
                    },
                    "authentication": {
                      "type": "Raw",
                      "value": "@json(decodeBase64(triggerOutputs().headers['X-MS-APIM-Tokens']))['$ConnectionKey']"
                    }
                  }
                }
              },
              "runAfter": {
                "Get_items": [
                  "Succeeded"
                ]
              },
              "else": {
                "actions": {
                  "Apply_to_each_2": {
                    "foreach": "@outputs('Get_items')?['body/value']",
                    "actions": {
                      "ID": {
                        "runAfter": {},
                        "metadata": {
                          "operationMetadataId": "5ce8b92b-4278-4cb8-bf8d-f78cad4e362b"
                        },
                        "type": "Compose",
                        "inputs": "@items('Apply_to_each_2')?['ID']"
                      },
                      "Update_item": {
                        "runAfter": {
                          "Increment_variable_2": [
                            "Succeeded"
                          ]
                        },
                        "metadata": {
                          "operationMetadataId": "ba8793f2-37d8-490a-9b18-a756eac8fdf0"
                        },
                        "type": "OpenApiConnection",
                        "inputs": {
                          "host": {
                            "connectionName": "shared_sharepointonline",
                            "operationId": "PatchItem",
                            "apiId": "/providers/Microsoft.PowerApps/apis/shared_sharepointonline"
                          },
                          "parameters": {
                            "dataset": "https://capgemini.sharepoint.com/sites/ChanelKMPortal",
                            "table": "45d28cc9-691b-4c5e-bb28-332dea02dab9",
                            "id": "@items('Apply_to_each_2')?['ID']",
                            "item/Title": "@outputs('Clarity_Project_Name')",
                            "item/field_0/Value": "@items('Apply_to_each')?['Solution Center']",
                            "item/field_1": "@items('Apply_to_each')?['Capgemini_GFS_code']",
                            "item/field_2": "@items('Apply_to_each')?['Capgemini_GFS_Name ']",
                            "item/field_4": "@items('Apply_to_each')?['Capgemini Project Type\n']",
                            "item/field_5": "@items('Apply_to_each')?['Remarks']",
                            "item/field_6": "@items('Apply_to_each')?['Project Forecast ID']",
                            "item/field_7": "@items('Apply_to_each')?['Project ID (PLW)']",
                            "item/field_8": "@items('Apply_to_each')?['Project Name (PLW)']",
                            "item/field_9/Value": "@items('Apply_to_each')?['Project Status']",
                            "item/field_10": "@if(empty(items('Apply_to_each')?['Date of creation']), null, items('Apply_to_each')?['Date of creation'])\r\n",
                            "item/field_11": "@if(empty(items('Apply_to_each')?['Closure date']), null, items('Apply_to_each')?['Closure date'])\r\n",
                            "item/field_12": "@items('Apply_to_each')?['Billing Group']",
                            "item/field_13/Value": "@items('Apply_to_each')?['OPEX~1CAPEX']",
                            "item/field_14": "@items('Apply_to_each')?['CG Project Manager']",
                            "item/field_15": "@items('Apply_to_each')?['CHANEL billability']",
                            "item/field_16": "@items('Apply_to_each')?['CHANEL project owner']",
                            "item/field_17": "@items('Apply_to_each')?['CHANEL project mail ID']",
                            "item/field_18": "@items('Apply_to_each')?['Chanel Time Tracking owner ']",
                            "item/field_19": "@items('Apply_to_each')?['Chanel Time Tracking owner email ']",
                            "item/field_20": "@items('Apply_to_each')?['Chanel Organization ']",
                            "item/field_21/Value": "@items('Apply_to_each')?['Billing Type']"
                          },
                          "authentication": {
                            "type": "Raw",
                            "value": "@json(decodeBase64(triggerOutputs().headers['X-MS-APIM-Tokens']))['$ConnectionKey']"
                          }
                        }
                      },
                      "Increment_variable_2": {
                        "runAfter": {
                          "ID": [
                            "Succeeded"
                          ]
                        },
                        "metadata": {
                          "operationMetadataId": "e2c2b2ae-04dd-48ae-a565-257d79cb7137"
                        },
                        "type": "IncrementVariable",
                        "inputs": {
                          "name": "var_UpdatedItems",
                          "value": 1
                        }
                      }
                    },
                    "runAfter": {},
                    "metadata": {
                      "operationMetadataId": "69cfb391-39e0-4b14-bb8f-8a1046224169"
                    },
                    "type": "Foreach"
                  }
                }
              },
              "expression": {
                "equals": [
                  "@outputs('Get_items')?['body/value']",
                  "@outputs('Empty_Array')"
                ]
              },
              "metadata": {
                "operationMetadataId": "69b31cf7-6b22-4b36-8f20-915e4ab83487"
              },
              "type": "If"
            },
            "Current_Item": {
              "runAfter": {},
              "metadata": {
                "operationMetadataId": "379642cc-f04a-4166-bc70-f660c73705fd"
              },
              "type": "Compose",
              "inputs": "@item()"
            },
            "Clarity_Project_Name": {
              "runAfter": {
                "Current_Item": [
                  "Succeeded"
                ]
              },
              "metadata": {
                "operationMetadataId": "c4ee257f-6d42-4560-9adf-0146ee3da50b"
              },
              "type": "Compose",
              "inputs": "@trim(replace(replace(items('Apply_to_each')?['Column 1'], '\\n', ''), '\\r', ''))"
            }
          },
          "runAfter": {
            "Empty_Array": [
              "Succeeded"
            ]
          },
          "metadata": {
            "operationMetadataId": "e118ab3b-e41a-49d9-a111-62701b4fde28"
          },
          "type": "Foreach",
          "runtimeConfiguration": {
            "concurrency": {
              "repetitions": 50
            }
          }
        },
        "Empty_Array": {
          "runAfter": {
            "List_rows_present_in_a_table": [
              "Succeeded"
            ]
          },
          "metadata": {
            "operationMetadataId": "953723f1-12b3-42a2-81f4-8e5a9078fa7d"
          },
          "type": "Compose",
          "inputs": []
        },
        "Initialize_varAdded_Items": {
          "runAfter": {},
          "metadata": {
            "operationMetadataId": "9bf2287f-d598-41f3-8eb5-24c3bf249ce1"
          },
          "type": "InitializeVariable",
          "inputs": {
            "variables": [
              {
                "name": "var_AddedItems",
                "type": "integer",
                "value": 0
              }
            ]
          }
        },
        "Initialize_var_Updated_Items": {
          "runAfter": {
            "Initialize_varAdded_Items": [
              "Succeeded"
            ]
          },
          "metadata": {
            "operationMetadataId": "9bf2287f-d598-41f3-8eb5-24c3bf249ce1"
          },
          "type": "InitializeVariable",
          "inputs": {
            "variables": [
              {
                "name": "var_UpdatedItems",
                "type": "integer",
                "value": 0
              }
            ]
          }
        },
        "varAdded_Items": {
          "runAfter": {
            "Apply_to_each": [
              "Succeeded"
            ]
          },
          "metadata": {
            "operationMetadataId": "3cffc859-4b30-45f5-ba20-f75a7a60d587"
          },
          "type": "Compose",
          "inputs": "@variables('var_AddedItems')"
        },
        "var_Updated_Items": {
          "runAfter": {
            "varAdded_Items": [
              "Succeeded"
            ]
          },
          "metadata": {
            "operationMetadataId": "233f5e97-b9af-4e31-b4bb-5ac4c0e506a7"
          },
          "type": "Compose",
          "inputs": "@variables('var_UpdatedItems')"
        }
      }
    },
    "templateName": ""
  },
  "schemaVersion": "1.0.0.0"
}