{
  "properties": {
    "connectionReferences": {
      "shared_excelonlinebusiness": {
        "runtimeSource": "invoker",
        "connection": {
          "connectionReferenceLogicalName": "new_sharedexcelonlinebusiness_b30c0"
        },
        "api": {
          "name": "shared_excelonlinebusiness"
        }
      },
      "shared_sharepointonline": {
        "runtimeSource": "invoker",
        "connection": {
          "connectionReferenceLogicalName": "pb_sharedsharepointonline_54fda"
        },
        "api": {
          "name": "shared_sharepointonline"
        }
      }
    },
    "definition": {
      "$schema": "https://schema.management.azure.com/providers/Microsoft.Logic/schemas/2016-06-01/workflowdefinition.json#",
      "contentVersion": "1.0.0.0",
      "parameters": {
        "$connections": {
          "defaultValue": {},
          "type": "Object"
        },
        "$authentication": {
          "defaultValue": {},
          "type": "SecureObject"
        }
      },
      "triggers": {
        "manual": {
          "metadata": {
            "operationMetadataId": "9afe7686-e3d3-4303-aae2-522c2774e719"
          },
          "type": "Request",
          "kind": "Button",
          "inputs": {
            "schema": {
              "type": "object",
              "properties": {
                "number": {
                  "title": "Year",
                  "type": "number",
                  "x-ms-dynamically-added": true,
                  "description": "Please enter current year",
                  "x-ms-content-hint": "NUMBER"
                }
              },
              "required": [
                "number"
              ]
            }
          }
        }
      },
      "actions": {
        "List_rows_present_in_a_table": {
          "runAfter": {},
          "metadata": {
            "01O6QBFHFL4TC5U4EHVRAIDY57WAB6CXL3": "/Documents/2024 Resource Allocation.xlsx",
            "operationMetadataId": "43294062-a216-4a00-b002-0df5ee78d00a",
            "tableId": "{00000000-000C-0000-FFFF-FFFF03000000}",
            "01O6QBFHDW7NOVA7VQH5EYX2NN5NBUTQ3B": "/Documents/2024 Resource Allocation.xlsx"
          },
          "type": "OpenApiConnection",
          "inputs": {
            "host": {
              "connectionName": "shared_excelonlinebusiness",
              "operationId": "GetItems",
              "apiId": "/providers/Microsoft.PowerApps/apis/shared_excelonlinebusiness"
            },
            "parameters": {
              "source": "me",
              "drive": "b!oXrWly2BWEOfMPlXHoBhlm16UEnBDL1GiY_pkKAFd6PJLakLX4MEQaZiflkq1TVM",
              "file": "01O6QBFHDW7NOVA7VQH5EYX2NN5NBUTQ3B",
              "table": "{00000000-000C-0000-FFFF-FFFF03000000}",
              "dateTimeFormat": "ISO 8601"
            },
            "authentication": {
              "type": "Raw",
              "value": "@json(decodeBase64(triggerOutputs().headers['X-MS-APIM-Tokens']))['$ConnectionKey']"
            }
          },
          "runtimeConfiguration": {
            "paginationPolicy": {
              "minimumItemCount": 5000
            }
          }
        },
        "Apply_to_each": {
          "foreach": "@outputs('List_rows_present_in_a_table')?['body/value']",
          "actions": {
            "Mail_ID": {
              "runAfter": {},
              "metadata": {
                "operationMetadataId": "39666bf8-5171-44ac-8396-bdb88895fdce"
              },
              "type": "Compose",
              "inputs": "@trim(replace(replace(items('Apply_to_each')?['Resource CGEmailID'], '\\n', ''), '\\r', ''))"
            },
            "Condition_2": {
              "actions": {
                "Current_Item": {
                  "runAfter": {},
                  "metadata": {
                    "operationMetadataId": "9793df17-b901-4776-9ee2-7a0295072da9"
                  },
                  "type": "Compose",
                  "inputs": "@item()"
                },
                "Get_items_Data_Input_Table": {
                  "runAfter": {
                    "Current_Item": [
                      "Succeeded"
                    ]
                  },
                  "metadata": {
                    "operationMetadataId": "c32b8416-2e5e-4506-bac8-b5cf6a72313e"
                  },
                  "type": "OpenApiConnection",
                  "inputs": {
                    "host": {
                      "connectionName": "shared_sharepointonline",
                      "operationId": "GetItems",
                      "apiId": "/providers/Microsoft.PowerApps/apis/shared_sharepointonline"
                    },
                    "parameters": {
                      "dataset": "https://capgemini.sharepoint.com/sites/ChanelKMPortal",
                      "table": "c6b6e33a-2376-4059-96f1-dd3e779be976",
                      "$filter": "field_15 eq '@{outputs('Mail_ID')}' and Clarity_x0020_Project_x0020_Name/Title eq  '@{outputs('Clarity_Project_Name')}' "
                    },
                    "authentication": {
                      "type": "Raw",
                      "value": "@json(decodeBase64(triggerOutputs().headers['X-MS-APIM-Tokens']))['$ConnectionKey']"
                    }
                  }
                },
                "Get_items_Referential": {
                  "runAfter": {
                    "Get_items_Data_Input_Table": [
                      "Succeeded"
                    ]
                  },
                  "metadata": {
                    "operationMetadataId": "ee5330ca-fa66-416a-a5ab-8d4f5157b1d0"
                  },
                  "type": "OpenApiConnection",
                  "inputs": {
                    "host": {
                      "connectionName": "shared_sharepointonline",
                      "operationId": "GetItems",
                      "apiId": "/providers/Microsoft.PowerApps/apis/shared_sharepointonline"
                    },
                    "parameters": {
                      "dataset": "https://capgemini.sharepoint.com/sites/ChanelKMPortal",
                      "table": "45d28cc9-691b-4c5e-bb28-332dea02dab9",
                      "$filter": "Title eq '@{outputs('Clarity_Project_Name')}'"
                    },
                    "authentication": {
                      "type": "Raw",
                      "value": "@json(decodeBase64(triggerOutputs().headers['X-MS-APIM-Tokens']))['$ConnectionKey']"
                    }
                  }
                },
                "Condition": {
                  "actions": {
                    "Apply_to_each_3": {
                      "foreach": "@outputs('Get_items_Referential')?['body/value']",
                      "actions": {
                        "Apply_to_each_7": {
                          "foreach": "@outputs('Get_items_Resource_Master')?['body/value']",
                          "actions": {
                            "Create_item_2": {
                              "runAfter": {},
                              "metadata": {
                                "operationMetadataId": "c88d1430-3764-43b9-ba08-0ffc889064c1"
                              },
                              "type": "OpenApiConnection",
                              "inputs": {
                                "host": {
                                  "connectionName": "shared_sharepointonline",
                                  "operationId": "PostItem",
                                  "apiId": "/providers/Microsoft.PowerApps/apis/shared_sharepointonline"
                                },
                                "parameters": {
                                  "dataset": "https://capgemini.sharepoint.com/sites/ChanelKMPortal",
                                  "table": "c6b6e33a-2376-4059-96f1-dd3e779be976",
                                  "item/Title": "@outputs('Mail_ID')",
                                  "item/First_x0020_Name/Id": "@items('Apply_to_each_7')?['ID']",
                                  "item/Last_x0020_Name/Id": "@items('Apply_to_each_7')?['ID']",
                                  "item/Clarity_x0020_Project_x0020_Name/Id": "@items('Apply_to_each_3')?['ID']",
                                  "item/field_0/Value": "@items('Apply_to_each')?['BU']",
                                  "item/field_3": "@items('Apply_to_each')?['(CG) Delivery manager']",
                                  "item/field_5": "@items('Apply_to_each')?['Capgemini Project Type\n']",
                                  "item/field_15": "@outputs('Mail_ID')",
                                  "item/field_16": "@items('Apply_to_each')?['Billing level']",
                                  "item/field_17": "@if(empty(items('Apply_to_each')?['Daily rate']), null, items('Apply_to_each')?['Daily rate'])",
                                  "item/field_46": "@if(empty(items('Apply_to_each')?['Jan-25']), null, items('Apply_to_each')?['Jan-25'])",
                                  "item/field_47": "@if(empty(items('Apply_to_each')?['Feb-25']), null, items('Apply_to_each')?['Feb-25'])",
                                  "item/field_48": "@if(empty(items('Apply_to_each')?['Mar-25']), null, items('Apply_to_each')?['Mar-25'])",
                                  "item/field_49": "@if(empty(items('Apply_to_each')?['Apr-25']), null, items('Apply_to_each')?['Apr-25'])",
                                  "item/field_50": "@if(empty(items('Apply_to_each')?['May-25']), null, items('Apply_to_each')?['May-25'])",
                                  "item/field_51": "@if(empty(items('Apply_to_each')?['Jun-25']), null, items('Apply_to_each')?['Jun-25'])",
                                  "item/field_52": "@if(empty(items('Apply_to_each')?['Jul-25']), null, items('Apply_to_each')?['Jul-25'])",
                                  "item/field_53": "@if(empty(items('Apply_to_each')?['Aug-25']), null, items('Apply_to_each')?['Aug-25'])",
                                  "item/field_54": "@if(empty(items('Apply_to_each')?['Sep-25']), null, items('Apply_to_each')?['Sep-25'])",
                                  "item/field_55": "@if(empty(items('Apply_to_each')?['Oct-25']), null, items('Apply_to_each')?['Oct-25'])",
                                  "item/field_60": "@items('Apply_to_each')?['Double check']",
                                  "item/Year": "@triggerBody()['number']"
                                },
                                "authentication": {
                                  "type": "Raw",
                                  "value": "@json(decodeBase64(triggerOutputs().headers['X-MS-APIM-Tokens']))['$ConnectionKey']"
                                }
                              }
                            }
                          },
                          "runAfter": {},
                          "metadata": {
                            "operationMetadataId": "f5cff7c0-768b-4ef7-8ab8-f2389d71ee55"
                          },
                          "type": "Foreach"
                        }
                      },
                      "runAfter": {},
                      "metadata": {
                        "operationMetadataId": "05566032-50aa-47a3-a321-0311b73601e7"
                      },
                      "type": "Foreach"
                    }
                  },
                  "runAfter": {
                    "Get_items_Resource_Master": [
                      "Succeeded"
                    ]
                  },
                  "else": {
                    "actions": {
                      "Apply_to_each_5": {
                        "foreach": "@outputs('Get_items_Referential')?['body/value']",
                        "actions": {
                          "Apply_to_each_6": {
                            "foreach": "@outputs('Get_items_Data_Input_Table')?['body/value']",
                            "actions": {
                              "Apply_to_each_2": {
                                "foreach": "@outputs('Get_items_Resource_Master')?['body/value']",
                                "actions": {
                                  "Update_item": {
                                    "runAfter": {},
                                    "metadata": {
                                      "operationMetadataId": "8f58a042-fa4e-445f-8b55-4550bf087437"
                                    },
                                    "type": "OpenApiConnection",
                                    "inputs": {
                                      "host": {
                                        "connectionName": "shared_sharepointonline",
                                        "operationId": "PatchItem",
                                        "apiId": "/providers/Microsoft.PowerApps/apis/shared_sharepointonline"
                                      },
                                      "parameters": {
                                        "dataset": "https://capgemini.sharepoint.com/sites/ChanelKMPortal",
                                        "table": "c6b6e33a-2376-4059-96f1-dd3e779be976",
                                        "id": "@items('Apply_to_each_6')?['ID']",
                                        "item/Title": "@outputs('Mail_ID')",
                                        "item/First_x0020_Name/Id": "@items('Apply_to_each_2')?['ID']",
                                        "item/Last_x0020_Name/Id": "@items('Apply_to_each_2')?['ID']",
                                        "item/Clarity_x0020_Project_x0020_Name/Id": "@items('Apply_to_each_5')?['ID']",
                                        "item/field_0/Value": "@items('Apply_to_each')?['BU']",
                                        "item/field_3": "@items('Apply_to_each')?['(CG) Delivery manager']",
                                        "item/field_5": "@items('Apply_to_each')?['Capgemini Project Type\n']",
                                        "item/field_15": "@outputs('Mail_ID')",
                                        "item/field_16": "@items('Apply_to_each')?['Billing level']",
                                        "item/field_17": "@if(empty(items('Apply_to_each')?['Daily rate']), null, items('Apply_to_each')?['Daily rate'])",
                                        "item/field_46": "@if(empty(items('Apply_to_each')?['Jan-25']), null, items('Apply_to_each')?['Jan-25'])",
                                        "item/field_47": "@if(empty(items('Apply_to_each')?['Feb-25']), null, items('Apply_to_each')?['Feb-25'])",
                                        "item/field_48": "@if(empty(items('Apply_to_each')?['Mar-25']), null, items('Apply_to_each')?['Mar-25'])",
                                        "item/field_49": "@if(empty(items('Apply_to_each')?['Apr-25']), null, items('Apply_to_each')?['Apr-25'])",
                                        "item/field_50": "@if(empty(items('Apply_to_each')?['May-25']), null, items('Apply_to_each')?['May-25'])",
                                        "item/field_51": "@if(empty(items('Apply_to_each')?['Jun-25']), null, items('Apply_to_each')?['Jun-25'])",
                                        "item/field_52": "@if(empty(items('Apply_to_each')?['Jul-25']), null, items('Apply_to_each')?['Jul-25'])",
                                        "item/field_53": "@if(empty(items('Apply_to_each')?['Aug-25']), null, items('Apply_to_each')?['Aug-25'])",
                                        "item/field_54": "@if(empty(items('Apply_to_each')?['Sep-25']), null, items('Apply_to_each')?['Sep-25'])",
                                        "item/field_55": "@if(empty(items('Apply_to_each')?['Oct-25']), null, items('Apply_to_each')?['Oct-25'])",
                                        "item/field_60": "@items('Apply_to_each')?['Double check']",
                                        "item/Year": "@triggerBody()['number']"
                                      },
                                      "authentication": {
                                        "type": "Raw",
                                        "value": "@json(decodeBase64(triggerOutputs().headers['X-MS-APIM-Tokens']))['$ConnectionKey']"
                                      }
                                    }
                                  }
                                },
                                "runAfter": {},
                                "metadata": {
                                  "operationMetadataId": "75d319b4-1e1a-44dd-91c2-b955c3cbce5c"
                                },
                                "type": "Foreach"
                              }
                            },
                            "runAfter": {},
                            "metadata": {
                              "operationMetadataId": "cb3bcf5c-35cd-465e-b1a6-0a3f1951a0ec"
                            },
                            "type": "Foreach"
                          }
                        },
                        "runAfter": {},
                        "metadata": {
                          "operationMetadataId": "05566032-50aa-47a3-a321-0311b73601e7"
                        },
                        "type": "Foreach"
                      }
                    }
                  },
                  "expression": {
                    "equals": [
                      "@outputs('Get_items_Data_Input_Table')?['body/value']",
                      "@outputs('Empty_Array')"
                    ]
                  },
                  "metadata": {
                    "operationMetadataId": "fbe0bbbd-44d6-4b9c-99d8-537c7d390252"
                  },
                  "type": "If"
                },
                "Get_items_Resource_Master": {
                  "runAfter": {
                    "Get_items_Referential": [
                      "Succeeded"
                    ]
                  },
                  "metadata": {
                    "operationMetadataId": "5b59603a-3bf5-4382-9462-b64cbba365ca"
                  },
                  "type": "OpenApiConnection",
                  "inputs": {
                    "host": {
                      "connectionName": "shared_sharepointonline",
                      "operationId": "GetItems",
                      "apiId": "/providers/Microsoft.PowerApps/apis/shared_sharepointonline"
                    },
                    "parameters": {
                      "dataset": "https://capgemini.sharepoint.com/sites/ChanelKMPortal",
                      "table": "de5b696e-5bce-4b6b-8951-10c370ff3ee5",
                      "$filter": "CapgeminiEmailID eq '@{outputs('Mail_ID')}'"
                    },
                    "authentication": {
                      "type": "Raw",
                      "value": "@json(decodeBase64(triggerOutputs().headers['X-MS-APIM-Tokens']))['$ConnectionKey']"
                    }
                  }
                }
              },
              "runAfter": {
                "Clarity_Project_Name": [
                  "Succeeded"
                ]
              },
              "expression": {
                "not": {
                  "contains": [
                    "@outputs('Mail_ID')",
                    "Resource_Missing"
                  ]
                }
              },
              "metadata": {
                "operationMetadataId": "85a5cda9-4bcf-47af-865d-6ff056da2e73"
              },
              "type": "If"
            },
            "Clarity_Project_Name": {
              "runAfter": {
                "Mail_ID": [
                  "Succeeded"
                ]
              },
              "metadata": {
                "operationMetadataId": "1c872bc4-8920-4614-b05d-409a3f9283ef"
              },
              "type": "Compose",
              "inputs": "@trim(replace(replace(items('Apply_to_each')?['Clarity_Project_Name'], '\\n', ''), '\\r', ''))"
            }
          },
          "runAfter": {
            "Empty_Array": [
              "Succeeded"
            ]
          },
          "metadata": {
            "operationMetadataId": "5bb9b3d1-60b2-4d3e-b1d8-ba5f4ffd8452"
          },
          "type": "Foreach"
        },
        "Empty_Array": {
          "runAfter": {
            "List_rows_present_in_a_table": [
              "Succeeded"
            ]
          },
          "metadata": {
            "operationMetadataId": "3a8b2f33-e667-4aaa-968e-5d1298c5e9d1"
          },
          "type": "Compose",
          "inputs": []
        }
      }
    },
    "templateName": ""
  },
  "schemaVersion": "1.0.0.0"
}