{
  "properties": {
    "connectionReferences": {
      "shared_excelonlinebusiness": {
        "runtimeSource": "invoker",
        "connection": {
          "connectionReferenceLogicalName": "new_sharedexcelonlinebusiness_b30c0"
        },
        "api": {
          "name": "shared_excelonlinebusiness"
        }
      },
      "shared_sharepointonline": {
        "runtimeSource": "invoker",
        "connection": {
          "connectionReferenceLogicalName": "pb_sharedsharepointonline_54fda"
        },
        "api": {
          "name": "shared_sharepointonline"
        }
      }
    },
    "definition": {
      "$schema": "https://schema.management.azure.com/providers/Microsoft.Logic/schemas/2016-06-01/workflowdefinition.json#",
      "contentVersion": "1.0.0.0",
      "parameters": {
        "$connections": {
          "defaultValue": {},
          "type": "Object"
        },
        "$authentication": {
          "defaultValue": {},
          "type": "SecureObject"
        }
      },
      "triggers": {
        "manual": {
          "metadata": {
            "operationMetadataId": "f33b257f-efe4-49de-bc50-46afed9b6f05"
          },
          "type": "Request",
          "kind": "Button",
          "inputs": {
            "schema": {
              "type": "object",
              "properties": {},
              "required": []
            }
          }
        }
      },
      "actions": {
        "List_rows_present_in_a_table": {
          "runAfter": {},
          "metadata": {
            "01O6QBFHDW7NOVA7VQH5EYX2NN5NBUTQ3B": "/Documents/2024 Resource Allocation.xlsx",
            "operationMetadataId": "11be49f3-2b97-4360-8c97-aa54a3334cee",
            "tableId": "{00000000-000C-0000-FFFF-FFFF02000000}"
          },
          "type": "OpenApiConnection",
          "inputs": {
            "host": {
              "connectionName": "shared_excelonlinebusiness",
              "operationId": "GetItems",
              "apiId": "/providers/Microsoft.PowerApps/apis/shared_excelonlinebusiness"
            },
            "parameters": {
              "source": "me",
              "drive": "b!oXrWly2BWEOfMPlXHoBhlm16UEnBDL1GiY_pkKAFd6PJLakLX4MEQaZiflkq1TVM",
              "file": "01O6QBFHDW7NOVA7VQH5EYX2NN5NBUTQ3B",
              "table": "{00000000-000C-0000-FFFF-FFFF02000000}",
              "dateTimeFormat": "ISO 8601"
            },
            "authentication": {
              "type": "Raw",
              "value": "@json(decodeBase64(triggerOutputs().headers['X-MS-APIM-Tokens']))['$ConnectionKey']"
            }
          },
          "runtimeConfiguration": {
            "paginationPolicy": {
              "minimumItemCount": 5000
            }
          }
        },
        "Apply_to_each": {
          "foreach": "@outputs('List_rows_present_in_a_table')?['body/value']",
          "actions": {
            "Mail_ID": {
              "runAfter": {},
              "metadata": {
                "operationMetadataId": "048ac8d3-b4da-4574-bf09-d269187a60f5"
              },
              "type": "Compose",
              "inputs": "@trim(replace(replace(items('Apply_to_each')?['Mail ID'], '\\n', ''), '\\r', ''))"
            },
            "current_item": {
              "runAfter": {
                "Mail_ID": [
                  "Succeeded"
                ]
              },
              "metadata": {
                "operationMetadataId": "05c80ca8-4e7e-4e5f-806b-deb7a3e45e39"
              },
              "type": "Compose",
              "inputs": "@item()"
            },
            "First_Name": {
              "runAfter": {
                "current_item": [
                  "Succeeded"
                ]
              },
              "metadata": {
                "operationMetadataId": "7fb6611f-99fe-4f16-be12-108c2fc4a3d5"
              },
              "type": "Compose",
              "inputs": "@if(contains(items('Apply_to_each')?['Employee Name'], ','),\r\n    trim(replace(split(items('Apply_to_each')?['Employee Name'], ',')[1], '\\n', '')), \r\n    trim(replace(join(skip(split(items('Apply_to_each')?['Employee Name'], ' '), 1), ' '), '\\n', ''))\r\n)\r\n"
            },
            "Last_Name": {
              "runAfter": {
                "First_Name": [
                  "Succeeded"
                ]
              },
              "metadata": {
                "operationMetadataId": "d519e579-3182-4604-bba0-87cfd054ea03"
              },
              "type": "Compose",
              "inputs": "@if(contains(items('Apply_to_each')?['Employee Name'], ','),\r\n    trim(replace(split(items('Apply_to_each')?['Employee Name'], ',')[0], '\\n', '')), \r\n    trim(replace(split(items('Apply_to_each')?['Employee Name'], ' ')[0], '\\n', ''))\r\n)\r\n"
            },
            "Get_items": {
              "runAfter": {
                "Last_Name": [
                  "Succeeded"
                ]
              },
              "metadata": {
                "operationMetadataId": "1a607604-2e9c-4309-b28a-faa396a879bf"
              },
              "type": "OpenApiConnection",
              "inputs": {
                "host": {
                  "connectionName": "shared_sharepointonline",
                  "operationId": "GetItems",
                  "apiId": "/providers/Microsoft.PowerApps/apis/shared_sharepointonline"
                },
                "parameters": {
                  "dataset": "https://capgemini.sharepoint.com/sites/ChanelKMPortal",
                  "table": "de5b696e-5bce-4b6b-8951-10c370ff3ee5",
                  "$filter": "CapgeminiEmailID eq '@{outputs('Mail_ID')}'"
                },
                "authentication": {
                  "type": "Raw",
                  "value": "@json(decodeBase64(triggerOutputs().headers['X-MS-APIM-Tokens']))['$ConnectionKey']"
                }
              }
            },
            "Condition": {
              "actions": {
                "Create_item": {
                  "runAfter": {},
                  "metadata": {
                    "operationMetadataId": "8e68d634-d853-4c86-93b3-908b1744f48d"
                  },
                  "type": "OpenApiConnection",
                  "inputs": {
                    "host": {
                      "connectionName": "shared_sharepointonline",
                      "operationId": "PostItem",
                      "apiId": "/providers/Microsoft.PowerApps/apis/shared_sharepointonline"
                    },
                    "parameters": {
                      "dataset": "https://capgemini.sharepoint.com/sites/ChanelKMPortal",
                      "table": "de5b696e-5bce-4b6b-8951-10c370ff3ee5",
                      "item/Title": "@items('Apply_to_each')?['Emp_x002e_ID']",
                      "item/CapgeminiEmailID": "@outputs('Mail_ID')",
                      "item/CORPID": "@items('Apply_to_each')?['CORP ID']",
                      "item/GGID": "@items('Apply_to_each')?['GGID']",
                      "item/FirstName": "@outputs('First_Name')",
                      "item/LastName": "@outputs('Last_Name')",
                      "item/Gender/Value": "@items('Apply_to_each')?['Gender']",
                      "item/DateofJoining": "@if(empty(items('Apply_to_each')?['Joining date']), null, items('Apply_to_each')?['Joining date'])",
                      "item/BillingStartDate": "@if(empty(items('Apply_to_each')?['Billing start date']), null, items('Apply_to_each')?['Billing start date'])",
                      "item/FTE": "@if(empty(items('Apply_to_each')?['FTE']), null, items('Apply_to_each')?['FTE'])",
                      "item/BillingRoleDescription": "@items('Apply_to_each')?['Billing Role description']",
                      "item/BillRate": "@if(empty(items('Apply_to_each')?['Billing Rate Card ']), null, items('Apply_to_each')?['Billing Rate Card '])",
                      "item/Status/Value": "@items('Apply_to_each')?['Status']",
                      "item/ResignationDate": "@if(empty(items('Apply_to_each')?['Resignation Date']), null, items('Apply_to_each')?['Resignation Date'])",
                      "item/LeavingDate": "@if(empty(items('Apply_to_each')?['LWD']), null, items('Apply_to_each')?['LWD'])",
                      "item/SolutionCenter": "@items('Apply_to_each')?['SOLUTION CENTER']",
                      "item/Billable_x002f_Shadow/Value": "@items('Apply_to_each')?['Billable Status']",
                      "item/Grade": "@items('Apply_to_each')?['Grade']",
                      "item/GlobalGrade": "@items('Apply_to_each')?['Global Grade']",
                      "item/Practice": "@items('Apply_to_each')?['Practice']",
                      "item/ServiceLine": "@items('Apply_to_each')?['SERVICE_LINE']",
                      "item/ResourceCategory": "@items('Apply_to_each')?['Resource Category']",
                      "item/PersonalEmailId": "@outputs('Mail_ID')",
                      "item/WorkCountry": "@items('Apply_to_each')?['Country']",
                      "item/Comment": "@items('Apply_to_each')?['Comments']"
                    },
                    "authentication": {
                      "type": "Raw",
                      "value": "@json(decodeBase64(triggerOutputs().headers['X-MS-APIM-Tokens']))['$ConnectionKey']"
                    }
                  }
                }
              },
              "runAfter": {
                "Get_items": [
                  "Succeeded"
                ]
              },
              "else": {
                "actions": {
                  "Apply_to_each_2": {
                    "foreach": "@outputs('Get_items')?['body/value']",
                    "actions": {
                      "Update_item": {
                        "runAfter": {},
                        "metadata": {
                          "operationMetadataId": "703e0a17-27c6-44df-a4ea-dbaa0acd26b0"
                        },
                        "type": "OpenApiConnection",
                        "inputs": {
                          "host": {
                            "connectionName": "shared_sharepointonline",
                            "operationId": "PatchItem",
                            "apiId": "/providers/Microsoft.PowerApps/apis/shared_sharepointonline"
                          },
                          "parameters": {
                            "dataset": "https://capgemini.sharepoint.com/sites/ChanelKMPortal",
                            "table": "de5b696e-5bce-4b6b-8951-10c370ff3ee5",
                            "id": "@items('Apply_to_each_2')?['ID']",
                            "item/Title": "@items('Apply_to_each')?['Emp_x002e_ID']",
                            "item/CapgeminiEmailID": "@outputs('Mail_ID')",
                            "item/CORPID": "@items('Apply_to_each')?['CORP ID']",
                            "item/GGID": "@items('Apply_to_each')?['GGID']",
                            "item/FirstName": "@outputs('First_Name')",
                            "item/LastName": "@outputs('Last_Name')",
                            "item/Gender/Value": "@items('Apply_to_each')?['Gender']",
                            "item/DateofJoining": "@if(empty(items('Apply_to_each')?['Joining date']), null, items('Apply_to_each')?['Joining date'])",
                            "item/BillingStartDate": "@if(empty(items('Apply_to_each')?['Billing start date']), null, items('Apply_to_each')?['Billing start date'])",
                            "item/FTE": "@if(empty(items('Apply_to_each')?['FTE']), null, items('Apply_to_each')?['FTE'])",
                            "item/BillingRoleDescription": "@items('Apply_to_each')?['Billing Role description']",
                            "item/BillRate": "@if(empty(items('Apply_to_each')?['Billing Rate Card ']), null, items('Apply_to_each')?['Billing Rate Card '])",
                            "item/Status/Value": "@items('Apply_to_each')?['Status']",
                            "item/ResignationDate": "@if(empty(items('Apply_to_each')?['Resignation Date']), null, items('Apply_to_each')?['Resignation Date'])",
                            "item/LeavingDate": "@if(empty(items('Apply_to_each')?['LWD']), null, items('Apply_to_each')?['LWD'])",
                            "item/SolutionCenter": "@items('Apply_to_each')?['SOLUTION CENTER']",
                            "item/Billable_x002f_Shadow/Value": "@items('Apply_to_each')?['Billable Status']",
                            "item/Grade": "@items('Apply_to_each')?['Grade']",
                            "item/GlobalGrade": "@items('Apply_to_each')?['Global Grade']",
                            "item/Practice": "@items('Apply_to_each')?['Practice']",
                            "item/ServiceLine": "@items('Apply_to_each')?['SERVICE_LINE']",
                            "item/ResourceCategory": "@items('Apply_to_each')?['Resource Category']",
                            "item/PersonalEmailId": "@outputs('Mail_ID')",
                            "item/WorkCountry": "@items('Apply_to_each')?['Country']",
                            "item/Comment": "@items('Apply_to_each')?['Comments']"
                          },
                          "authentication": {
                            "type": "Raw",
                            "value": "@json(decodeBase64(triggerOutputs().headers['X-MS-APIM-Tokens']))['$ConnectionKey']"
                          }
                        }
                      }
                    },
                    "runAfter": {},
                    "metadata": {
                      "operationMetadataId": "6f494fce-c0e4-4b6a-8f90-5e41eae78ca4"
                    },
                    "type": "Foreach"
                  }
                }
              },
              "expression": {
                "equals": [
                  "@outputs('Get_items')?['body/value']",
                  "@outputs('Empty_Array')"
                ]
              },
              "metadata": {
                "operationMetadataId": "a34fd56a-8fe4-453a-9dd7-774942019755"
              },
              "type": "If"
            }
          },
          "runAfter": {
            "Empty_Array": [
              "Succeeded"
            ]
          },
          "metadata": {
            "operationMetadataId": "ead5c186-3810-4080-a56f-cc19a99ead6a"
          },
          "type": "Foreach",
          "runtimeConfiguration": {
            "concurrency": {
              "repetitions": 50
            }
          }
        },
        "Empty_Array": {
          "runAfter": {
            "List_rows_present_in_a_table": [
              "Succeeded"
            ]
          },
          "metadata": {
            "operationMetadataId": "c3621b46-61bb-45b9-8d5f-c22c8ea57240"
          },
          "type": "Compose",
          "inputs": []
        }
      }
    },
    "templateName": ""
  },
  "schemaVersion": "1.0.0.0"
}