{
  "properties": {
    "connectionReferences": {
      "shared_excelonlinebusiness_1": {
        "runtimeSource": "invoker",
        "connection": {
          "connectionReferenceLogicalName": "new_sharedexcelonlinebusiness_b30c0"
        },
        "api": {
          "name": "shared_excelonlinebusiness"
        }
      },
      "shared_sharepointonline": {
        "runtimeSource": "invoker",
        "connection": {
          "connectionReferenceLogicalName": "pb_sharedsharepointonline_54fda"
        },
        "api": {
          "name": "shared_sharepointonline"
        }
      }
    },
    "definition": {
      "$schema": "https://schema.management.azure.com/providers/Microsoft.Logic/schemas/2016-06-01/workflowdefinition.json#",
      "contentVersion": "1.0.0.0",
      "parameters": {
        "$connections": {
          "defaultValue": {},
          "type": "Object"
        },
        "$authentication": {
          "defaultValue": {},
          "type": "SecureObject"
        }
      },
      "triggers": {
        "manual": {
          "metadata": {
            "operationMetadataId": "a28f45d1-39f1-459a-bb40-c47381afab38"
          },
          "type": "Request",
          "kind": "Button",
          "inputs": {
            "schema": {
              "type": "object",
              "properties": {},
              "required": []
            }
          }
        }
      },
      "actions": {
        "List_rows_present_in_a_table": {
          "runAfter": {},
          "metadata": {
            "01TKOMME5BCRB7FHDOZ5HZ3SMU66H47F7B": "/General/6. Time Booking/TheRASolution/2024 Resource Allocation.xlsx",
            "operationMetadataId": "cd412f88-61a2-4412-95d7-5bec4f9d6bfc",
            "tableId": "{00000000-000C-0000-FFFF-FFFF02000000}",
            "01O6QBFHCZBFHSASVG2ZHK24KYPHCA3V52": "/Documents/2024 Resource Allocation.xlsx",
            "01O6QBFHDDNN4SK5JFGBBLEL4P2BVXQGMB": "/Documents/2024 Resource Allocation.xlsx",
            "01O6QBFHFL4TC5U4EHVRAIDY57WAB6CXL3": "/Documents/2024 Resource Allocation.xlsx",
            "01O6QBFHDW7NOVA7VQH5EYX2NN5NBUTQ3B": "/Documents/2024 Resource Allocation.xlsx"
          },
          "type": "OpenApiConnection",
          "inputs": {
            "host": {
              "connectionName": "shared_excelonlinebusiness_1",
              "operationId": "GetItems",
              "apiId": "/providers/Microsoft.PowerApps/apis/shared_excelonlinebusiness"
            },
            "parameters": {
              "source": "me",
              "drive": "b!oXrWly2BWEOfMPlXHoBhlm16UEnBDL1GiY_pkKAFd6PJLakLX4MEQaZiflkq1TVM",
              "file": "01O6QBFHDW7NOVA7VQH5EYX2NN5NBUTQ3B",
              "table": "{00000000-000C-0000-FFFF-FFFF02000000}",
              "dateTimeFormat": "ISO 8601"
            },
            "authentication": {
              "type": "Raw",
              "value": "@json(decodeBase64(triggerOutputs().headers['X-MS-APIM-Tokens']))['$ConnectionKey']"
            },
            "retryPolicy": {
              "type": "fixed",
              "count": 10,
              "interval": "PT10S"
            }
          },
          "runtimeConfiguration": {
            "paginationPolicy": {
              "minimumItemCount": 10000
            }
          }
        },
        "Apply_to_each": {
          "foreach": "@outputs('List_rows_present_in_a_table')?['body/value']",
          "actions": {
            "Mail_ID": {
              "runAfter": {},
              "metadata": {
                "operationMetadataId": "4bdc175b-7040-4ffb-94c7-861dee73d04a"
              },
              "type": "Compose",
              "inputs": "@trim(replace(replace(items('Apply_to_each')?['Mail ID'], '\\n', ''), '\\r', ''))\r\n"
            },
            "Current_Item": {
              "runAfter": {
                "Employee_Name": [
                  "Succeeded"
                ]
              },
              "metadata": {
                "operationMetadataId": "dfdb41a6-6295-47ad-884f-9197f8d3a461"
              },
              "type": "Compose",
              "inputs": "@item()"
            },
            "Get_items": {
              "runAfter": {
                "Current_Item": [
                  "Succeeded"
                ]
              },
              "metadata": {
                "operationMetadataId": "530056bb-218f-4b67-9a1e-f39b0132e7ee"
              },
              "type": "OpenApiConnection",
              "inputs": {
                "host": {
                  "connectionName": "shared_sharepointonline",
                  "operationId": "GetItems",
                  "apiId": "/providers/Microsoft.PowerApps/apis/shared_sharepointonline"
                },
                "parameters": {
                  "dataset": "https://capgemini.sharepoint.com/sites/ChanelKMPortal",
                  "table": "47cc631e-d39d-4777-a793-696d82a458bc",
                  "$filter": "field_4 eq '@{outputs('Mail_ID')}'"
                },
                "authentication": {
                  "type": "Raw",
                  "value": "@json(decodeBase64(triggerOutputs().headers['X-MS-APIM-Tokens']))['$ConnectionKey']"
                }
              }
            },
            "Condition": {
              "actions": {
                "Create_item": {
                  "runAfter": {},
                  "metadata": {
                    "operationMetadataId": "275a72e0-5262-40b7-b89d-521e217d040d"
                  },
                  "type": "OpenApiConnection",
                  "inputs": {
                    "host": {
                      "connectionName": "shared_sharepointonline",
                      "operationId": "PostItem",
                      "apiId": "/providers/Microsoft.PowerApps/apis/shared_sharepointonline"
                    },
                    "parameters": {
                      "dataset": "https://capgemini.sharepoint.com/sites/ChanelKMPortal",
                      "table": "47cc631e-d39d-4777-a793-696d82a458bc",
                      "item/Title": "@items('Apply_to_each')?['Emp_x002e_ID']",
                      "item/field_1": "@items('Apply_to_each')?['CORP ID']",
                      "item/field_2": "@items('Apply_to_each')?['GGID']",
                      "item/field_3": "@outputs('Employee_Name')",
                      "item/field_4": "@outputs('Mail_ID')",
                      "item/field_5": "@if(empty(items('Apply_to_each')?['Joining date']), null, items('Apply_to_each')?['Joining date'])",
                      "item/field_6": "@if(empty(items('Apply_to_each')?['Billing start date']), null, items('Apply_to_each')?['Billing start date'])",
                      "item/field_7": "@items('Apply_to_each')?['Owner Name']",
                      "item/field_8": "@items('Apply_to_each')?['Owner ID']",
                      "item/field_9": "@items('Apply_to_each')?['FTE']",
                      "item/field_10/Value": "@items('Apply_to_each')?['Gender']",
                      "item/field_11": "@items('Apply_to_each')?['AX ID']",
                      "item/field_13": "@if(empty(items('Apply_to_each')?['Billing Rate Card ']), null, items('Apply_to_each')?['Billing Rate Card '])",
                      "item/field_14/Value": "@items('Apply_to_each')?['Status']",
                      "item/field_15": "@items('Apply_to_each')?['Chanel ID']",
                      "item/field_16/Value": "@items('Apply_to_each')?['SOLUTION CENTER']",
                      "item/field_17": "@items('Apply_to_each')?['Base Location']",
                      "item/field_18/Value": "@items('Apply_to_each')?['Resource Category']",
                      "item/field_19": "@items('Apply_to_each')?['Testing Box']",
                      "item/field_20": "@items('Apply_to_each')?['Grade']",
                      "item/field_21/Value": "@items('Apply_to_each')?['Billable Status']",
                      "item/field_22/Value": "@items('Apply_to_each')?['Owned~1Loaned']",
                      "item/field_23": "@items('Apply_to_each')?['Practice']",
                      "item/field_24": "@items('Apply_to_each')?['SERVICE_LINE']",
                      "item/field_25": "@if(empty(items('Apply_to_each')?['LWD']), null, items('Apply_to_each')?['LWD'])\r\n",
                      "item/field_26": "@if(empty(items('Apply_to_each')?['Resignation Date']), null, items('Apply_to_each')?['Resignation Date'])",
                      "item/field_27": "@items('Apply_to_each')?['Comments']",
                      "item/field_28": "@items('Apply_to_each')?['Country']",
                      "item/BillingRoleDescription": "@items('Apply_to_each')?['Billing Role description']"
                    },
                    "authentication": {
                      "type": "Raw",
                      "value": "@json(decodeBase64(triggerOutputs().headers['X-MS-APIM-Tokens']))['$ConnectionKey']"
                    }
                  }
                }
              },
              "runAfter": {
                "length_of_get_items": [
                  "Succeeded"
                ]
              },
              "else": {
                "actions": {
                  "Apply_to_each_2": {
                    "foreach": "@outputs('Get_items')?['body/value']",
                    "actions": {
                      "Update_item": {
                        "runAfter": {},
                        "metadata": {
                          "operationMetadataId": "0322c10c-7a7a-4e6c-8d49-5059c3327b63"
                        },
                        "type": "OpenApiConnection",
                        "inputs": {
                          "host": {
                            "connectionName": "shared_sharepointonline",
                            "operationId": "PatchItem",
                            "apiId": "/providers/Microsoft.PowerApps/apis/shared_sharepointonline"
                          },
                          "parameters": {
                            "dataset": "https://capgemini.sharepoint.com/sites/ChanelKMPortal",
                            "table": "47cc631e-d39d-4777-a793-696d82a458bc",
                            "id": "@items('Apply_to_each_2')?['ID']",
                            "item/Title": "@items('Apply_to_each')?['Emp_x002e_ID']",
                            "item/field_1": "@items('Apply_to_each')?['CORP ID']",
                            "item/field_2": "@items('Apply_to_each')?['GGID']",
                            "item/field_3": "@outputs('Employee_Name')",
                            "item/field_4": "@outputs('Mail_ID')",
                            "item/field_5": "@if(empty(items('Apply_to_each')?['Joining date']), null, items('Apply_to_each')?['Joining date'])",
                            "item/field_6": "@if(empty(items('Apply_to_each')?['Billing start date']), null, items('Apply_to_each')?['Billing start date'])",
                            "item/field_7": "@items('Apply_to_each')?['Owner Name']",
                            "item/field_8": "@items('Apply_to_each')?['Owner ID']",
                            "item/field_9": "@items('Apply_to_each')?['FTE']",
                            "item/field_10/Value": "@items('Apply_to_each')?['Gender']",
                            "item/field_11": "@items('Apply_to_each')?['AX ID']",
                            "item/field_13": "@if(empty(items('Apply_to_each')?['Billing Rate Card ']), null, items('Apply_to_each')?['Billing Rate Card '])",
                            "item/field_14/Value": "@items('Apply_to_each')?['Status']",
                            "item/field_15": "@items('Apply_to_each')?['Chanel ID']",
                            "item/field_16/Value": "@items('Apply_to_each')?['SOLUTION CENTER']",
                            "item/field_17": "@items('Apply_to_each')?['Base Location']",
                            "item/field_18/Value": "@items('Apply_to_each')?['Resource Category']",
                            "item/field_19": "@items('Apply_to_each')?['Testing Box']",
                            "item/field_20": "@items('Apply_to_each')?['Grade']",
                            "item/field_21/Value": "@items('Apply_to_each')?['Billable Status']",
                            "item/field_22/Value": "@items('Apply_to_each')?['Owned~1Loaned']",
                            "item/field_23": "@items('Apply_to_each')?['Practice']",
                            "item/field_24": "@items('Apply_to_each')?['SERVICE_LINE']",
                            "item/field_25": "@if(empty(items('Apply_to_each')?['LWD']), null, items('Apply_to_each')?['LWD'])",
                            "item/field_26": "@if(empty(items('Apply_to_each')?['Resignation Date']), null, items('Apply_to_each')?['Resignation Date'])",
                            "item/field_27": "@items('Apply_to_each')?['Comments']",
                            "item/field_28": "@items('Apply_to_each')?['Country']",
                            "item/BillingRoleDescription": "@items('Apply_to_each')?['Billing Role description']"
                          },
                          "authentication": {
                            "type": "Raw",
                            "value": "@json(decodeBase64(triggerOutputs().headers['X-MS-APIM-Tokens']))['$ConnectionKey']"
                          }
                        }
                      }
                    },
                    "runAfter": {},
                    "metadata": {
                      "operationMetadataId": "b2510fa9-84e0-4101-beaf-b28ab2e6414c"
                    },
                    "type": "Foreach"
                  }
                }
              },
              "expression": {
                "equals": [
                  "@outputs('Get_items')?['body/value']",
                  "@outputs('Empty_Array')"
                ]
              },
              "metadata": {
                "operationMetadataId": "e835baff-fb0a-49f3-a5a0-437f80cc5456"
              },
              "type": "If"
            },
            "Employee_Name": {
              "runAfter": {
                "Mail_ID": [
                  "Succeeded"
                ]
              },
              "metadata": {
                "operationMetadataId": "f5007a4a-0c47-44eb-9b3f-f05ca3196200"
              },
              "type": "Compose",
              "inputs": "@trim(replace(replace(items('Apply_to_each')?['Employee Name'], '\\n', ''), '\\r', ''))"
            },
            "length_of_get_items": {
              "runAfter": {
                "Get_items": [
                  "Succeeded"
                ]
              },
              "metadata": {
                "operationMetadataId": "c47d010f-0de7-4580-91e6-73bebf86ec92"
              },
              "type": "Compose",
              "inputs": "@length(body('Get_items')?['value'])\r\n"
            }
          },
          "runAfter": {
            "Empty_Array": [
              "Succeeded"
            ]
          },
          "metadata": {
            "operationMetadataId": "b1ac94be-fdba-4298-9c21-6bf1426c01f4"
          },
          "type": "Foreach",
          "runtimeConfiguration": {
            "concurrency": {
              "repetitions": 50
            }
          }
        },
        "Empty_Array": {
          "runAfter": {
            "List_rows_present_in_a_table": [
              "Succeeded"
            ]
          },
          "metadata": {
            "operationMetadataId": "bbfad127-8059-4208-872e-dd8443bec5fa"
          },
          "type": "Compose",
          "inputs": []
        }
      }
    },
    "templateName": ""
  },
  "schemaVersion": "1.0.0.0"
}