{
  "properties": {
    "connectionReferences": {
      "shared_sharepointonline": {
        "runtimeSource": "invoker",
        "connection": {
          "connectionReferenceLogicalName": "pb_sharedsharepointonline_54fda"
        },
        "api": {
          "name": "shared_sharepointonline"
        }
      }
    },
    "definition": {
      "$schema": "https://schema.management.azure.com/providers/Microsoft.Logic/schemas/2016-06-01/workflowdefinition.json#",
      "contentVersion": "1.0.0.0",
      "parameters": {
        "$connections": {
          "defaultValue": {},
          "type": "Object"
        },
        "$authentication": {
          "defaultValue": {},
          "type": "SecureObject"
        }
      },
      "triggers": {
        "manual": {
          "metadata": {
            "operationMetadataId": "48d9f304-05a5-44c0-beb1-657092a230bb"
          },
          "type": "Request",
          "kind": "Button",
          "inputs": {
            "schema": {
              "type": "object",
              "properties": {},
              "required": []
            }
          }
        }
      },
      "actions": {
        "Initialize_varMailID1": {
          "runAfter": {
            "Initialize_varNotDeletedCount": [
              "Succeeded"
            ]
          },
          "metadata": {
            "operationMetadataId": "08e588ca-dd3b-4aa1-a4ea-2b67525d957e"
          },
          "type": "InitializeVariable",
          "inputs": {
            "variables": [
              {
                "name": "varMailID1",
                "type": "string"
              }
            ]
          }
        },
        "Initialize_varMailID2": {
          "runAfter": {
            "Initialize_varClarityName1": [
              "Succeeded"
            ]
          },
          "metadata": {
            "operationMetadataId": "9cd93f9e-e135-440e-867e-a516490e8edd"
          },
          "type": "InitializeVariable",
          "inputs": {
            "variables": [
              {
                "name": "varMailID2",
                "type": "string"
              }
            ]
          }
        },
        "Get_items": {
          "runAfter": {
            "Initialize_varClarityName2": [
              "Succeeded"
            ]
          },
          "metadata": {
            "operationMetadataId": "88b67c91-1c52-4900-960d-59b0d6555aee"
          },
          "type": "OpenApiConnection",
          "inputs": {
            "host": {
              "connectionName": "shared_sharepointonline",
              "operationId": "GetItems",
              "apiId": "/providers/Microsoft.PowerApps/apis/shared_sharepointonline"
            },
            "parameters": {
              "dataset": "https://capgemini.sharepoint.com/sites/ChanelKMPortal",
              "table": "c6b6e33a-2376-4059-96f1-dd3e779be976"
            },
            "authentication": {
              "type": "Raw",
              "value": "@json(decodeBase64(triggerOutputs().headers['X-MS-APIM-Tokens']))['$ConnectionKey']"
            }
          },
          "runtimeConfiguration": {
            "paginationPolicy": {
              "minimumItemCount": 5000
            }
          }
        },
        "Initialize_varClarityName1": {
          "runAfter": {
            "Initialize_varMailID1": [
              "Succeeded"
            ]
          },
          "metadata": {
            "operationMetadataId": "fdd41d7f-674d-47ac-a6df-7807483f2d6f"
          },
          "type": "InitializeVariable",
          "inputs": {
            "variables": [
              {
                "name": "varClarityName1",
                "type": "string"
              }
            ]
          }
        },
        "Initialize_varClarityName2": {
          "runAfter": {
            "Initialize_varMailID2": [
              "Succeeded"
            ]
          },
          "metadata": {
            "operationMetadataId": "e8a40bec-3ef1-412e-a283-26cf133018b0"
          },
          "type": "InitializeVariable",
          "inputs": {
            "variables": [
              {
                "name": "varClarityName2",
                "type": "string"
              }
            ]
          }
        },
        "Apply_to_each": {
          "foreach": "@outputs('Get_items')?['body/value']",
          "actions": {
            "Resource_CG_Email_ID": {
              "runAfter": {},
              "metadata": {
                "operationMetadataId": "935b3b97-a7a3-4219-8b7c-4b0dab83f26a"
              },
              "type": "Compose",
              "inputs": "@trim(replace(replace(items('Apply_to_each')?['field_15'], '\\n', ''), '\\r', ''))"
            },
            "Set_varMailID1": {
              "runAfter": {
                "Resource_CG_Email_ID": [
                  "Succeeded"
                ]
              },
              "metadata": {
                "operationMetadataId": "13224bd2-7bbf-46b0-85b3-6a3023381352"
              },
              "type": "SetVariable",
              "inputs": {
                "name": "varMailID1",
                "value": "@{outputs('Resource_CG_Email_ID')}"
              }
            },
            "Set_varClarityName1": {
              "runAfter": {
                "Set_varMailID1": [
                  "Succeeded"
                ]
              },
              "metadata": {
                "operationMetadataId": "d8195618-eb8e-4806-b004-97f202b21b2c"
              },
              "type": "SetVariable",
              "inputs": {
                "name": "varClarityName1",
                "value": "@{trim(replace(replace(items('Apply_to_each')?['Clarity_x0020_Project_x0020_Name/Value'], '\\n', ''), '\\r', ''))}"
              }
            },
            "Condition": {
              "actions": {
                "Compose": {
                  "runAfter": {},
                  "metadata": {
                    "operationMetadataId": "a3a788bf-8399-427b-b95f-423c768cdbe3"
                  },
                  "type": "Compose",
                  "inputs": "@item()"
                },
                "Increment_variable": {
                  "runAfter": {
                    "Delete_item": [
                      "Succeeded"
                    ]
                  },
                  "metadata": {
                    "operationMetadataId": "4b5ec545-e5d2-4129-b0b0-906dbc974b9c"
                  },
                  "type": "IncrementVariable",
                  "inputs": {
                    "name": "varDeletedCount",
                    "value": 1
                  }
                },
                "Delete_item": {
                  "runAfter": {
                    "Compose": [
                      "Succeeded"
                    ]
                  },
                  "metadata": {
                    "operationMetadataId": "4892e1a6-1acf-4b48-9d1d-6e061aaf436f"
                  },
                  "type": "OpenApiConnection",
                  "inputs": {
                    "host": {
                      "connectionName": "shared_sharepointonline",
                      "operationId": "DeleteItem",
                      "apiId": "/providers/Microsoft.PowerApps/apis/shared_sharepointonline"
                    },
                    "parameters": {
                      "dataset": "https://capgemini.sharepoint.com/sites/ChanelKMPortal",
                      "table": "c6b6e33a-2376-4059-96f1-dd3e779be976",
                      "id": "@items('Apply_to_each')?['ID']"
                    },
                    "authentication": {
                      "type": "Raw",
                      "value": "@json(decodeBase64(triggerOutputs().headers['X-MS-APIM-Tokens']))['$ConnectionKey']"
                    }
                  }
                }
              },
              "runAfter": {
                "Set_varClarityName1": [
                  "Succeeded"
                ]
              },
              "else": {
                "actions": {
                  "Increment_variable_2": {
                    "runAfter": {},
                    "metadata": {
                      "operationMetadataId": "10f3c79a-2581-4c80-9107-1b168c3785a0"
                    },
                    "type": "IncrementVariable",
                    "inputs": {
                      "name": "varNotDeletedCount",
                      "value": 1
                    }
                  }
                }
              },
              "expression": {
                "and": [
                  {
                    "equals": [
                      "@variables('varMailID1')",
                      "@variables('varMailID2')"
                    ]
                  },
                  {
                    "equals": [
                      "@variables('varClarityName1')",
                      "@variables('varClarityName2')"
                    ]
                  }
                ]
              },
              "metadata": {
                "operationMetadataId": "6b863ccc-b640-459e-a39f-c1adfdda2757"
              },
              "type": "If"
            },
            "Set_varMailID2": {
              "runAfter": {
                "Condition": [
                  "Succeeded"
                ]
              },
              "metadata": {
                "operationMetadataId": "818843be-7214-4bd5-8b54-4e6b26f1b6ff"
              },
              "type": "SetVariable",
              "inputs": {
                "name": "varMailID2",
                "value": "@{trim(replace(replace(items('Apply_to_each')?['field_15'], '\\n', ''), '\\r', ''))}"
              }
            },
            "Set_varClarityName2": {
              "runAfter": {
                "Set_varMailID2": [
                  "Succeeded"
                ]
              },
              "metadata": {
                "operationMetadataId": "f8f90be1-08eb-406b-9715-b73736ded3d8"
              },
              "type": "SetVariable",
              "inputs": {
                "name": "varClarityName2",
                "value": "@{trim(replace(replace(items('Apply_to_each')?['Clarity_x0020_Project_x0020_Name/Value'], '\\n', ''), '\\r', ''))}"
              }
            }
          },
          "runAfter": {
            "Get_items": [
              "Succeeded"
            ]
          },
          "metadata": {
            "operationMetadataId": "9c8f3ec2-bb09-454e-b9b6-dd68091d39ac"
          },
          "type": "Foreach"
        },
        "Initialize_varDeletedCount": {
          "runAfter": {},
          "metadata": {
            "operationMetadataId": "210fa7da-a615-43bc-989e-cad938c07ed4"
          },
          "type": "InitializeVariable",
          "inputs": {
            "variables": [
              {
                "name": "varDeletedCount",
                "type": "integer",
                "value": 0
              }
            ]
          }
        },
        "Initialize_varNotDeletedCount": {
          "runAfter": {
            "Initialize_varDeletedCount": [
              "Succeeded"
            ]
          },
          "metadata": {
            "operationMetadataId": "c0f10d17-fd06-4e2c-9d8d-5e6f0788746e"
          },
          "type": "InitializeVariable",
          "inputs": {
            "variables": [
              {
                "name": "varNotDeletedCount",
                "type": "integer",
                "value": 0
              }
            ]
          }
        },
        "Deleted": {
          "runAfter": {
            "Apply_to_each": [
              "Succeeded"
            ]
          },
          "metadata": {
            "operationMetadataId": "b71c056d-5893-458a-a378-e89acf5fd1b3"
          },
          "type": "Compose",
          "inputs": "@variables('varDeletedCount')"
        },
        "Not_Deleted": {
          "runAfter": {
            "Deleted": [
              "Succeeded"
            ]
          },
          "metadata": {
            "operationMetadataId": "7867c00d-c103-41bc-af06-4bda86b7c4a8"
          },
          "type": "Compose",
          "inputs": "@variables('varNotDeletedCount')"
        }
      }
    },
    "templateName": null
  },
  "schemaVersion": "1.0.0.0"
}