{
  "properties": {
    "connectionReferences": {
      "shared_sharepointonline": {
        "runtimeSource": "invoker",
        "connection": {
          "connectionReferenceLogicalName": "pb_sharedsharepointonline_54fda"
        },
        "api": {
          "name": "shared_sharepointonline"
        }
      }
    },
    "definition": {
      "$schema": "https://schema.management.azure.com/providers/Microsoft.Logic/schemas/2016-06-01/workflowdefinition.json#",
      "contentVersion": "1.0.0.0",
      "parameters": {
        "$connections": {
          "defaultValue": {},
          "type": "Object"
        },
        "$authentication": {
          "defaultValue": {},
          "type": "SecureObject"
        }
      },
      "triggers": {
        "manual": {
          "metadata": {
            "operationMetadataId": "f6a4ce85-fb32-4d07-943b-24e690572317"
          },
          "type": "Request",
          "kind": "Button",
          "inputs": {
            "schema": {
              "type": "object",
              "properties": {},
              "required": []
            }
          }
        }
      },
      "actions": {
        "Get_items": {
          "runAfter": {
            "Initialize_variable": [
              "Succeeded"
            ]
          },
          "metadata": {
            "operationMetadataId": "02a89111-c098-4882-a643-46c046943bac"
          },
          "type": "OpenApiConnection",
          "inputs": {
            "host": {
              "connectionName": "shared_sharepointonline",
              "operationId": "GetItems",
              "apiId": "/providers/Microsoft.PowerApps/apis/shared_sharepointonline"
            },
            "parameters": {
              "dataset": "https://capgemini.sharepoint.com/sites/ChanelKMPortal",
              "table": "c6b6e33a-2376-4059-96f1-dd3e779be976",
              "$filter": "field_15 eq 'testemployee@abc.com' and Clarity_x0020_Project_x0020_Name/Title eq 'Test project' and Year eq '2025'"
            },
            "authentication": {
              "type": "Raw",
              "value": "@json(decodeBase64(triggerOutputs().headers['X-MS-APIM-Tokens']))['$ConnectionKey']"
            }
          }
        },
        "Loop_to_update_data_input_table_item": {
          "foreach": "@outputs('Get_items')?['body/value']",
          "actions": {
            "Compose": {
              "runAfter": {},
              "metadata": {
                "operationMetadataId": "0e7e061c-e3cc-41f9-877a-2867c0d80a09"
              },
              "type": "Compose",
              "inputs": "@items('Loop_to_update_data_input_table_item')?['field_54']"
            },
            "Compose_2": {
              "runAfter": {
                "Compose_3": [
                  "Succeeded"
                ]
              },
              "metadata": {
                "operationMetadataId": "b360a3ad-8b30-46e1-b60a-854e22876bb8"
              },
              "type": "Compose",
              "inputs": "@if(\r\n  equals(\r\n    'Sep',\r\n    outputs('current_month')\r\n  ),\r\n  float(variables('Mon_obj')['Sep']),\r\n  items('Loop_to_update_data_input_table_item')?['field_54']\r\n)\r\n"
            },
            "current_month": {
              "runAfter": {
                "Compose": [
                  "Succeeded"
                ]
              },
              "metadata": {
                "operationMetadataId": "4675b0dc-e411-4f02-a63a-2383743f8276"
              },
              "type": "Compose",
              "inputs": "Sep"
            },
            "Compose_3": {
              "runAfter": {
                "current_month": [
                  "Succeeded"
                ]
              },
              "metadata": {
                "operationMetadataId": "6d744ae2-efda-4ff1-891d-bafb269a8ecd"
              },
              "type": "Compose",
              "inputs": "@substring(concat('', items('Loop_to_update_data_input_table_item')?['field_54']), 0, 3)\r\n"
            }
          },
          "runAfter": {
            "Get_items": [
              "Succeeded"
            ]
          },
          "metadata": {
            "operationMetadataId": "dd37250e-ec44-4052-b18b-0b5470f7f3a7"
          },
          "type": "Foreach"
        },
        "Initialize_variable": {
          "runAfter": {},
          "metadata": {
            "operationMetadataId": "90175535-5680-42b5-acf6-19bdf3d1b07e"
          },
          "type": "InitializeVariable",
          "inputs": {
            "variables": [
              {
                "name": "Mon_obj",
                "type": "object",
                "value": {
                  "Jan": 0,
                  "Feb": 0,
                  "Mar": 0,
                  "Apr": 0,
                  "May": 0,
                  "Jun": 0,
                  "Jul": 0,
                  "Aug": 0,
                  "Oct": 0,
                  "Nov": 0,
                  "Dec": 0,
                  "Sep": 0.4
                }
              }
            ]
          }
        }
      }
    },
    "templateName": null
  },
  "schemaVersion": "1.0.0.0"
}