<ImportExportXml xmlns:xsi="http://www.w3.org/2001/XMLSchema-instance" OrganizationVersion="9.2.25073.208" OrganizationSchemaType="Standard" CRMServerServiceabilityVersion="9.2.25073.00208">
  <Entities></Entities>
  <Roles></Roles>
  <Workflows>
    <Workflow WorkflowId="{714918b6-fc36-f011-8c4d-000d3ab716f3}" Name="csvtoxmltemplate">
      <JsonFileName>/Workflows/csvtoxmltemplate-714918B6-FC36-F011-8C4D-000D3AB716F3.json</JsonFileName>
      <Type>1</Type>
      <Subprocess>0</Subprocess>
      <Category>5</Category>
      <Mode>0</Mode>
      <Scope>4</Scope>
      <OnDemand>0</OnDemand>
      <TriggerOnCreate>0</TriggerOnCreate>
      <TriggerOnDelete>0</TriggerOnDelete>
      <AsyncAutodelete>0</AsyncAutodelete>
      <SyncWorkflowLogOnFailure>0</SyncWorkflowLogOnFailure>
      <StateCode>1</StateCode>
      <StatusCode>2</StatusCode>
      <RunAs>1</RunAs>
      <IsTransacted>1</IsTransacted>
      <IntroducedVersion>1.0</IntroducedVersion>
      <IsCustomizable>1</IsCustomizable>
      <BusinessProcessType>0</BusinessProcessType>
      <IsCustomProcessingStepAllowedForOtherPublishers>1</IsCustomProcessingStepAllowedForOtherPublishers>
      <ModernFlowType>0</ModernFlowType>
      <PrimaryEntity>none</PrimaryEntity>
      <LocalizedNames>
        <LocalizedName languagecode="1033" description="csvtoxmltemplate" />
      </LocalizedNames>
    </Workflow>
  </Workflows>
  <FieldSecurityProfiles></FieldSecurityProfiles>
  <Templates />
  <EntityMaps />
  <EntityRelationships />
  <OrganizationSettings />
  <optionsets />
  <CustomControls />
  <EntityDataProviders />
  <Connectors>
    <Connector>
      <connectorid>43c82947-53dd-4877-9e60-095aed3d01f5</connectorid>
      <description>Creatina a xml templete for each csv row</description>
      <displayname>CSVtoXML - 1</displayname>
      <iconbrandcolor>#007ee5</iconbrandcolor>
      <name>cr3ab_csvtoxml-20-2d-201</name>
      <connectortype>1</connectortype>
      <scriptoperations>["Csvtoxml"]</scriptoperations>
      <openapidefinition>/Connector/cr3ab_csvtoxml-20-2d-201_openapidefinition.json</openapidefinition>
      <connectionparameters>/Connector/cr3ab_csvtoxml-20-2d-201_connectionparameters.json</connectionparameters>
      <policytemplateinstances>/Connector/cr3ab_csvtoxml-20-2d-201_policytemplateinstances.json</policytemplateinstances>
      <customcodeblobcontent>/Connector/cr3ab_csvtoxml-20-2d-201_customcodeblobcontent.csx</customcodeblobcontent>
      <iconblob>/Connector/cr3ab_csvtoxml-20-2d-201_iconblob.Png</iconblob>
    </Connector>
    <Connector>
      <connectorid>42d299af-c0bb-41c8-8a2d-71ef6f20ef76</connectorid>
      <description></description>
      <displayname>CSVtoXML - FX_Swap</displayname>
      <iconbrandcolor>#007ee5</iconbrandcolor>
      <name>cr3ab_csvtoxml-20-2d-20fx-5fswap</name>
      <connectortype>1</connectortype>
      <scriptoperations>["Csvtoxmlfxswap"]</scriptoperations>
      <openapidefinition>/Connector/cr3ab_csvtoxml-20-2d-20fx-5fswap_openapidefinition.json</openapidefinition>
      <connectionparameters>/Connector/cr3ab_csvtoxml-20-2d-20fx-5fswap_connectionparameters.json</connectionparameters>
      <policytemplateinstances>/Connector/cr3ab_csvtoxml-20-2d-20fx-5fswap_policytemplateinstances.json</policytemplateinstances>
      <customcodeblobcontent>/Connector/cr3ab_csvtoxml-20-2d-20fx-5fswap_customcodeblobcontent.csx</customcodeblobcontent>
      <iconblob>/Connector/cr3ab_csvtoxml-20-2d-20fx-5fswap_iconblob.Png</iconblob>
    </Connector>
    <Connector>
      <connectorid>26a56434-5401-44d6-987a-9e772ca5e4bc</connectorid>
      <description>Creatina a xml templete for each csv row</description>
      <displayname>CSVtoXML</displayname>
      <iconbrandcolor>#007ee5</iconbrandcolor>
      <name>cr3ab_csvtoxml</name>
      <connectortype>1</connectortype>
      <scriptoperations>["Csvtoxml"]</scriptoperations>
      <openapidefinition>/Connector/cr3ab_csvtoxml_openapidefinition.json</openapidefinition>
      <connectionparameters>/Connector/cr3ab_csvtoxml_connectionparameters.json</connectionparameters>
      <policytemplateinstances>/Connector/cr3ab_csvtoxml_policytemplateinstances.json</policytemplateinstances>
      <customcodeblobcontent>/Connector/cr3ab_csvtoxml_customcodeblobcontent.csx</customcodeblobcontent>
      <iconblob>/Connector/cr3ab_csvtoxml_iconblob.Png</iconblob>
    </Connector>
  </Connectors>
  <connectionreferences>
    <connectionreference connectionreferencelogicalname="cr3ab_sharedcsvtoxml202d20fx5fswap5f55733489ec751c7f5fa69f271231a1322b_35080">
      <connectionreferencedisplayname>CSVtoXML - FX_Swap CSVtoXML-35080</connectionreferencedisplayname>
      <connectorid>/providers/Microsoft.PowerApps/apis/shared_csvtoxml-20-2d-20fx-5fswap-5f55733489ec751c7f-5fa69f271231a1322b</connectorid>
      <customconnectorid>
        <connectorid>42d299af-c0bb-41c8-8a2d-71ef6f20ef76</connectorid>
      </customconnectorid>
      <iscustomizable>1</iscustomizable>
      <promptingbehavior>0</promptingbehavior>
      <statecode>0</statecode>
      <statuscode>1</statuscode>
    </connectionreference>
    <connectionreference connectionreferencelogicalname="new_sharedcsvtoxml202d2015f55733489ec751c7f5fa69f271231a1322b_23c79">
      <connectionreferencedisplayname>CSVtoXML - 1</connectionreferencedisplayname>
      <connectorid>/providers/Microsoft.PowerApps/apis/shared_csvtoxml-20-2d-201-5f55733489ec751c7f-5fa69f271231a1322b</connectorid>
      <customconnectorid>
        <connectorid>43c82947-53dd-4877-9e60-095aed3d01f5</connectorid>
      </customconnectorid>
      <iscustomizable>1</iscustomizable>
      <promptingbehavior>0</promptingbehavior>
      <statecode>0</statecode>
      <statuscode>1</statuscode>
    </connectionreference>
    <connectionreference connectionreferencelogicalname="new_sharedcsvtoxml5f55733489ec751c7f5fa69f271231a1322b_81908">
      <connectionreferencedisplayname>CSVtoXML</connectionreferencedisplayname>
      <connectorid>/providers/Microsoft.PowerApps/apis/shared_csvtoxml-5f55733489ec751c7f-5fa69f271231a1322b</connectorid>
      <customconnectorid>
        <connectorid>26a56434-5401-44d6-987a-9e772ca5e4bc</connectorid>
      </customconnectorid>
      <iscustomizable>1</iscustomizable>
      <promptingbehavior>0</promptingbehavior>
      <statecode>0</statecode>
      <statuscode>1</statuscode>
    </connectionreference>
    <connectionreference connectionreferencelogicalname="new_sharedoffice365_1a1eb">
      <connectionreferencedisplayname>Office 365 Outlook</connectionreferencedisplayname>
      <connectorid>/providers/Microsoft.PowerApps/apis/shared_office365</connectorid>
      <iscustomizable>1</iscustomizable>
      <promptingbehavior>0</promptingbehavior>
      <statecode>0</statecode>
      <statuscode>1</statuscode>
    </connectionreference>
    <connectionreference connectionreferencelogicalname="new_sharedsharepointonline_28c66">
      <connectionreferencedisplayname>SharePoint</connectionreferencedisplayname>
      <connectorid>/providers/Microsoft.PowerApps/apis/shared_sharepointonline</connectorid>
      <iscustomizable>1</iscustomizable>
      <promptingbehavior>0</promptingbehavior>
      <statecode>0</statecode>
      <statuscode>1</statuscode>
    </connectionreference>
    <connectionreference connectionreferencelogicalname="new_sharedsharepointonline_9244e">
      <connectionreferencedisplayname>SharePoint</connectionreferencedisplayname>
      <connectorid>/providers/Microsoft.PowerApps/apis/shared_sharepointonline</connectorid>
      <iscustomizable>1</iscustomizable>
      <promptingbehavior>0</promptingbehavior>
      <statecode>0</statecode>
      <statuscode>1</statuscode>
    </connectionreference>
  </connectionreferences>
  <Languages>
    <Language>1033</Language>
  </Languages>
</ImportExportXml>