<ImportExportXml version="9.2.25081.226" SolutionPackageVersion="9.2" languagecode="1033" generatedBy="CrmLive" xmlns:xsi="http://www.w3.org/2001/XMLSchema-instance" OrganizationVersion="9.2.25081.226" OrganizationSchemaType="Standard" CRMServerServiceabilityVersion="9.2.25081.00226">
  <SolutionManifest>
    <UniqueName>PAFlows</UniqueName>
    <LocalizedNames>
      <LocalizedName description="PA Flows" languagecode="1033" />
    </LocalizedNames>
    <Descriptions />
    <Version>1.0.0.1</Version>
    <Managed>0</Managed>
    <Publisher>
      <UniqueName>paflows2</UniqueName>
      <LocalizedNames>
        <LocalizedName description="paflows2" languagecode="1033" />
      </LocalizedNames>
      <Descriptions>
        <Description description="paflows2" languagecode="1033" />
      </Descriptions>
      <EMailAddress xsi:nil="true"></EMailAddress>
      <SupportingWebsiteUrl xsi:nil="true"></SupportingWebsiteUrl>
      <CustomizationPrefix>paflows2</CustomizationPrefix>
      <CustomizationOptionValuePrefix>28334</CustomizationOptionValuePrefix>
      <Addresses>
        <Address>
          <AddressNumber>1</AddressNumber>
          <AddressTypeCode>1</AddressTypeCode>
          <City xsi:nil="true"></City>
          <County xsi:nil="true"></County>
          <Country xsi:nil="true"></Country>
          <Fax xsi:nil="true"></Fax>
          <FreightTermsCode xsi:nil="true"></FreightTermsCode>
          <ImportSequenceNumber xsi:nil="true"></ImportSequenceNumber>
          <Latitude xsi:nil="true"></Latitude>
          <Line1 xsi:nil="true"></Line1>
          <Line2 xsi:nil="true"></Line2>
          <Line3 xsi:nil="true"></Line3>
          <Longitude xsi:nil="true"></Longitude>
          <Name xsi:nil="true"></Name>
          <PostalCode xsi:nil="true"></PostalCode>
          <PostOfficeBox xsi:nil="true"></PostOfficeBox>
          <PrimaryContactName xsi:nil="true"></PrimaryContactName>
          <ShippingMethodCode>1</ShippingMethodCode>
          <StateOrProvince xsi:nil="true"></StateOrProvince>
          <Telephone1 xsi:nil="true"></Telephone1>
          <Telephone2 xsi:nil="true"></Telephone2>
          <Telephone3 xsi:nil="true"></Telephone3>
          <TimeZoneRuleVersionNumber xsi:nil="true"></TimeZoneRuleVersionNumber>
          <UPSZone xsi:nil="true"></UPSZone>
          <UTCOffset xsi:nil="true"></UTCOffset>
          <UTCConversionTimeZoneCode xsi:nil="true"></UTCConversionTimeZoneCode>
        </Address>
        <Address>
          <AddressNumber>2</AddressNumber>
          <AddressTypeCode>1</AddressTypeCode>
          <City xsi:nil="true"></City>
          <County xsi:nil="true"></County>
          <Country xsi:nil="true"></Country>
          <Fax xsi:nil="true"></Fax>
          <FreightTermsCode xsi:nil="true"></FreightTermsCode>
          <ImportSequenceNumber xsi:nil="true"></ImportSequenceNumber>
          <Latitude xsi:nil="true"></Latitude>
          <Line1 xsi:nil="true"></Line1>
          <Line2 xsi:nil="true"></Line2>
          <Line3 xsi:nil="true"></Line3>
          <Longitude xsi:nil="true"></Longitude>
          <Name xsi:nil="true"></Name>
          <PostalCode xsi:nil="true"></PostalCode>
          <PostOfficeBox xsi:nil="true"></PostOfficeBox>
          <PrimaryContactName xsi:nil="true"></PrimaryContactName>
          <ShippingMethodCode>1</ShippingMethodCode>
          <StateOrProvince xsi:nil="true"></StateOrProvince>
          <Telephone1 xsi:nil="true"></Telephone1>
          <Telephone2 xsi:nil="true"></Telephone2>
          <Telephone3 xsi:nil="true"></Telephone3>
          <TimeZoneRuleVersionNumber xsi:nil="true"></TimeZoneRuleVersionNumber>
          <UPSZone xsi:nil="true"></UPSZone>
          <UTCOffset xsi:nil="true"></UTCOffset>
          <UTCConversionTimeZoneCode xsi:nil="true"></UTCConversionTimeZoneCode>
        </Address>
      </Addresses>
    </Publisher>
    <RootComponents>
      <RootComponent type="29" id="{01c4c89f-2f87-f011-b4cc-6045bd99a6c6}" behavior="0" />
      <RootComponent type="29" id="{0f32ee39-d087-f011-b4cc-6045bd99a6c6}" behavior="0" />
      <RootComponent type="29" id="{1014a95a-d087-f011-b4cc-6045bd99a6c6}" behavior="0" />
      <RootComponent type="29" id="{1932ee39-d087-f011-b4cc-6045bd99a6c6}" behavior="0" />
      <RootComponent type="29" id="{1a7e21ae-d087-f011-b4cc-6045bd99a6c6}" behavior="0" />
      <RootComponent type="29" id="{1c7e21ae-d087-f011-b4cc-6045bd99a6c6}" behavior="0" />
      <RootComponent type="29" id="{1d7e21ae-d087-f011-b4cc-6045bd99a6c6}" behavior="0" />
      <RootComponent type="29" id="{237e21ae-d087-f011-b4cc-6045bd99a6c6}" behavior="0" />
      <RootComponent type="29" id="{2e290f23-2f87-f011-b4cc-6045bd99a6c6}" behavior="0" />
      <RootComponent type="29" id="{2f290f23-2f87-f011-b4cc-6045bd99a6c6}" behavior="0" />
      <RootComponent type="29" id="{30290f23-2f87-f011-b4cc-6045bd99a6c6}" behavior="0" />
      <RootComponent type="29" id="{51db3b5d-2f87-f011-b4cc-6045bd99a6c6}" behavior="0" />
      <RootComponent type="29" id="{52db3b5d-2f87-f011-b4cc-6045bd99a6c6}" behavior="0" />
      <RootComponent type="29" id="{6f736ab5-d087-f011-b4cc-6045bd99a6c6}" behavior="0" />
      <RootComponent type="29" id="{75736ab5-d087-f011-b4cc-6045bd99a6c6}" behavior="0" />
      <RootComponent type="29" id="{77736ab5-d087-f011-b4cc-6045bd99a6c6}" behavior="0" />
      <RootComponent type="29" id="{79c43348-2f87-f011-b4cc-6045bd99a6c6}" behavior="0" />
      <RootComponent type="29" id="{807e21ae-d087-f011-b4cc-6045bd99a6c6}" behavior="0" />
      <RootComponent type="29" id="{827e21ae-d087-f011-b4cc-6045bd99a6c6}" behavior="0" />
      <RootComponent type="29" id="{83b1f572-d087-f011-b4cc-6045bd99a6c6}" behavior="0" />
      <RootComponent type="29" id="{873c1448-d087-f011-b4cc-6045bd99a6c6}" behavior="0" />
      <RootComponent type="29" id="{883c1448-d087-f011-b4cc-6045bd99a6c6}" behavior="0" />
      <RootComponent type="29" id="{8870b494-d087-f011-b4cc-6045bd99a6c6}" behavior="0" />
      <RootComponent type="29" id="{893c1448-d087-f011-b4cc-6045bd99a6c6}" behavior="0" />
      <RootComponent type="29" id="{8c70b494-d087-f011-b4cc-6045bd99a6c6}" behavior="0" />
      <RootComponent type="29" id="{8d70b494-d087-f011-b4cc-6045bd99a6c6}" behavior="0" />
      <RootComponent type="29" id="{8e70b494-d087-f011-b4cc-6045bd99a6c6}" behavior="0" />
      <RootComponent type="29" id="{a573bc80-d087-f011-b4cc-6045bd99a6c6}" behavior="0" />
      <RootComponent type="29" id="{a673bc80-d087-f011-b4cc-6045bd99a6c6}" behavior="0" />
      <RootComponent type="29" id="{ac6ebf22-d087-f011-b4cc-6045bd99a6c6}" behavior="0" />
      <RootComponent type="29" id="{ad0dce75-2f87-f011-b4cc-6045bd99a6c6}" behavior="0" />
      <RootComponent type="29" id="{bb70b494-d087-f011-b4cc-6045bd99a6c6}" behavior="0" />
      <RootComponent type="29" id="{bd70b494-d087-f011-b4cc-6045bd99a6c6}" behavior="0" />
      <RootComponent type="29" id="{be70b494-d087-f011-b4cc-6045bd99a6c6}" behavior="0" />
      <RootComponent type="29" id="{cc70b494-d087-f011-b4cc-6045bd99a6c6}" behavior="0" />
      <RootComponent type="29" id="{d4c7d0d5-2f87-f011-b4cc-6045bd99a6c6}" behavior="0" />
      <RootComponent type="29" id="{e37d21ae-d087-f011-b4cc-6045bd99a6c6}" behavior="0" />
      <RootComponent type="29" id="{e47d21ae-d087-f011-b4cc-6045bd99a6c6}" behavior="0" />
      <RootComponent type="29" id="{e499d766-d087-f011-b4cc-6045bd99a6c6}" behavior="0" />
      <RootComponent type="29" id="{e57d21ae-d087-f011-b4cc-6045bd99a6c6}" behavior="0" />
      <RootComponent type="29" id="{e67d21ae-d087-f011-b4cc-6045bd99a6c6}" behavior="0" />
      <RootComponent type="29" id="{ed70b494-d087-f011-b4cc-6045bd99a6c6}" behavior="0" />
      <RootComponent type="29" id="{f2bde487-2f87-f011-b4cc-6045bd99a6c6}" behavior="0" />
      <RootComponent type="29" id="{fa280f23-2f87-f011-b4cc-6045bd99a6c6}" behavior="0" />
      <RootComponent type="29" id="{fb280f23-2f87-f011-b4cc-6045bd99a6c6}" behavior="0" />
      <RootComponent type="29" id="{fc280f23-2f87-f011-b4cc-6045bd99a6c6}" behavior="0" />
      <RootComponent type="29" id="{fd280f23-2f87-f011-b4cc-6045bd99a6c6}" behavior="0" />
    </RootComponents>
    <MissingDependencies />
  </SolutionManifest>
</ImportExportXml>