<botcomponent schemaname="cr0ea_lDChatbotTrial.component.SmartCardTypes-QuickReferenceCard.pdf">
  <componenttype>14</componenttype>
  <description>This knowledge source searches information contained in SmartCard Types - Quick Reference Card.pdf</description>
  <iscustomizable>0</iscustomizable>
  <name>SmartCard Types - Quick Reference Card.pdf</name>
  <parentbotid>
    <schemaname>cr0ea_lDChatbotTrial</schemaname>
  </parentbotid>
  <statecode>0</statecode>
  <statuscode>1</statuscode>
</botcomponent>