{
  "properties": {
    "connectionReferences": {},
    "definition": {
      "$schema": "https://schema.management.azure.com/providers/Microsoft.Logic/schemas/2016-06-01/workflowdefinition.json#",
      "contentVersion": "1.0.0.0",
      "parameters": {
        "$authentication": {
          "defaultValue": {},
          "type": "SecureObject"
        },
        "User Name for Coupa Chatbot Auto Ticket Creation  (coupacha_UserNameforCoupaChatbotAutoTicketCreation)": {
          "defaultValue": "chatbot_copilot_studio",
          "type": "String",
          "metadata": {
            "schemaName": "coupacha_UserNameforCoupaChatbotAutoTicketCreation"
          }
        },
        "CoupaChatbotPasswordforSNOW (coupacha_CoupaChatbotPasswordforSNOW)": {
          "defaultValue": "h4zO^V&-.>b9A4z@JGoK5?>8Q%FAgG)wm,%2])R8",
          "type": "String",
          "metadata": {
            "schemaName": "coupacha_CoupaChatbotPasswordforSNOW"
          }
        }
      },
      "triggers": {
        "manual": {
          "metadata": {
            "operationMetadataId": "b8f61c18-7224-4f8a-9c5f-72fbce5df764"
          },
          "type": "Request",
          "kind": "Skills",
          "inputs": {
            "schema": {
              "type": "object",
              "properties": {
                "text": {
                  "title": "AD ID",
                  "type": "string",
                  "x-ms-dynamically-added": true,
                  "description": "Please enter your input",
                  "x-ms-content-hint": "TEXT"
                },
                "text_1": {
                  "title": "tag",
                  "type": "string",
                  "x-ms-dynamically-added": true,
                  "description": "Please enter your input",
                  "x-ms-content-hint": "TEXT"
                },
                "text_2": {
                  "title": "Category",
                  "type": "string",
                  "x-ms-dynamically-added": true,
                  "description": "Please enter your input",
                  "x-ms-content-hint": "TEXT"
                },
                "text_3": {
                  "title": "Subcategory",
                  "type": "string",
                  "x-ms-dynamically-added": true,
                  "description": "Please enter your input",
                  "x-ms-content-hint": "TEXT"
                },
                "text_4": {
                  "title": "Impacted application",
                  "type": "string",
                  "x-ms-dynamically-added": true,
                  "description": "Please enter your input",
                  "x-ms-content-hint": "TEXT"
                },
                "text_5": {
                  "title": "Scope",
                  "type": "string",
                  "x-ms-dynamically-added": true,
                  "description": "Please enter your input",
                  "x-ms-content-hint": "TEXT"
                },
                "text_6": {
                  "title": "Symptom",
                  "type": "string",
                  "x-ms-dynamically-added": true,
                  "description": "Please enter your input",
                  "x-ms-content-hint": "TEXT"
                },
                "text_7": {
                  "title": "On which hardware or device are you facing the issue (computer, mobile phone, tablet, printer, ...) ?",
                  "type": "string",
                  "x-ms-dynamically-added": true,
                  "description": "Please enter your input",
                  "x-ms-content-hint": "TEXT"
                },
                "text_8": {
                  "title": "Impacted hardware",
                  "type": "string",
                  "x-ms-dynamically-added": true,
                  "description": "Please enter your input",
                  "x-ms-content-hint": "TEXT"
                },
                "text_9": {
                  "title": "Description",
                  "type": "string",
                  "x-ms-dynamically-added": true,
                  "description": "Please enter your input",
                  "x-ms-content-hint": "TEXT"
                },
                "text_10": {
                  "title": "Short Description",
                  "type": "string",
                  "x-ms-dynamically-added": true,
                  "description": "Please enter your input",
                  "x-ms-content-hint": "TEXT"
                }
              },
              "required": [
                "text",
                "text_1",
                "text_2",
                "text_3",
                "text_4",
                "text_5",
                "text_6",
                "text_7",
                "text_8",
                "text_9",
                "text_10"
              ]
            }
          }
        }
      },
      "actions": {
        "Try": {
          "actions": {
            "HTTP": {
              "runAfter": {},
              "metadata": {
                "operationMetadataId": "fc85b337-c3fb-4c0c-ad27-fb28ee7e9439"
              },
              "type": "Http",
              "inputs": {
                "method": "POST",
                "uri": "https://ccunitedtest.service-now.com/api/sapim/genericintegration/inboundpost",
                "headers": {
                  "Content-Type": "application/json",
                  "Accept": "application/json"
                },
                "body": {
                  "Opened for": "@{triggerBody()['text']}",
                  "tag": "@{triggerBody()['text_1']}",
                  "Category": "@{triggerBody()['text_2']}",
                  "Subcategory": "@{triggerBody()['text_3']}",
                  "Impacted application": "@{triggerBody()['text_4']}",
                  "Scope": "@{triggerBody()['text_5']}",
                  "Symptom": "@{triggerBody()['text_6']}",
                  "On which hardware or device are you facing the issue (computer, mobile phone, tablet, printer, ...) ?": "@{triggerBody()['text_7']}",
                  "Impacted hardware": "@{triggerBody()['text_8']}",
                  "Description": " @{triggerBody()['text_9']} ",
                  "Short description": "@{triggerBody()['text_10']}"
                },
                "authentication": {
                  "type": "Basic",
                  "username": "@parameters('User Name for Coupa Chatbot Auto Ticket Creation  (coupacha_UserNameforCoupaChatbotAutoTicketCreation)')",
                  "password": "@parameters('CoupaChatbotPasswordforSNOW (coupacha_CoupaChatbotPasswordforSNOW)')"
                }
              }
            },
            "Respond_to_the_agent": {
              "runAfter": {
                "Condition": [
                  "Succeeded"
                ]
              },
              "metadata": {
                "operationMetadataId": "81c94f73-dd52-465c-ad3b-a4686da63cc3"
              },
              "type": "Response",
              "kind": "Skills",
              "inputs": {
                "statusCode": 200,
                "body": {
                  "number": "@{outputs('Ticket_Link')}",
                  "message": "@body('Parse_JSON')?['result']?['message']",
                  "ticket_failure_message": "@{outputs('Ticket_Failure_Message')}"
                },
                "schema": {
                  "type": "object",
                  "properties": {
                    "number": {
                      "title": "Number",
                      "x-ms-dynamically-added": true,
                      "type": "string"
                    },
                    "message": {
                      "title": "Message",
                      "x-ms-dynamically-added": true,
                      "type": "string"
                    },
                    "ticket_failure_message": {
                      "title": "Ticket Failure Message",
                      "x-ms-dynamically-added": true,
                      "type": "string"
                    }
                  }
                }
              }
            },
            "Condition": {
              "actions": {
                "Parse_JSON": {
                  "runAfter": {},
                  "metadata": {
                    "operationMetadataId": "3e16b898-bfd7-4d19-a816-a660782cf481"
                  },
                  "type": "ParseJson",
                  "inputs": {
                    "content": "@body('HTTP')",
                    "schema": {
                      "type": "object",
                      "properties": {
                        "result": {
                          "type": "object",
                          "properties": {
                            "number": {
                              "type": "string"
                            },
                            "sys_id": {
                              "type": "string"
                            },
                            "message": {
                              "type": "string"
                            }
                          }
                        }
                      }
                    }
                  }
                },
                "Ticket_Link": {
                  "runAfter": {
                    "Parse_JSON": [
                      "Succeeded"
                    ]
                  },
                  "metadata": {
                    "operationMetadataId": "b2d9b090-b070-4c38-bdf9-b14cd81b985d"
                  },
                  "type": "Compose",
                  "inputs": "<a href = \"https://ccunitedtest.service-now.com/now/nav/ui/classic/params/target/incident.do%3Fsys_id=@{body('Parse_JSON')?['result']?['sys_id']}\">@{body('Parse_JSON')?['result']?['number']}</a>"
                }
              },
              "runAfter": {
                "HTTP": [
                  "Succeeded"
                ]
              },
              "else": {
                "actions": {
                  "Ticket_Failure_Message": {
                    "runAfter": {},
                    "metadata": {
                      "operationMetadataId": "bc836099-35a5-47e5-bd49-58c5f5e66759"
                    },
                    "type": "Compose",
                    "inputs": "We weren’t able to create your ticket due to a technical issue.\nPlease try again in a few moments. If the problem persists, you can create a ticket manually via <a href=https://eur02.safelinks.protection.outlook.com/?url=https%3A%2F%2Fccunited.service-now.com%2Fmyserviceportal%3Fid%3Dsc_cat_item%26sys_id%3D97fe9c28db462410bcc0cbb30596199d%26sysparm_category%3Dapplication%26sysparm_subcategory2%3Dbusiness%2520application%26sysparm_business_service%3DCoupa%26sysparm_u_symptom%3Dsome%2520functionalities%2520are%2520not%2520working%26sysparm_cmdb_ci_not_mine%3DCMDB%2520CI%2520SYS_ID&data=05%7C02%7Cragam.ravi-teja%40chanel.com%7Cf79d9d9baea14b5f3ef108dd7685f02e%7Ce6cbec2f2f2343ca82c451a7c9b71e7a%7C0%7C0%7C638797039821571997%7CUnknown%7CTWFpbGZsb3d8eyJFbXB0eU1hcGkiOnRydWUsIlYiOiIwLjAuMDAwMCIsIlAiOiJXaW4zMiIsIkFOIjoiTWFpbCIsIldUIjoyfQ%3D%3D%7C0%7C%7C%7C&sdata=%2B%2Fx3Hu9D6Z04KwroA2D2hQFAZF%2Bjs6d1%2BnuHIuR18Z0%3D&reserved=0> ServiceNow </a>\nWe’re sorry for the inconvenience and thank you for your patience."
                  }
                }
              },
              "expression": {
                "equals": [
                  "@outputs('Http')?['statusCode']",
                  200
                ]
              },
              "metadata": {
                "operationMetadataId": "497b16dc-c8d9-4a75-97fc-6d3966901404"
              },
              "type": "If"
            }
          },
          "runAfter": {},
          "metadata": {
            "operationMetadataId": "3bd60482-cad3-4a30-982d-f7511653bcb4"
          },
          "type": "Scope"
        },
        "Catch": {
          "actions": {
            "Filter_array": {
              "runAfter": {},
              "metadata": {
                "operationMetadataId": "a0cdc780-1a59-4e30-a867-8e3facb957ef"
              },
              "type": "Query",
              "inputs": {
                "from": "@result('Try')",
                "where": "@or(equals(item()?['Status'], 'Failed'), equals(item()?['Status'], 'TimedOut'))"
              }
            },
            "Create_HTML_table": {
              "runAfter": {
                "Filter_array": [
                  "Succeeded"
                ]
              },
              "metadata": {
                "operationMetadataId": "674974ab-6bd9-4c21-8341-ca2e0d1b70b3"
              },
              "type": "Table",
              "inputs": {
                "from": "@body('Filter_array')",
                "format": "HTML",
                "columns": [
                  {
                    "header": "Action",
                    "value": "@item()?['name']"
                  },
                  {
                    "header": "Status",
                    "value": "@item()?['Status']"
                  },
                  {
                    "header": "ErrorMessage",
                    "value": "@item()?['outputs']?['body']?['error']?['message']"
                  },
                  {
                    "header": "Details",
                    "value": "@item()?['outputs']?['body']?['error']?['detail']"
                  }
                ]
              }
            },
            "Run_a_Child_Flow": {
              "runAfter": {
                "Create_HTML_table": [
                  "Succeeded"
                ]
              },
              "metadata": {
                "operationMetadataId": "b836e3ff-f4c7-4c0d-b604-4b1cd56c704f"
              },
              "type": "Workflow",
              "inputs": {
                "host": {
                  "workflowReferenceName": "551a3d02-821b-f011-998a-6045bd951a10"
                },
                "body": {
                  "text": "@body('Create_HTML_table')",
                  "text_1": "@concat('https://make.powerautomate.com/environments/', workflow()?['tags']['environmentName'],'/flows/',workflow()?['name'],'/runs/',workflow()?['run']['name'])"
                }
              }
            }
          },
          "runAfter": {
            "Try": [
              "Failed"
            ]
          },
          "metadata": {
            "operationMetadataId": "f37056f2-771a-4eec-98c1-856cedd54edf"
          },
          "type": "Scope"
        }
      },
      "outputs": {}
    },
    "templateName": "8966f0978a80430098d992ce322095e3"
  },
  "schemaVersion": "1.0.0.0"
}