{"swagger":"2.0","info":{"title":"CSVtoXML - FX_Swap","description":"","version":"1.0"},"host":"home.com","basePath":"/","schemes":["https"],"consumes":[],"produces":[],"paths":{"/":{"post":{"responses":{"default":{"description":"default","schema":{}}},"summary":"csvtoxmlfxswap","operationId":"Csvtoxmlfxswap","parameters":[{"name":"body","in":"body","required":false,"schema":{"type":"object","properties":{"csv":{"type":"string","description":"csv"},"trade id":{"type":"string","description":"trade id"},"type":{"type":"string","description":"type"},"buy or sell":{"type":"string","description":"buy or sell"},"C2X_Id":{"type":"string","description":"C2X_Id"},"C2X_NbRcrds":{"type":"string","description":"C2X_NbRcrds"},"C2X_NoPrtfl":{"type":"string","description":"C2X_NoPrtfl"},"C2X_PltfmIdr":{"type":"string","description":"C2X_PltfmIdr"},"C2X_DlvryTp":{"type":"string","description":"C2X_DlvryTp"},"C2X_Type_OTHR":{"type":"string","description":"C2X_Type_OTHR"},"C2X_Type_TRAD":{"type":"string","description":"C2X_Type_TRAD"},"C2X_Rsn":{"type":"string","description":"C2X_Rsn"},"C2X_OthrMstrAgrmtDtls":{"type":"string","description":"C2X_OthrMstrAgrmtDtls"},"C2X_ExecutionAgentRCP":{"type":"string","description":"C2X_ExecutionAgentRCP"},"C2X_BizMsgIdr":{"type":"string","description":"C2X_BizMsgIdr"},"C2X_MsgDefIdr":{"type":"string","description":"C2X_MsgDefIdr"},"C2X_CreDt":{"type":"string","description":"C2X_CreDt"},"C2X Main String":{"type":"string","description":"C2X Main String"},"C2X_Lvl":{"type":"string","description":"C2X_Lvl"},"C2X Forward Bizmsg":{"type":"string","description":"C2X Forward Bizmsg"},"C2X Forward Auth":{"type":"string","description":"C2X Forward Auth"},"C2X Forward Date":{"type":"string","description":"C2X Forward Date"},"C2X Forward Main String":{"type":"string","description":"C2X Forward Main String"},"C2X Forward DrctnOfTheFrstLeg":{"type":"string","description":"C2X Forward DrctnOfTheFrstLeg"},"C2X Forward DrctnOfTheScndtLeg":{"type":"string","description":"C2X Forward DrctnOfTheScndtLeg"},"C2X PrmAmt Ccy":{"type":"string","description":"C2X PrmAmt Ccy"},"C2X PrmAmt Cur":{"type":"string","description":"C2X PrmAmt Cur"},"C2X_OrgId":{"type":"string","description":"C2X_OrgId"},"C2X Swap Bizmsg":{"type":"string","description":"C2X Swap Bizmsg"},"C2X Swap Auth":{"type":"string","description":"C2X Swap Auth"},"C2X Swap Date":{"type":"string","description":"C2X Swap Date"},"C2X Swap DrctnOfTheFrstLeg":{"type":"string","description":"C2X Swap DrctnOfTheFrstLeg"},"C2X Swap DrctnOfTheScndLeg":{"type":"string","description":"C2X Swap DrctnOfTheScndLeg"}}}}],"description":"converting csv to xml template for Forward Swap"}}},"definitions":{},"parameters":{},"responses":{},"securityDefinitions":{},"security":[],"tags":[]}