<botcomponent schemaname="crbed_userSupport.knowledge.httpswwwaccuweathercom_7rMc4Hw7sAVD7NrtQWDXM">
  <componenttype>16</componenttype>
  <description>This knowledge source searches information on the web found in https://www.accuweather.com website</description>
  <iscustomizable>0</iscustomizable>
  <name>https://www.accuweather.com</name>
  <parentbotid>
    <schemaname>crbed_userSupport</schemaname>
  </parentbotid>
  <statecode>0</statecode>
  <statuscode>1</statuscode>
</botcomponent>