<environmentvariabledefinition schemaname="cr3ab_C2XFolderPath">
  <defaultvalue>/Development/Finance/CSVtoXML/CSVtoXML Output Files</defaultvalue>
  <displayname default="C2X Folder Output File Path">
    <label description="C2X Folder Output File Path" languagecode="1033" />
  </displayname>
  <introducedversion>1.0.0.0</introducedversion>
  <iscustomizable>1</iscustomizable>
  <isrequired>0</isrequired>
  <secretstore>0</secretstore>
  <type>100000000</type>
</environmentvariabledefinition>