<botcomponent schemaname="crbed_userSupport.topic.Silence">
  <componenttype>9</componenttype>
  <description>Triggered when a duration has passed without the user providing any speech or DTMF input. To use this trigger, silence detection must be turning on in bot settings.</description>
  <iscustomizable>0</iscustomizable>
  <name>Silence detection</name>
  <parentbotid>
    <schemaname>crbed_userSupport</schemaname>
  </parentbotid>
  <statecode>1</statecode>
  <statuscode>2</statuscode>
</botcomponent>