<botcomponent schemaname="cr412_coupaVirtualAssistantV3.file.COUPAUSERGUIDANCETOOLKITUK.pdf_Jbv">
  <componenttype>14</componenttype>
  <description>This knowledge source searches information contained in COUPA USER GUIDANCE &amp; TOOLKIT UK.pdf</description>
  <filedata mimetype="application/pdf">COUPA%20USER%20GUIDANCE%20%26%20TOOLKIT%20UK.pdf</filedata>
  <iscustomizable>0</iscustomizable>
  <name>COUPA USER GUIDANCE &amp; TOOLKIT UK.pdf</name>
  <parentbotid>
    <schemaname>cr412_coupaVirtualAssistantV3</schemaname>
  </parentbotid>
  <statecode>0</statecode>
  <statuscode>1</statuscode>
</botcomponent>