{
  "properties": {
    "connectionReferences": {
      "shared_onedriveforbusiness_1": {
        "runtimeSource": "invoker",
        "connection": {
          "connectionReferenceLogicalName": "farework_sharedonedriveforbusiness_cacea"
        },
        "api": {
          "name": "shared_onedriveforbusiness"
        }
      },
      "shared_excelonlinebusiness": {
        "runtimeSource": "invoker",
        "connection": {
          "connectionReferenceLogicalName": "farework_sharedexcelonlinebusiness_d6568"
        },
        "api": {
          "name": "shared_excelonlinebusiness"
        }
      }
    },
    "definition": {
      "$schema": "https://schema.management.azure.com/providers/Microsoft.Logic/schemas/2016-06-01/workflowdefinition.json#",
      "contentVersion": "1.0.0.0",
      "parameters": {
        "$connections": {
          "defaultValue": {},
          "type": "Object"
        },
        "$authentication": {
          "defaultValue": {},
          "type": "SecureObject"
        }
      },
      "triggers": {
        "manual": {
          "metadata": {
            "operationMetadataId": "3f69a9e8-9b2f-4f23-b462-dd1033ff1632"
          },
          "type": "Request",
          "kind": "Button",
          "inputs": {
            "schema": {
              "type": "object",
              "properties": {},
              "required": []
            }
          }
        }
      },
      "actions": {
        "Get_file_content": {
          "runAfter": {},
          "metadata": {
            "b!GBbiBUOS202Mvt16kKu4fvomkfNOuXVKqO6Jvd2tWjhoSN6OwAu0QoEKkH-BVK8x.01DQRZCDLBXAE6IRQMF5A2X5MBSE77LIQW": "/Desktop/NLY_CHK_FASH_INVOICE_CH_20230905082641.csv",
            "operationMetadataId": "991a1f13-8cdf-4102-b17a-8a88802fe710"
          },
          "type": "OpenApiConnection",
          "inputs": {
            "host": {
              "apiId": "/providers/Microsoft.PowerApps/apis/shared_onedriveforbusiness",
              "connectionName": "shared_onedriveforbusiness_1",
              "operationId": "GetFileContent"
            },
            "parameters": {
              "id": "b!GBbiBUOS202Mvt16kKu4fvomkfNOuXVKqO6Jvd2tWjhoSN6OwAu0QoEKkH-BVK8x.01DQRZCDLBXAE6IRQMF5A2X5MBSE77LIQW",
              "inferContentType": true
            },
            "authentication": {
              "value": "@json(decodeBase64(triggerOutputs().headers['X-MS-APIM-Tokens']))['$ConnectionKey']",
              "type": "Raw"
            }
          }
        },
        "NewLine": {
          "runAfter": {
            "Get_file_content": [
              "Succeeded"
            ]
          },
          "metadata": {
            "operationMetadataId": "cb496a59-73f3-4e8e-ba0b-f1799f376beb"
          },
          "type": "Compose",
          "inputs": "\n"
        },
        "SplitByLine": {
          "runAfter": {
            "NewLine": [
              "Succeeded"
            ]
          },
          "metadata": {
            "operationMetadataId": "7cddf335-cd91-4193-9cd9-8676d20028ac"
          },
          "type": "Compose",
          "inputs": "@split(outputs('Get_file_content')?['body'], 'Header')"
        },
        "Remove_First_Line": {
          "runAfter": {
            "SplitByLine": [
              "Succeeded"
            ]
          },
          "metadata": {
            "operationMetadataId": "914347f8-7311-41f3-86fe-a522632a66c3"
          },
          "type": "Compose",
          "inputs": "@skip(outputs('SplitByLine'),1)"
        },
        "Apply_to_each_3": {
          "foreach": "@outputs('Remove_First_Line')",
          "actions": {
            "HeaderItems": {
              "runAfter": {},
              "metadata": {
                "operationMetadataId": "b70d7c09-42ea-4b8e-a7f6-4235468923f1"
              },
              "type": "Compose",
              "inputs": "@items('Apply_to_each_3')"
            },
            "spl": {
              "runAfter": {
                "Compose": [
                  "Succeeded"
                ]
              },
              "metadata": {
                "operationMetadataId": "e4779a24-2639-43d8-80d3-9c1b1f9e1c60"
              },
              "type": "Compose",
              "inputs": "@split(outputs('HeaderItems'), outputs('NewLine'))"
            },
            "Header": {
              "runAfter": {
                "Filter_array": [
                  "Succeeded"
                ]
              },
              "metadata": {
                "operationMetadataId": "6568990a-cde3-40e5-8103-1d32309a59ab"
              },
              "type": "Compose",
              "inputs": "@outputs('spl')?[0]"
            },
            "Compose": {
              "runAfter": {
                "HeaderItems": [
                  "Succeeded"
                ]
              },
              "metadata": {
                "operationMetadataId": "abfc34af-4fae-4903-8305-3e97caf6fb48"
              },
              "type": "Compose",
              "inputs": "@first(split(outputs('HeaderItems'),'\\n'))"
            },
            "Filter_array": {
              "runAfter": {
                "spl": [
                  "Succeeded"
                ]
              },
              "metadata": {
                "operationMetadataId": "a57e0299-95bf-4bdd-a4a9-96f3dc352e93"
              },
              "type": "Query",
              "inputs": {
                "from": "@outputs('spl')",
                "where": "@startsWith(item(), 'Item')"
              }
            },
            "Splitbycomma": {
              "runAfter": {
                "Header": [
                  "Succeeded"
                ]
              },
              "metadata": {
                "operationMetadataId": "2db6bf4d-996b-473e-ba80-0df542a096c5"
              },
              "type": "Compose",
              "inputs": "@split(outputs('Header'),';')"
            },
            "Json_for_Header": {
              "runAfter": {
                "Splitbycomma": [
                  "Succeeded"
                ]
              },
              "metadata": {
                "operationMetadataId": "e4bb2a64-4cda-4942-839e-9fd31cb1ee9f"
              },
              "type": "Compose",
              "inputs": {
                "Header": "Header",
                "Invoice ID": "@{outputs('Splitbycomma')?[1]}",
                "Invoice Type": "@{outputs('Splitbycomma')?[2]}",
                "Invoice Date": "@{outputs('Splitbycomma')?[3]}",
                "ORLI Client Code": "@{outputs('Splitbycomma')?[4]}",
                "Invoice Client Code ": "@{outputs('Splitbycomma')?[5]}",
                "Delivery Client Code": "@{outputs('Splitbycomma')?[6]}",
                "Delivery Name": "@{outputs('Splitbycomma')?[7]}",
                "Delivery Address Line1": "@{outputs('Splitbycomma')?[8]}",
                "Delivery Address Line2": "@{outputs('Splitbycomma')?[9]}",
                "Delivery Address ZIP Code Town": "@{outputs('Splitbycomma')?[10]}",
                "Delivery Address Country": "@{outputs('Splitbycomma')?[11]}",
                "Currency Code ": "@{outputs('Splitbycomma')?[12]}",
                "Cash Disc Percent": "@{outputs('Splitbycomma')?[13]}",
                "Filter1": "@{outputs('Splitbycomma')?[14]}",
                "Filter2": "@{outputs('Splitbycomma')?[15]}",
                "Filter3": "@{outputs('Splitbycomma')?[16]}",
                "Filter4": "@{outputs('Splitbycomma')?[17]}",
                "Filter5": "@{outputs('Splitbycomma')?[18]}"
              }
            },
            "Parse_JSON_for_Header": {
              "runAfter": {
                "Json_for_Header": [
                  "Succeeded"
                ]
              },
              "metadata": {
                "operationMetadataId": "ff59974f-6d07-4dcb-9b65-d3349b2efe6f"
              },
              "type": "ParseJson",
              "inputs": {
                "content": "@outputs('Json_for_Header')",
                "schema": {
                  "type": "object",
                  "properties": {
                    "Header": {
                      "type": "string"
                    },
                    "Invoice ID": {
                      "type": "string"
                    },
                    "Invoice Type": {
                      "type": "string"
                    },
                    "Invoice Date": {
                      "type": "string"
                    },
                    "ORLI Client Code": {
                      "type": "string"
                    },
                    "Invoice Client Code ": {
                      "type": "string"
                    },
                    "Delivery Client Code": {
                      "type": "string"
                    },
                    "Delivery Name": {
                      "type": "string"
                    },
                    "Delivery Address Line1": {
                      "type": "string"
                    },
                    "Delivery Address Line2": {
                      "type": "string"
                    },
                    "Delivery Address ZIP Code Town": {
                      "type": "string"
                    },
                    "Delivery Address Country": {
                      "type": "string"
                    },
                    "Currency Code ": {
                      "type": "string"
                    },
                    "Cash Disc Percent": {
                      "type": "string"
                    },
                    "Filter1": {
                      "type": "string"
                    },
                    "Filter2": {
                      "type": "string"
                    },
                    "Filter3": {
                      "type": "string"
                    },
                    "Filter4": {
                      "type": "string"
                    },
                    "Filter5": {
                      "type": "string"
                    }
                  }
                }
              }
            },
            "Apply_to_each_for_ItemTracking_": {
              "foreach": "@outputs('ItemswithTracking')",
              "actions": {
                "ItemsTrackingSingleline": {
                  "runAfter": {},
                  "metadata": {
                    "operationMetadataId": "ec66595d-de73-4c39-bba7-501bfadc2a2f"
                  },
                  "type": "Compose",
                  "inputs": "@items('Apply_to_each_for_ItemTracking_')"
                },
                "SplitItemsTracking": {
                  "runAfter": {
                    "ItemsTrackingSingleline": [
                      "Succeeded"
                    ]
                  },
                  "metadata": {
                    "operationMetadataId": "74c75738-c611-4e19-950f-dcad14c2d212"
                  },
                  "type": "Compose",
                  "inputs": "@split(outputs('ItemsTrackingSingleline'),';')"
                },
                "JsonforItemsTracking": {
                  "runAfter": {
                    "SplitItemsTracking": [
                      "Succeeded"
                    ]
                  },
                  "metadata": {
                    "operationMetadataId": "8d173352-b6df-4b70-9dd2-eb507013f8de"
                  },
                  "type": "Compose",
                  "inputs": {
                    "Item": "Item",
                    "PackingSlip ID": "@{outputs('SplitItemsTracking')?[1]}",
                    "Vendor Ref": "@{outputs('SplitItemsTracking')?[2]}",
                    "CNL CustOrderRef": "@{outputs('SplitItemsTracking')?[3]}",
                    "Purch ID": "@{outputs('SplitItemsTracking')?[4]}",
                    "Line Number": "@{outputs('SplitItemsTracking')?[5]}",
                    "Item ID": "@{outputs('SplitItemsTracking')?[6]}",
                    "Barcode": "@{outputs('SplitItemsTracking')?[7]}",
                    "Item Season": "@{outputs('SplitItemsTracking')?[8]}",
                    "Invoice Qty": "@{outputs('SplitItemsTracking')?[9]}",
                    "Invoice Unit": "@{outputs('SplitItemsTracking')?[10]}",
                    "Invoice Price": "@{outputs('SplitItemsTracking')?[11]}",
                    "Price Unit": "@{outputs('SplitItemsTracking')?[12]}",
                    "Currency Code": "@{outputs('SplitItemsTracking')?[13]}",
                    "Closed": "@{outputs('SplitItemsTracking')?[14]}",
                    "LineDisc": "@{outputs('SplitItemsTracking')?[15]}",
                    "LinePercent": "@{outputs('SplitItemsTracking')?[16]}",
                    "Invoice Markup": "@{outputs('SplitItemsTracking')?[17]}",
                    "Confirmed Tax Amount": "@{outputs('SplitItemsTracking')?[18]}",
                    "Line Amount": "@{outputs('SplitItemsTracking')?[19]}",
                    "Fiter1": "@{outputs('SplitItemsTracking')?[20]}",
                    "Filter2": "@{outputs('SplitItemsTracking')?[20]}",
                    "Tracking": "@{outputs('SplitItemsTracking')?[21]}",
                    "Serial Number": "@{outputs('SplitItemsTracking')?[22]}",
                    "Batch Number": "@{outputs('SplitItemsTracking')?[23]}",
                    "Filter3": "@{outputs('SplitItemsTracking')?[24]}",
                    "Filter4": "@{outputs('SplitItemsTracking')?[25]}"
                  }
                },
                "Parse_JSON__for_ItemTracking": {
                  "runAfter": {
                    "JsonforItemsTracking": [
                      "Succeeded"
                    ]
                  },
                  "metadata": {
                    "operationMetadataId": "0d6590aa-6d97-4159-9fb2-00494218667a"
                  },
                  "type": "ParseJson",
                  "inputs": {
                    "content": "@outputs('JsonforItemsTracking')",
                    "schema": {
                      "type": "object",
                      "properties": {
                        "Item": {
                          "type": "string"
                        },
                        "PackingSlip ID": {
                          "type": "string"
                        },
                        "Vendor Ref": {
                          "type": "string"
                        },
                        "CNL CustOrderRef": {
                          "type": "string"
                        },
                        "Purch ID": {
                          "type": "string"
                        },
                        "Line Number": {
                          "type": "string"
                        },
                        "Item ID": {
                          "type": "string"
                        },
                        "Barcode": {
                          "type": "string"
                        },
                        "Item Season": {
                          "type": "string"
                        },
                        "Invoice Qty": {
                          "type": "string"
                        },
                        "Invoice Unit": {
                          "type": "string"
                        },
                        "Invoice Price": {
                          "type": "string"
                        },
                        "Price Unit": {
                          "type": "string"
                        },
                        "Currency Code": {
                          "type": "string"
                        },
                        "Closed": {
                          "type": "string"
                        },
                        "LineDisc": {
                          "type": "string"
                        },
                        "LinePercent": {
                          "type": "string"
                        },
                        "Invoice Markup": {
                          "type": "string"
                        },
                        "Confirmed Tax Amount": {
                          "type": "string"
                        },
                        "Line Amount": {
                          "type": "string"
                        },
                        "Fiter1": {
                          "type": "string"
                        },
                        "Filter2": {
                          "type": "string"
                        },
                        "Tracking": {
                          "type": "string"
                        },
                        "Serial Number": {
                          "type": "string"
                        },
                        "Batch Number": {
                          "type": "string"
                        },
                        "Filter3": {
                          "type": "string"
                        },
                        "Filter4": {
                          "type": "string"
                        }
                      }
                    }
                  }
                },
                "Add_a_row_into_a_table_for_ItemTracking": {
                  "runAfter": {
                    "Parse_JSON__for_ItemTracking": [
                      "Succeeded"
                    ]
                  },
                  "metadata": {
                    "01DQRZCDOTLQK4HQX4XJFIGWAYFVJXI3Z2": "/Invoice Items&Tracking.xlsx",
                    "operationMetadataId": "87f1782a-28c5-447d-8078-09aeee4f99aa",
                    "tableId": "{DD4406DD-E699-473D-99B2-04E38C5516AA}"
                  },
                  "type": "OpenApiConnection",
                  "inputs": {
                    "host": {
                      "apiId": "/providers/Microsoft.PowerApps/apis/shared_excelonlinebusiness",
                      "connectionName": "shared_excelonlinebusiness",
                      "operationId": "AddRowV2"
                    },
                    "parameters": {
                      "source": "me",
                      "drive": "b!GBbiBUOS202Mvt16kKu4fvomkfNOuXVKqO6Jvd2tWjhoSN6OwAu0QoEKkH-BVK8x",
                      "file": "01DQRZCDOTLQK4HQX4XJFIGWAYFVJXI3Z2",
                      "table": "{ED135A56-9D53-44E2-BA30-7D497BDCEE64}",
                      "item/Invoice ID ": "@body('Parse_JSON_for_Header')?['Invoice ID']",
                      "item/Item": "@body('Parse_JSON__for_ItemTracking')?['Item']",
                      "item/PackingSlip ID": "@body('Parse_JSON__for_ItemTracking')?['PackingSlip ID']",
                      "item/Vendor Ref": "@body('Parse_JSON__for_ItemTracking')?['Vendor Ref']",
                      "item/CNL CUSTORDERREF": "@body('Parse_JSON__for_ItemTracking')?['CNL CustOrderRef']",
                      "item/Purch ID": "@body('Parse_JSON__for_ItemTracking')?['Purch ID']",
                      "item/Line Number": "@body('Parse_JSON__for_ItemTracking')?['Line Number']",
                      "item/ItemID": "@body('Parse_JSON__for_ItemTracking')?['Item ID']",
                      "item/Barcode": "@body('Parse_JSON__for_ItemTracking')?['Barcode']",
                      "item/Item Season": "@body('Parse_JSON__for_ItemTracking')?['Item Season']",
                      "item/InvoiceQty": "@body('Parse_JSON__for_ItemTracking')?['Invoice Qty']",
                      "item/InvoiceUnit": "@body('Parse_JSON__for_ItemTracking')?['Invoice Unit']",
                      "item/InvoicePrice": "@body('Parse_JSON__for_ItemTracking')?['Invoice Price']",
                      "item/PriceUnit": "@body('Parse_JSON__for_ItemTracking')?['Price Unit']",
                      "item/CurrencyCode": "@body('Parse_JSON__for_ItemTracking')?['Currency Code']",
                      "item/Closed": "@body('Parse_JSON__for_ItemTracking')?['Closed']",
                      "item/LineDisc": "@body('Parse_JSON__for_ItemTracking')?['LineDisc']",
                      "item/LinePercent": "@body('Parse_JSON__for_ItemTracking')?['LinePercent']",
                      "item/Invoice Markup": "@body('Parse_JSON__for_ItemTracking')?['Invoice Markup']",
                      "item/Confirmed Tax Amount": "@body('Parse_JSON__for_ItemTracking')?['Confirmed Tax Amount']",
                      "item/Line Amount": "@body('Parse_JSON__for_ItemTracking')?['Line Amount']",
                      "item/Filter12": "@body('Parse_JSON__for_ItemTracking')?['Fiter1']",
                      "item/Filter22": "@body('Parse_JSON__for_ItemTracking')?['Filter2']",
                      "item/Tracking": "@body('Parse_JSON__for_ItemTracking')?['Tracking']",
                      "item/Serial Number": "@body('Parse_JSON__for_ItemTracking')?['Serial Number']",
                      "item/Batch Number": "@body('Parse_JSON__for_ItemTracking')?['Batch Number']",
                      "item/Filter3": "@body('Parse_JSON__for_ItemTracking')?['Filter3']",
                      "item/Filter4": "@body('Parse_JSON__for_ItemTracking')?['Filter4']"
                    },
                    "authentication": {
                      "value": "@json(decodeBase64(triggerOutputs().headers['X-MS-APIM-Tokens']))['$ConnectionKey']",
                      "type": "Raw"
                    }
                  }
                }
              },
              "runAfter": {
                "ItemswithTracking": [
                  "Succeeded"
                ]
              },
              "metadata": {
                "operationMetadataId": "a4e7680d-380a-4b8e-a358-69a88dc27631"
              },
              "type": "Foreach"
            },
            "ITEMSHEADER": {
              "runAfter": {
                "Items": [
                  "Succeeded"
                ]
              },
              "metadata": {
                "operationMetadataId": "9a194c6c-f456-4ad4-81ec-70953c982632"
              },
              "type": "Compose",
              "inputs": "@split(outputs('HeaderItems'),'Item')"
            },
            "Items": {
              "runAfter": {
                "Add_a_row_into_a_table_for_Header": [
                  "Succeeded"
                ]
              },
              "metadata": {
                "operationMetadataId": "6fde636c-631d-491c-a209-bb2078f91923"
              },
              "type": "Compose",
              "inputs": "@skip(outputs('spl'),1)"
            },
            "ItemswithTracking": {
              "runAfter": {
                "ITEMSHEADER": [
                  "Succeeded"
                ]
              },
              "metadata": {
                "operationMetadataId": "efe3e546-7f19-40c5-a1aa-8461c2fc6a6a"
              },
              "type": "Compose",
              "inputs": "@skip(outputs('ITEMSHEADER'), 1)"
            },
            "Add_a_row_into_a_table_for_Header": {
              "runAfter": {
                "Parse_JSON_for_Header": [
                  "Succeeded"
                ]
              },
              "metadata": {
                "01DQRZCDKYTPFLQAP3SBH3JK6AVPQRSXP2": "/Invoice_Testing.xlsx",
                "operationMetadataId": "36137661-b82d-4ef6-9102-97293e58ce4c",
                "tableId": "{452B965A-FE37-4904-B607-150A4D6C0403}"
              },
              "type": "OpenApiConnection",
              "inputs": {
                "host": {
                  "apiId": "/providers/Microsoft.PowerApps/apis/shared_excelonlinebusiness",
                  "connectionName": "shared_excelonlinebusiness",
                  "operationId": "AddRowV2"
                },
                "parameters": {
                  "source": "me",
                  "drive": "b!GBbiBUOS202Mvt16kKu4fvomkfNOuXVKqO6Jvd2tWjhoSN6OwAu0QoEKkH-BVK8x",
                  "file": "01DQRZCDKYTPFLQAP3SBH3JK6AVPQRSXP2",
                  "table": "{452B965A-FE37-4904-B607-150A4D6C0403}",
                  "item/Header": "@body('Parse_JSON_for_Header')?['Header']",
                  "item/Invoice ID ": "@body('Parse_JSON_for_Header')?['Invoice ID']",
                  "item/Invoice Type": "@body('Parse_JSON_for_Header')?['Invoice Type']",
                  "item/Invoice Date": "@body('Parse_JSON_for_Header')?['Invoice Date']",
                  "item/ORLI Client Code": "@body('Parse_JSON_for_Header')?['ORLI Client Code']",
                  "item/Invoice Client Code": "@body('Parse_JSON_for_Header')?['Invoice Client Code ']",
                  "item/Delivery Client Code": "@body('Parse_JSON_for_Header')?['Delivery Client Code']",
                  "item/Delivery Name": "@body('Parse_JSON_for_Header')?['Delivery Name']",
                  "item/Delivery Address Line1": "@body('Parse_JSON_for_Header')?['Delivery Address Line1']",
                  "item/Delivery Addess Line2": "@body('Parse_JSON_for_Header')?['Delivery Address Line2']",
                  "item/Delivery Address Country": "@body('Parse_JSON_for_Header')?['Delivery Address Country']",
                  "item/Currency Code": "@body('Parse_JSON_for_Header')?['Currency Code ']",
                  "item/Cash Disc Percent": "@body('Parse_JSON_for_Header')?['Cash Disc Percent']",
                  "item/Filter1": "@body('Parse_JSON_for_Header')?['Filter1']",
                  "item/Filter2": "@body('Parse_JSON_for_Header')?['Filter2']",
                  "item/Filter3": "@body('Parse_JSON_for_Header')?['Filter3']",
                  "item/Filter4": "@body('Parse_JSON_for_Header')?['Filter4']",
                  "item/Filter5": "@body('Parse_JSON_for_Header')?['Filter5']"
                },
                "authentication": {
                  "value": "@json(decodeBase64(triggerOutputs().headers['X-MS-APIM-Tokens']))['$ConnectionKey']",
                  "type": "Raw"
                }
              }
            }
          },
          "runAfter": {
            "Remove_First_Line": [
              "Succeeded"
            ]
          },
          "metadata": {
            "operationMetadataId": "fcafaf8f-4774-45d5-ad38-ed28e686fc29"
          },
          "type": "Foreach"
        }
      },
      "outputs": {}
    },
    "templateName": "78720f54e49444d0bd456477288a7ef7"
  },
  "schemaVersion": "1.0.0.0"
}