{
  "properties": {
    "connectionReferences": {
      "shared_commondataserviceforapps_1": {
        "runtimeSource": "embedded",
        "connection": {
          "connectionReferenceLogicalName": "new_sharedcommondataserviceforapps_1e60c"
        },
        "api": {
          "name": "shared_commondataserviceforapps"
        }
      }
    },
    "definition": {
      "$schema": "https://schema.management.azure.com/providers/Microsoft.Logic/schemas/2016-06-01/workflowdefinition.json#",
      "contentVersion": "1.0.0.0",
      "parameters": {
        "$connections": {
          "defaultValue": {},
          "type": "Object"
        },
        "$authentication": {
          "defaultValue": {},
          "type": "SecureObject"
        }
      },
      "triggers": {
        "manual": {
          "metadata": {
            "operationMetadataId": "9df7ea12-be89-44e1-85cc-01f75f060260"
          },
          "type": "Request",
          "kind": "PowerAppV2",
          "inputs": {
            "schema": {
              "type": "object",
              "properties": {
                "text": {
                  "title": "Name",
                  "type": "string",
                  "x-ms-dynamically-added": true,
                  "description": "Please enter your input",
                  "x-ms-content-hint": "TEXT"
                },
                "text_1": {
                  "title": "Start",
                  "type": "string",
                  "x-ms-dynamically-added": true,
                  "description": "Please enter your input",
                  "x-ms-content-hint": "TEXT"
                },
                "text_2": {
                  "title": "End",
                  "type": "string",
                  "x-ms-dynamically-added": true,
                  "description": "Please enter your input",
                  "x-ms-content-hint": "TEXT"
                },
                "number": {
                  "title": "FTE",
                  "type": "number",
                  "x-ms-dynamically-added": true,
                  "description": "Please enter a number",
                  "x-ms-content-hint": "NUMBER"
                },
                "text_3": {
                  "title": "Clarity",
                  "type": "string",
                  "x-ms-dynamically-added": true,
                  "description": "Please enter your input",
                  "x-ms-content-hint": "TEXT"
                },
                "text_4": {
                  "title": "Billing Details",
                  "type": "string",
                  "x-ms-dynamically-added": true,
                  "description": "Please enter your input",
                  "x-ms-content-hint": "TEXT"
                }
              },
              "required": [
                "text",
                "text_1",
                "text_2",
                "number",
                "text_3",
                "text_4"
              ]
            }
          }
        }
      },
      "actions": {
        "Compose": {
          "runAfter": {
            "Do_until_5": [
              "Succeeded"
            ]
          },
          "metadata": {
            "operationMetadataId": "0f5a3cbf-4bef-46e6-9099-251ca63447c8"
          },
          "type": "Compose",
          "inputs": "@union(split(triggerBody()['text'],','),split(triggerBody()['text'],','))"
        },
        "Name": {
          "runAfter": {
            "Compose": [
              "Succeeded"
            ]
          },
          "metadata": {
            "operationMetadataId": "a30ab35d-bb6a-4f42-bc7f-33a37acd09a6"
          },
          "type": "InitializeVariable",
          "inputs": {
            "variables": [
              {
                "name": "Name",
                "type": "array",
                "value": "@outputs('Compose')"
              }
            ]
          }
        },
        "Resource_name": {
          "runAfter": {
            "mon_FTE": [
              "Succeeded"
            ]
          },
          "metadata": {
            "operationMetadataId": "c68b40ab-461c-45bb-9574-a1991c83e7ec"
          },
          "type": "Compose",
          "inputs": "@concat('_new_resourcetrackerlookup_value  eq ', join(variables('Name'), ' or _new_resourcetrackerlookup_value  eq '))"
        },
        "Compose_2": {
          "runAfter": {
            "Resource_name": [
              "Succeeded"
            ]
          },
          "metadata": {
            "operationMetadataId": "bf2aad19-b672-42c2-964d-3ad1dd2d85c9"
          },
          "type": "Compose",
          "inputs": "@concat('new_resourcetrackerid  eq ', join(variables('Name'), ' or new_resourcetrackerid  eq '))"
        },
        "Parse_JSON_3": {
          "runAfter": {
            "Compose_2": [
              "Succeeded"
            ]
          },
          "metadata": {
            "operationMetadataId": "c1ecda2b-fd3c-4014-9ce4-2e418f95851a"
          },
          "type": "ParseJson",
          "inputs": {
            "content": "@variables('Name')",
            "schema": {
              "type": "array",
              "items": {
                "type": "string"
              }
            }
          }
        },
        "Mon": {
          "runAfter": {
            "Enddate": [
              "Succeeded"
            ]
          },
          "metadata": {
            "operationMetadataId": "f00004f6-5fa6-4fa4-b03d-a6a514b8e095"
          },
          "type": "InitializeVariable",
          "inputs": {
            "variables": [
              {
                "name": "Mon",
                "type": "integer",
                "value": 0
              }
            ]
          }
        },
        "Mon_Arr": {
          "runAfter": {
            "Mon_2": [
              "Succeeded"
            ]
          },
          "metadata": {
            "operationMetadataId": "76bd1cb5-caa9-4470-9ae9-62af29f32b27"
          },
          "type": "InitializeVariable",
          "inputs": {
            "variables": [
              {
                "name": "Mon_Arr",
                "type": "array"
              }
            ]
          }
        },
        "Mon_diff": {
          "runAfter": {
            "Mon_Arr": [
              "Succeeded"
            ]
          },
          "metadata": {
            "operationMetadataId": "75fecb44-17ec-4107-b982-d5f06542ef71"
          },
          "type": "Compose",
          "inputs": "@div(int(first(split(dateDifference(outputs('Startdate'),outputs('Enddate')),'.'))),30.44)"
        },
        "Initialize_variable_2": {
          "runAfter": {
            "Parse_JSON_3": [
              "Succeeded"
            ]
          },
          "metadata": {
            "operationMetadataId": "1d3a8845-82ef-4608-939c-bbf24204723d"
          },
          "type": "InitializeVariable",
          "inputs": {
            "variables": [
              {
                "name": "Solution",
                "type": "array"
              }
            ]
          }
        },
        "Initialize_variable": {
          "runAfter": {
            "Initialize_variable_2": [
              "Succeeded"
            ]
          },
          "metadata": {
            "operationMetadataId": "1d3a8845-82ef-4608-939c-bbf24204723d"
          },
          "type": "InitializeVariable",
          "inputs": {
            "variables": [
              {
                "name": "test1",
                "type": "object",
                "value": "@json(concat('{',join(variables('Solution'),','),'}'))"
              }
            ]
          }
        },
        "Initialize_variable_3": {
          "runAfter": {
            "Initialize_variable": [
              "Succeeded"
            ]
          },
          "metadata": {
            "operationMetadataId": "95952f46-1ba3-411b-bc21-f761cf19696a"
          },
          "type": "InitializeVariable",
          "inputs": {
            "variables": [
              {
                "name": "Allocate",
                "type": "string"
              }
            ]
          }
        },
        "Mon_loop": {
          "runAfter": {
            "Compose_6": [
              "Succeeded"
            ]
          },
          "metadata": {
            "operationMetadataId": "fdb87d0b-7bf5-467f-920b-8304229943a0"
          },
          "type": "InitializeVariable",
          "inputs": {
            "variables": [
              {
                "name": "mon_loop",
                "type": "array",
                "value": [
                  "Jan",
                  "Feb",
                  "Mar",
                  "Apr",
                  "May",
                  "Jun",
                  "Jul",
                  "Aug",
                  "Sep",
                  "Oct",
                  "Nov",
                  "Dec"
                ]
              }
            ]
          }
        },
        "new_fte": {
          "runAfter": {
            "Mon_loop": [
              "Succeeded"
            ]
          },
          "metadata": {
            "operationMetadataId": "ba51c6d7-7659-41fd-9db8-257dd6d0df53"
          },
          "type": "InitializeVariable",
          "inputs": {
            "variables": [
              {
                "name": "Mon_obj",
                "type": "object",
                "value": {
                  "Jan": 0,
                  "Feb": 0,
                  "Mar": 0,
                  "Apr": 0,
                  "May": 0,
                  "Jun": 0,
                  "Jul": 0,
                  "Aug": 0,
                  "Sep": 0,
                  "Oct": 0,
                  "Nov": 0,
                  "Dec": 0
                }
              }
            ]
          }
        },
        "BU": {
          "runAfter": {
            "Initialize_variable_3": [
              "Succeeded"
            ]
          },
          "metadata": {
            "operationMetadataId": "fe9b00a8-1093-4481-a723-ec16a6905499"
          },
          "type": "InitializeVariable",
          "inputs": {
            "variables": [
              {
                "name": "BU",
                "type": "string"
              }
            ]
          }
        },
        "mon_FTE": {
          "runAfter": {
            "Name": [
              "Succeeded"
            ]
          },
          "metadata": {
            "operationMetadataId": "ba51c6d7-7659-41fd-9db8-257dd6d0df53"
          },
          "type": "InitializeVariable",
          "inputs": {
            "variables": [
              {
                "name": "Month_Fte",
                "type": "object",
                "value": {
                  "Jan": 0,
                  "Feb": 0,
                  "Mar": 0,
                  "Apr": 0,
                  "May": 0,
                  "Jun": 0,
                  "Jul": 0,
                  "Aug": 0,
                  "Sep": 0,
                  "Oct": 0,
                  "Nov": 0,
                  "Dec": 0
                }
              }
            ]
          }
        },
        "Apply_to_each": {
          "foreach": "@body('Parse_JSON_3')",
          "actions": {
            "List_rows": {
              "runAfter": {},
              "metadata": {
                "operationMetadataId": "30a4b76d-d7a4-4c56-8ff9-374ed3bb8a46"
              },
              "type": "OpenApiConnection",
              "inputs": {
                "host": {
                  "connectionName": "shared_commondataserviceforapps_1",
                  "operationId": "ListRecords",
                  "apiId": "/providers/Microsoft.PowerApps/apis/shared_commondataserviceforapps"
                },
                "parameters": {
                  "entityName": "new_demand_trackers",
                  "$filter": "new_so_number eq '@{items('Apply_to_each')}'"
                },
                "authentication": "@parameters('$authentication')"
              }
            },
            "Apply_to_each_2": {
              "foreach": "@outputs('List_rows')?['body/value']",
              "actions": {
                "Condition_2": {
                  "actions": {
                    "Condition_3": {
                      "actions": {
                        "Condition_5": {
                          "actions": {
                            "Update_a_row_5": {
                              "runAfter": {},
                              "metadata": {
                                "operationMetadataId": "01a43a4b-82e8-4ab3-a47e-32c1a7f51f29"
                              },
                              "type": "OpenApiConnection",
                              "inputs": {
                                "host": {
                                  "connectionName": "shared_commondataserviceforapps_1",
                                  "operationId": "UpdateRecord",
                                  "apiId": "/providers/Microsoft.PowerApps/apis/shared_commondataserviceforapps"
                                },
                                "parameters": {
                                  "entityName": "new_demand_trackers",
                                  "recordId": "@items('Apply_to_each_2')?['new_demand_trackerid']",
                                  "item/new_apr": "@variables('Mon_obj')['Apr']",
                                  "item/new_aug": "@variables('Mon_obj')['Aug']",
                                  "item/new_BillingTable@odata.bind": "new_billingtables(@{triggerBody()['text_4']})",
                                  "item/new_ClarityName@odata.bind": "new_referentials(@{triggerBody()['text_3']})",
                                  "item/new_dec": "@variables('Mon_obj')['Dec']",
                                  "item/new_feb": "@variables('Mon_obj')['Feb']",
                                  "item/new_jan": "@variables('Mon_obj')['Jan']",
                                  "item/new_jul": "@variables('Mon_obj')['Jul']",
                                  "item/new_jun": "@variables('Mon_obj')['Jun']",
                                  "item/new_mar": "@variables('Mon_obj')['Mar']",
                                  "item/new_may": "@variables('Mon_obj')['May']",
                                  "item/new_nov": "@variables('Mon_obj')['Nov']",
                                  "item/new_oct": "@variables('Mon_obj')['Oct']",
                                  "item/new_sep": "@variables('Mon_obj')['Sep']",
                                  "item/crc18_demandyear": "@outputs('Compose_SY')"
                                },
                                "authentication": "@parameters('$authentication')"
                              }
                            }
                          },
                          "runAfter": {},
                          "else": {
                            "actions": {
                              "Update_a_row_3": {
                                "runAfter": {},
                                "metadata": {
                                  "operationMetadataId": "01a43a4b-82e8-4ab3-a47e-32c1a7f51f29"
                                },
                                "type": "OpenApiConnection",
                                "inputs": {
                                  "host": {
                                    "connectionName": "shared_commondataserviceforapps_1",
                                    "operationId": "UpdateRecord",
                                    "apiId": "/providers/Microsoft.PowerApps/apis/shared_commondataserviceforapps"
                                  },
                                  "parameters": {
                                    "entityName": "new_demand_trackers",
                                    "recordId": "@items('Apply_to_each_2')?['new_demand_trackerid']",
                                    "item/new_apr": "@if(greaterOrEquals(4,outputs('Compose_SM')),variables('Mon_obj')['Apr'],0)",
                                    "item/new_aug": "@if(greaterOrEquals(8,outputs('Compose_SM')),variables('Mon_obj')['Aug'],0)",
                                    "item/new_BillingTable@odata.bind": "new_billingtables(@{triggerBody()['text_4']})",
                                    "item/new_ClarityName@odata.bind": "new_referentials(@{triggerBody()['text_3']})",
                                    "item/new_dec": "@if(greaterOrEquals(12, outputs('Compose_SM')), variables('Mon_obj')['Dec'], 0)\r\n",
                                    "item/new_feb": "@if(greaterOrEquals(2, outputs('Compose_SM')), variables('Mon_obj')['Feb'], 0)\r\n",
                                    "item/new_jan": "@if(greaterOrEquals(1, outputs('Compose_SM')), variables('Mon_obj')['Jan'], 0)\r\n",
                                    "item/new_jul": "@if(greaterOrEquals(7, outputs('Compose_SM')), variables('Mon_obj')['Jul'], 0)\r\n",
                                    "item/new_jun": "@if(greaterOrEquals(6, outputs('Compose_SM')), variables('Mon_obj')['Jun'], 0)\r\n",
                                    "item/new_mar": "@if(greaterOrEquals(3, outputs('Compose_SM')), variables('Mon_obj')['Mar'], 0)\r\n",
                                    "item/new_may": "@if(greaterOrEquals(5, outputs('Compose_SM')), variables('Mon_obj')['May'], 0)\r\n",
                                    "item/new_nov": "@if(greaterOrEquals(11, outputs('Compose_SM')), variables('Mon_obj')['Nov'], 0)\r\n",
                                    "item/new_oct": "@if(greaterOrEquals(10, outputs('Compose_SM')), variables('Mon_obj')['Oct'], 0)\r\n",
                                    "item/new_sep": "@if(greaterOrEquals(9, outputs('Compose_SM')), variables('Mon_obj')['Sep'], 0)\r\n",
                                    "item/crc18_demandyear": "@outputs('Compose_SY')"
                                  },
                                  "authentication": "@parameters('$authentication')"
                                }
                              },
                              "Add_a_new_row_3": {
                                "runAfter": {
                                  "Update_a_row_3": [
                                    "Succeeded"
                                  ]
                                },
                                "metadata": {
                                  "operationMetadataId": "5cdb5519-18c8-42d4-9d9a-988f957d40a0"
                                },
                                "type": "OpenApiConnection",
                                "inputs": {
                                  "host": {
                                    "connectionName": "shared_commondataserviceforapps_1",
                                    "operationId": "CreateRecord",
                                    "apiId": "/providers/Microsoft.PowerApps/apis/shared_commondataserviceforapps"
                                  },
                                  "parameters": {
                                    "entityName": "new_demand_trackers",
                                    "item/new_apr": "@if(greaterOrEquals(outputs('Compose_EM'), 4), variables('Mon_obj')['Apr'], 0)",
                                    "item/new_aug": "@if(greaterOrEquals(outputs('Compose_EM'), 8), variables('Mon_obj')['Aug'], 0)",
                                    "item/new_BillingTable@odata.bind": "new_billingtables(@{triggerBody()['text_4']})",
                                    "item/new_ClarityName@odata.bind": "new_referentials(@{triggerBody()['text_3']})",
                                    "item/new_dec": "@if(greaterOrEquals(outputs('Compose_EM'), 12), variables('Mon_obj')['Dec'], 0)",
                                    "item/new_demanddescription": "@items('Apply_to_each_2')?['new_demanddescription']",
                                    "item/new_feb": "@if(greaterOrEquals(outputs('Compose_EM'), 2), variables('Mon_obj')['Feb'], 0)",
                                    "item/new_internaldemandstatus": 0,
                                    "item/new_jan": "@if(greaterOrEquals(outputs('Compose_EM'), 1), variables('Mon_obj')['Jan'], 0)",
                                    "item/new_jul": "@if(greaterOrEquals(outputs('Compose_EM'), 7), variables('Mon_obj')['Jul'], 0)",
                                    "item/new_jun": "@if(greaterOrEquals(outputs('Compose_EM'), 6), variables('Mon_obj')['Jun'], 0)",
                                    "item/new_mar": "@if(greaterOrEquals(outputs('Compose_EM'), 3), variables('Mon_obj')['Mar'], 0)",
                                    "item/new_may": "@if(greaterOrEquals(outputs('Compose_EM'), 5), variables('Mon_obj')['May'], 0)",
                                    "item/new_name": "@items('Apply_to_each_2')?['new_name']",
                                    "item/new_nov": "@if(greaterOrEquals(outputs('Compose_EM'), 11), variables('Mon_obj')['Nov'], 0)",
                                    "item/new_oct": "@if(greaterOrEquals(outputs('Compose_EM'), 10), variables('Mon_obj')['Oct'], 0)",
                                    "item/new_sep": "@if(greaterOrEquals(outputs('Compose_EM'), 9), variables('Mon_obj')['Sep'], 0)",
                                    "item/new_skill": "@items('Apply_to_each_2')?['new_skill']",
                                    "item/new_so_number": "@triggerBody()['text']",
                                    "item/new_solution_center": "@items('Apply_to_each_2')?['new_solution_center']",
                                    "item/crc18_demandyear": "@outputs('Compose_EY')"
                                  },
                                  "authentication": "@parameters('$authentication')"
                                }
                              }
                            }
                          },
                          "expression": {
                            "equals": [
                              "@outputs('Compose_EY')",
                              "@formatDateTime(utcNow(), 'yyyy')"
                            ]
                          },
                          "metadata": {
                            "operationMetadataId": "83f4f33c-d852-4015-85e4-6a7e21326430"
                          },
                          "type": "If"
                        }
                      },
                      "runAfter": {},
                      "else": {
                        "actions": {
                          "Update_a_row_4": {
                            "runAfter": {},
                            "metadata": {
                              "operationMetadataId": "01a43a4b-82e8-4ab3-a47e-32c1a7f51f29"
                            },
                            "type": "OpenApiConnection",
                            "inputs": {
                              "host": {
                                "connectionName": "shared_commondataserviceforapps_1",
                                "operationId": "UpdateRecord",
                                "apiId": "/providers/Microsoft.PowerApps/apis/shared_commondataserviceforapps"
                              },
                              "parameters": {
                                "entityName": "new_demand_trackers",
                                "recordId": "@items('Apply_to_each_2')?['new_demand_trackerid']",
                                "item/new_apr": "@variables('Mon_obj')['Apr']",
                                "item/new_aug": "@variables('Mon_obj')['Aug']",
                                "item/new_BillingTable@odata.bind": "new_billingtables(@{triggerBody()['text_4']})",
                                "item/new_ClarityName@odata.bind": "new_referentials(@{triggerBody()['text_3']})",
                                "item/new_dec": "@variables('Mon_obj')['Dec']",
                                "item/new_feb": "@variables('Mon_obj')['Feb']",
                                "item/new_jan": "@variables('Mon_obj')['Jan']",
                                "item/new_jul": "@variables('Mon_obj')['Jul']",
                                "item/new_jun": "@variables('Mon_obj')['Jun']",
                                "item/new_mar": "@variables('Mon_obj')['Mar']",
                                "item/new_may": "@variables('Mon_obj')['May']",
                                "item/new_nov": "@variables('Mon_obj')['Nov']",
                                "item/new_oct": "@variables('Mon_obj')['Oct']",
                                "item/new_sep": "@variables('Mon_obj')['Sep']",
                                "item/crc18_demandyear": "@items('Apply_to_each_2')?['crc18_demandyear']"
                              },
                              "authentication": "@parameters('$authentication')"
                            }
                          }
                        }
                      },
                      "expression": {
                        "equals": [
                          "@outputs('Compose_SY')",
                          "@formatDateTime(utcNow(), 'yyyy')"
                        ]
                      },
                      "metadata": {
                        "operationMetadataId": "baf8e317-a22d-40ed-b2cc-a788ec24012a"
                      },
                      "type": "If"
                    }
                  },
                  "runAfter": {},
                  "else": {
                    "actions": {
                      "Condition": {
                        "actions": {
                          "Condition_7": {
                            "actions": {
                              "Update_a_row": {
                                "runAfter": {},
                                "metadata": {
                                  "operationMetadataId": "01a43a4b-82e8-4ab3-a47e-32c1a7f51f29"
                                },
                                "type": "OpenApiConnection",
                                "inputs": {
                                  "host": {
                                    "connectionName": "shared_commondataserviceforapps_1",
                                    "operationId": "UpdateRecord",
                                    "apiId": "/providers/Microsoft.PowerApps/apis/shared_commondataserviceforapps"
                                  },
                                  "parameters": {
                                    "entityName": "new_demand_trackers",
                                    "recordId": "@items('Apply_to_each_2')?['new_demand_trackerid']",
                                    "item/new_apr": "@variables('Mon_obj')['Apr']",
                                    "item/new_aug": "@variables('Mon_obj')['Aug']",
                                    "item/new_BillingTable@odata.bind": "new_billingtables(@{first(split(triggerBody()['text_4'], ','))})",
                                    "item/new_ClarityName@odata.bind": "new_referentials(@{first(split(triggerBody()['text_3'], ','))})",
                                    "item/new_dec": "@variables('Mon_obj')['Dec']",
                                    "item/new_feb": "@variables('Mon_obj')['Feb']",
                                    "item/new_jan": "@variables('Mon_obj')['Jan']",
                                    "item/new_jul": "@variables('Mon_obj')['Jul']",
                                    "item/new_jun": "@variables('Mon_obj')['Jun']",
                                    "item/new_mar": "@variables('Mon_obj')['Mar']",
                                    "item/new_may": "@variables('Mon_obj')['May']",
                                    "item/new_nov": "@variables('Mon_obj')['Nov']",
                                    "item/new_oct": "@variables('Mon_obj')['Oct']",
                                    "item/new_sep": "@variables('Mon_obj')['Sep']",
                                    "item/crc18_demandyear": "@items('Apply_to_each_2')?['crc18_demandyear']"
                                  },
                                  "authentication": "@parameters('$authentication')"
                                }
                              },
                              "List_rows_3": {
                                "runAfter": {
                                  "Update_a_row": [
                                    "Succeeded"
                                  ]
                                },
                                "metadata": {
                                  "operationMetadataId": "30a4b76d-d7a4-4c56-8ff9-374ed3bb8a46"
                                },
                                "type": "OpenApiConnection",
                                "inputs": {
                                  "host": {
                                    "connectionName": "shared_commondataserviceforapps_1",
                                    "operationId": "ListRecords",
                                    "apiId": "/providers/Microsoft.PowerApps/apis/shared_commondataserviceforapps"
                                  },
                                  "parameters": {
                                    "entityName": "new_demand_trackers",
                                    "$filter": "new_so_number eq '@{items('Apply_to_each_2')?['new_so_number']}' and crc18_demandyear gt @{formatDateTime(utcNow(),'yyyy')}"
                                  },
                                  "authentication": "@parameters('$authentication')"
                                }
                              },
                              "Condition_6": {
                                "actions": {
                                  "Apply_to_each_3": {
                                    "foreach": "@outputs('List_rows_3')?['body/value']",
                                    "actions": {
                                      "Delete_a_row": {
                                        "runAfter": {},
                                        "metadata": {
                                          "operationMetadataId": "948c3339-120b-4496-9a88-c0456d6484e3"
                                        },
                                        "type": "OpenApiConnection",
                                        "inputs": {
                                          "host": {
                                            "connectionName": "shared_commondataserviceforapps_1",
                                            "operationId": "DeleteRecord",
                                            "apiId": "/providers/Microsoft.PowerApps/apis/shared_commondataserviceforapps"
                                          },
                                          "parameters": {
                                            "entityName": "new_demand_trackers",
                                            "recordId": "@items('Apply_to_each_3')?['new_demand_trackerid']"
                                          },
                                          "authentication": "@parameters('$authentication')"
                                        }
                                      }
                                    },
                                    "runAfter": {},
                                    "metadata": {
                                      "operationMetadataId": "f0b20d43-a223-4853-aad4-7155987d6f67"
                                    },
                                    "type": "Foreach"
                                  }
                                },
                                "runAfter": {
                                  "List_rows_3": [
                                    "Succeeded"
                                  ]
                                },
                                "expression": {
                                  "equals": [
                                    "@length(outputs('List_rows_3')?['body/value'])",
                                    1
                                  ]
                                },
                                "metadata": {
                                  "operationMetadataId": "c826eea6-0f23-4a0b-8ac9-a1927cdb4152"
                                },
                                "type": "If"
                              }
                            },
                            "runAfter": {},
                            "else": {
                              "actions": {
                                "Compose_3": {
                                  "runAfter": {},
                                  "metadata": {
                                    "operationMetadataId": "e97c7708-f0ee-42a2-8f5c-41599b1f757a"
                                  },
                                  "type": "Compose",
                                  "inputs": "@items('Apply_to_each_2')?['crc18_demandyear']"
                                },
                                "Condition_4": {
                                  "actions": {
                                    "Update_a_row_7": {
                                      "runAfter": {},
                                      "metadata": {
                                        "operationMetadataId": "01a43a4b-82e8-4ab3-a47e-32c1a7f51f29"
                                      },
                                      "type": "OpenApiConnection",
                                      "inputs": {
                                        "host": {
                                          "connectionName": "shared_commondataserviceforapps_1",
                                          "operationId": "UpdateRecord",
                                          "apiId": "/providers/Microsoft.PowerApps/apis/shared_commondataserviceforapps"
                                        },
                                        "parameters": {
                                          "entityName": "new_demand_trackers",
                                          "recordId": "@items('Apply_to_each_2')?['new_demand_trackerid']",
                                          "item/new_apr": "@if(greaterOrEquals(4, outputs('Compose_SM')), variables('Mon_obj')['Apr'], 0)",
                                          "item/new_aug": "@if(greaterOrEquals(8, outputs('Compose_SM')), variables('Mon_obj')['Aug'], 0)",
                                          "item/new_BillingTable@odata.bind": "new_billingtables(@{triggerBody()['text_4']})",
                                          "item/new_ClarityName@odata.bind": "new_referentials(@{triggerBody()['text_3']})",
                                          "item/new_dec": "@if(greaterOrEquals(12, outputs('Compose_SM')), variables('Mon_obj')['Dec'], 0)",
                                          "item/new_feb": "@if(greaterOrEquals(2, outputs('Compose_SM')), variables('Mon_obj')['Feb'], 0)",
                                          "item/new_jan": "@if(greaterOrEquals(1, outputs('Compose_SM')), variables('Mon_obj')['Jan'], 0)",
                                          "item/new_jul": "@if(greaterOrEquals(7, outputs('Compose_SM')), variables('Mon_obj')['Jul'], 0)",
                                          "item/new_jun": "@if(greaterOrEquals(6, outputs('Compose_SM')), variables('Mon_obj')['Jun'], 0)",
                                          "item/new_mar": "@if(greaterOrEquals(3, outputs('Compose_SM')), variables('Mon_obj')['Mar'], 0)",
                                          "item/new_may": "@if(greaterOrEquals(5, outputs('Compose_SM')), variables('Mon_obj')['May'], 0)",
                                          "item/new_nov": "@if(greaterOrEquals(11, outputs('Compose_SM')), variables('Mon_obj')['Nov'], 0)",
                                          "item/new_oct": "@if(greaterOrEquals(10, outputs('Compose_SM')), variables('Mon_obj')['Oct'], 0)",
                                          "item/new_sep": "@if(greaterOrEquals(9, outputs('Compose_SM')), variables('Mon_obj')['Sep'], 0)",
                                          "item/crc18_demandyear": "@items('Apply_to_each_2')?['crc18_demandyear']"
                                        },
                                        "authentication": "@parameters('$authentication')"
                                      }
                                    },
                                    "Condition_10": {
                                      "actions": {
                                        "Update_a_row_11": {
                                          "runAfter": {},
                                          "metadata": {
                                            "operationMetadataId": "01a43a4b-82e8-4ab3-a47e-32c1a7f51f29"
                                          },
                                          "type": "OpenApiConnection",
                                          "inputs": {
                                            "host": {
                                              "connectionName": "shared_commondataserviceforapps_1",
                                              "operationId": "UpdateRecord",
                                              "apiId": "/providers/Microsoft.PowerApps/apis/shared_commondataserviceforapps"
                                            },
                                            "parameters": {
                                              "entityName": "new_demand_trackers",
                                              "recordId": "@items('Apply_to_each_2')?['new_demand_trackerid']",
                                              "item/new_apr": "@if(greaterOrEquals(4, outputs('Compose_SM')), variables('Mon_obj')['Apr'], 0)",
                                              "item/new_aug": "@if(greaterOrEquals(8, outputs('Compose_SM')), variables('Mon_obj')['Aug'], 0)",
                                              "item/new_BillingTable@odata.bind": "new_billingtables(@{triggerBody()['text_4']})",
                                              "item/new_ClarityName@odata.bind": "new_referentials(@{triggerBody()['text_3']})",
                                              "item/new_dec": "@if(greaterOrEquals(12, outputs('Compose_SM')), variables('Mon_obj')['Dec'], 0)",
                                              "item/new_feb": "@if(greaterOrEquals(2, outputs('Compose_SM')), variables('Mon_obj')['Feb'], 0)",
                                              "item/new_jan": "@if(greaterOrEquals(1, outputs('Compose_SM')), variables('Mon_obj')['Jan'], 0)",
                                              "item/new_jul": "@if(greaterOrEquals(7, outputs('Compose_SM')), variables('Mon_obj')['Jul'], 0)",
                                              "item/new_jun": "@if(greaterOrEquals(6, outputs('Compose_SM')), variables('Mon_obj')['Jun'], 0)",
                                              "item/new_mar": "@if(greaterOrEquals(3, outputs('Compose_SM')), variables('Mon_obj')['Mar'], 0)",
                                              "item/new_may": "@if(greaterOrEquals(5, outputs('Compose_SM')), variables('Mon_obj')['May'], 0)",
                                              "item/new_nov": "@if(greaterOrEquals(11, outputs('Compose_SM')), variables('Mon_obj')['Nov'], 0)",
                                              "item/new_oct": "@if(greaterOrEquals(10, outputs('Compose_SM')), variables('Mon_obj')['Oct'], 0)",
                                              "item/new_sep": "@if(greaterOrEquals(9, outputs('Compose_SM')), variables('Mon_obj')['Sep'], 0)",
                                              "item/crc18_demandyear": "@items('Apply_to_each_2')?['crc18_demandyear']"
                                            },
                                            "authentication": "@parameters('$authentication')"
                                          }
                                        }
                                      },
                                      "runAfter": {
                                        "List_rows_2": [
                                          "Succeeded"
                                        ]
                                      },
                                      "else": {
                                        "actions": {
                                          "Add_a_new_row_4": {
                                            "runAfter": {},
                                            "metadata": {
                                              "operationMetadataId": "723ce9fb-4728-4815-af28-1e3652f91d7d"
                                            },
                                            "type": "OpenApiConnection",
                                            "inputs": {
                                              "host": {
                                                "connectionName": "shared_commondataserviceforapps_1",
                                                "operationId": "CreateRecord",
                                                "apiId": "/providers/Microsoft.PowerApps/apis/shared_commondataserviceforapps"
                                              },
                                              "parameters": {
                                                "entityName": "new_demand_trackers",
                                                "item/new_apr": "@if(greaterOrEquals(outputs('Compose_EM'), 4), variables('Mon_obj')['Apr'], 0)",
                                                "item/new_aug": "@if(greaterOrEquals(outputs('Compose_EM'), 8), variables('Mon_obj')['Aug'], 0)",
                                                "item/new_BillingTable@odata.bind": "new_billingtables(@{triggerBody()['text_4']})",
                                                "item/new_ClarityName@odata.bind": "new_referentials(@{triggerBody()['text_3']})",
                                                "item/new_dec": "@if(greaterOrEquals(outputs('Compose_EM'), 12), variables('Mon_obj')['Dec'], 0)",
                                                "item/new_demanddescription": "@items('Apply_to_each_2')?['new_demanddescription']",
                                                "item/new_feb": "@if(greaterOrEquals(outputs('Compose_EM'), 2), variables('Mon_obj')['Feb'], 0)",
                                                "item/new_internaldemandstatus": 0,
                                                "item/new_jan": "@if(greaterOrEquals(outputs('Compose_EM'), 1), variables('Mon_obj')['Jan'], 0)",
                                                "item/new_jul": "@if(greaterOrEquals(outputs('Compose_EM'), 7), variables('Mon_obj')['Jul'], 0)",
                                                "item/new_jun": "@if(greaterOrEquals(outputs('Compose_EM'), 6), variables('Mon_obj')['Jun'], 0)",
                                                "item/new_mar": "@if(greaterOrEquals(outputs('Compose_EM'), 3), variables('Mon_obj')['Mar'], 0)",
                                                "item/new_may": "@if(greaterOrEquals(outputs('Compose_EM'), 5), variables('Mon_obj')['May'], 0)",
                                                "item/new_name": "@items('Apply_to_each_2')?['new_name']",
                                                "item/new_nov": "@if(greaterOrEquals(outputs('Compose_EM'), 11), variables('Mon_obj')['Nov'], 0)",
                                                "item/new_oct": "@if(greaterOrEquals(outputs('Compose_EM'), 10), variables('Mon_obj')['Oct'], 0)",
                                                "item/new_sep": "@if(greaterOrEquals(outputs('Compose_EM'), 9), variables('Mon_obj')['Sep'], 0)",
                                                "item/new_skill": "@items('Apply_to_each_2')?['new_skill']",
                                                "item/new_so_number": "@triggerBody()['text']",
                                                "item/new_solution_center": "@items('Apply_to_each_2')?['new_solution_center']",
                                                "item/crc18_demandyear": "@outputs('Compose_EY')"
                                              },
                                              "authentication": "@parameters('$authentication')"
                                            }
                                          }
                                        }
                                      },
                                      "expression": {
                                        "equals": [
                                          "@length(outputs('List_rows_2')?['body/value'])",
                                          1
                                        ]
                                      },
                                      "metadata": {
                                        "operationMetadataId": "7cf0b2bc-905f-4bd2-95d6-797130adc256"
                                      },
                                      "type": "If"
                                    },
                                    "List_rows_2": {
                                      "runAfter": {
                                        "Update_a_row_7": [
                                          "Succeeded"
                                        ]
                                      },
                                      "metadata": {
                                        "operationMetadataId": "30a4b76d-d7a4-4c56-8ff9-374ed3bb8a46"
                                      },
                                      "type": "OpenApiConnection",
                                      "inputs": {
                                        "host": {
                                          "connectionName": "shared_commondataserviceforapps_1",
                                          "operationId": "ListRecords",
                                          "apiId": "/providers/Microsoft.PowerApps/apis/shared_commondataserviceforapps"
                                        },
                                        "parameters": {
                                          "entityName": "new_demand_trackers",
                                          "$filter": "new_so_number eq '@{items('Apply_to_each_2')?['new_so_number']}' and crc18_demandyear eq @{outputs('Compose_EY')}"
                                        },
                                        "authentication": "@parameters('$authentication')"
                                      }
                                    }
                                  },
                                  "runAfter": {
                                    "Compose_3": [
                                      "Succeeded"
                                    ]
                                  },
                                  "else": {
                                    "actions": {
                                      "Update_a_row_10": {
                                        "runAfter": {},
                                        "metadata": {
                                          "operationMetadataId": "01a43a4b-82e8-4ab3-a47e-32c1a7f51f29"
                                        },
                                        "type": "OpenApiConnection",
                                        "inputs": {
                                          "host": {
                                            "connectionName": "shared_commondataserviceforapps_1",
                                            "operationId": "UpdateRecord",
                                            "apiId": "/providers/Microsoft.PowerApps/apis/shared_commondataserviceforapps"
                                          },
                                          "parameters": {
                                            "entityName": "new_demand_trackers",
                                            "recordId": "@items('Apply_to_each_2')?['new_demand_trackerid']",
                                            "item/new_apr": "@if(greaterOrEquals(outputs('Compose_EM'),4), variables('Mon_obj')['Apr'], 0)",
                                            "item/new_aug": "@if(greaterOrEquals(outputs('Compose_EM'),8), variables('Mon_obj')['Aug'], 0)",
                                            "item/new_BillingTable@odata.bind": "new_billingtables(@{triggerBody()['text_4']})",
                                            "item/new_ClarityName@odata.bind": "new_referentials(@{triggerBody()['text_3']})",
                                            "item/new_dec": "@if(greaterOrEquals(outputs('Compose_EM'),12), variables('Mon_obj')['Dec'], 0)",
                                            "item/new_feb": "@if(greaterOrEquals(outputs('Compose_EM'),2), variables('Mon_obj')['Feb'], 0)",
                                            "item/new_jan": "@if(greaterOrEquals(outputs('Compose_EM'),1), variables('Mon_obj')['Jan'], 0)",
                                            "item/new_jul": "@if(greaterOrEquals(outputs('Compose_EM'),7), variables('Mon_obj')['Jul'], 0)",
                                            "item/new_jun": "@if(greaterOrEquals(outputs('Compose_EM'),6), variables('Mon_obj')['Jun'], 0)",
                                            "item/new_mar": "@if(greaterOrEquals(outputs('Compose_EM'),3), variables('Mon_obj')['Mar'], 0)",
                                            "item/new_may": "@if(greaterOrEquals(outputs('Compose_EM'),5), variables('Mon_obj')['May'], 0)",
                                            "item/new_nov": "@if(greaterOrEquals(outputs('Compose_EM'),11), variables('Mon_obj')['Nov'], 0)",
                                            "item/new_oct": "@if(greaterOrEquals(outputs('Compose_EM'),10), variables('Mon_obj')['Oct'], 0)",
                                            "item/new_sep": "@if(greaterOrEquals(outputs('Compose_EM'),9), variables('Mon_obj')['Sep'], 0)",
                                            "item/crc18_demandyear": "@items('Apply_to_each_2')?['crc18_demandyear']"
                                          },
                                          "authentication": "@parameters('$authentication')"
                                        }
                                      }
                                    }
                                  },
                                  "expression": {
                                    "equals": [
                                      "@outputs('Compose_3')",
                                      2024
                                    ]
                                  },
                                  "metadata": {
                                    "operationMetadataId": "eb155d16-28dd-47a6-93f0-6c226d2416cd"
                                  },
                                  "type": "If"
                                }
                              }
                            },
                            "expression": {
                              "equals": [
                                "@outputs('Compose_EY')",
                                "@formatDateTime(utcNow(), 'yyyy')"
                              ]
                            },
                            "metadata": {
                              "operationMetadataId": "7cf0b2bc-905f-4bd2-95d6-797130adc256"
                            },
                            "type": "If"
                          }
                        },
                        "runAfter": {},
                        "else": {
                          "actions": {
                            "Condition_8": {
                              "actions": {
                                "Update_a_row_2": {
                                  "runAfter": {},
                                  "metadata": {
                                    "operationMetadataId": "01a43a4b-82e8-4ab3-a47e-32c1a7f51f29"
                                  },
                                  "type": "OpenApiConnection",
                                  "inputs": {
                                    "host": {
                                      "connectionName": "shared_commondataserviceforapps_1",
                                      "operationId": "UpdateRecord",
                                      "apiId": "/providers/Microsoft.PowerApps/apis/shared_commondataserviceforapps"
                                    },
                                    "parameters": {
                                      "entityName": "new_demand_trackers",
                                      "recordId": "@items('Apply_to_each_2')?['new_demand_trackerid']",
                                      "item/new_apr": "@variables('Mon_obj')['Apr']",
                                      "item/new_aug": "@variables('Mon_obj')['Aug']",
                                      "item/new_BillingTable@odata.bind": "new_billingtables(@{triggerBody()['text_4']})",
                                      "item/new_ClarityName@odata.bind": "new_referentials(@{triggerBody()['text_3']})",
                                      "item/new_dec": "@variables('Mon_obj')['Dec']",
                                      "item/new_feb": "@variables('Mon_obj')['Feb']",
                                      "item/new_jan": "@variables('Mon_obj')['Jan']",
                                      "item/new_jul": "@variables('Mon_obj')['Jul']",
                                      "item/new_jun": "@variables('Mon_obj')['Jun']",
                                      "item/new_mar": "@variables('Mon_obj')['Mar']",
                                      "item/new_may": "@variables('Mon_obj')['May']",
                                      "item/new_nov": "@variables('Mon_obj')['Nov']",
                                      "item/new_oct": "@variables('Mon_obj')['Oct']",
                                      "item/new_sep": "@variables('Mon_obj')['Sep']",
                                      "item/crc18_demandyear": "@items('Apply_to_each_2')?['crc18_demandyear']"
                                    },
                                    "authentication": "@parameters('$authentication')"
                                  }
                                }
                              },
                              "runAfter": {},
                              "else": {
                                "actions": {
                                  "List_rows_4": {
                                    "runAfter": {},
                                    "metadata": {
                                      "operationMetadataId": "8c90b705-5724-4f3c-86b4-bf261f317aac"
                                    },
                                    "type": "OpenApiConnection",
                                    "inputs": {
                                      "host": {
                                        "connectionName": "shared_commondataserviceforapps_1",
                                        "operationId": "ListRecords",
                                        "apiId": "/providers/Microsoft.PowerApps/apis/shared_commondataserviceforapps"
                                      },
                                      "parameters": {
                                        "entityName": "new_demand_trackers",
                                        "$filter": "new_so_number eq '@{items('Apply_to_each_2')?['new_so_number']}' and crc18_demandyear eq @{outputs('Compose_EY')}"
                                      },
                                      "authentication": "@parameters('$authentication')"
                                    }
                                  },
                                  "Condition_9": {
                                    "actions": {
                                      "Update_a_row_6": {
                                        "runAfter": {},
                                        "metadata": {
                                          "operationMetadataId": "68a074d5-d30d-4c50-8707-a81da4633927"
                                        },
                                        "type": "OpenApiConnection",
                                        "inputs": {
                                          "host": {
                                            "connectionName": "shared_commondataserviceforapps_1",
                                            "operationId": "UpdateOnlyRecord",
                                            "apiId": "/providers/Microsoft.PowerApps/apis/shared_commondataserviceforapps"
                                          },
                                          "parameters": {
                                            "entityName": "new_demand_trackers",
                                            "recordId": "@items('Apply_to_each_2')?['new_demand_trackerid']",
                                            "item/new_apr": "@items('Apply_to_each_2')?['new_apr']",
                                            "item/new_aug": "@items('Apply_to_each_2')?['new_aug']",
                                            "item/new_dec": "@items('Apply_to_each_2')?['new_dec']",
                                            "item/new_feb": "@items('Apply_to_each_2')?['new_feb']",
                                            "item/new_jan": "@items('Apply_to_each_2')?['new_jan']",
                                            "item/new_jul": "@items('Apply_to_each_2')?['new_jul']",
                                            "item/new_jun": "@items('Apply_to_each_2')?['new_jun']",
                                            "item/new_mar": "@items('Apply_to_each_2')?['new_mar']",
                                            "item/new_may": "@items('Apply_to_each_2')?['new_may']",
                                            "item/new_nov": "@items('Apply_to_each_2')?['new_nov']",
                                            "item/new_oct": "@items('Apply_to_each_2')?['new_oct']",
                                            "item/new_sep": "@items('Apply_to_each_2')?['new_sep']"
                                          },
                                          "authentication": "@parameters('$authentication')"
                                        }
                                      }
                                    },
                                    "runAfter": {
                                      "List_rows_4": [
                                        "Succeeded"
                                      ]
                                    },
                                    "else": {
                                      "actions": {
                                        "Add_a_new_row": {
                                          "runAfter": {},
                                          "metadata": {
                                            "operationMetadataId": "654413b0-3f4b-4562-bc70-72ed9a189f35"
                                          },
                                          "type": "OpenApiConnection",
                                          "inputs": {
                                            "host": {
                                              "connectionName": "shared_commondataserviceforapps_1",
                                              "operationId": "CreateRecord",
                                              "apiId": "/providers/Microsoft.PowerApps/apis/shared_commondataserviceforapps"
                                            },
                                            "parameters": {
                                              "entityName": "new_demand_trackers",
                                              "item/new_apr": "@if(greaterOrEquals(outputs('Compose_EM'), 4), variables('Mon_obj')['Apr'], 0)",
                                              "item/new_aug": "@if(greaterOrEquals(outputs('Compose_EM'), 8), variables('Mon_obj')['Aug'], 0)",
                                              "item/new_BillingTable@odata.bind": "new_billingtables(@{triggerBody()['text_4']})",
                                              "item/new_ClarityName@odata.bind": "new_referentials(@{triggerBody()['text_3']})",
                                              "item/new_dec": "@if(greaterOrEquals(outputs('Compose_EM'), 12), variables('Mon_obj')['Dec'], 0)",
                                              "item/new_demanddescription": "@items('Apply_to_each_2')?['new_demanddescription']",
                                              "item/new_feb": "@if(greaterOrEquals(outputs('Compose_EM'), 2), variables('Mon_obj')['Feb'], 0)",
                                              "item/new_internaldemandstatus": 0,
                                              "item/new_jan": "@if(greaterOrEquals(outputs('Compose_EM'), 1), variables('Mon_obj')['Jan'], 0)",
                                              "item/new_jul": "@if(greaterOrEquals(outputs('Compose_EM'), 7), variables('Mon_obj')['Jul'], 0)",
                                              "item/new_jun": "@if(greaterOrEquals(outputs('Compose_EM'), 6), variables('Mon_obj')['Jun'], 0)",
                                              "item/new_mar": "@if(greaterOrEquals(outputs('Compose_EM'), 3), variables('Mon_obj')['Mar'], 0)",
                                              "item/new_may": "@if(greaterOrEquals(outputs('Compose_EM'), 5), variables('Mon_obj')['May'], 0)",
                                              "item/new_name": "@items('Apply_to_each_2')?['new_name']",
                                              "item/new_nov": "@if(greaterOrEquals(outputs('Compose_EM'), 11), variables('Mon_obj')['Nov'], 0)",
                                              "item/new_oct": "@if(greaterOrEquals(outputs('Compose_EM'), 10), variables('Mon_obj')['Oct'], 0)",
                                              "item/new_sep": "@if(greaterOrEquals(outputs('Compose_EM'), 9), variables('Mon_obj')['Sep'], 0)",
                                              "item/new_skill": "@items('Apply_to_each_2')?['new_skill']",
                                              "item/new_so_number": "@triggerBody()['text']",
                                              "item/new_solution_center": "@items('Apply_to_each_2')?['new_solution_center']",
                                              "item/crc18_demandyear": "@outputs('Compose_EY')"
                                            },
                                            "authentication": "@parameters('$authentication')"
                                          }
                                        }
                                      }
                                    },
                                    "expression": {
                                      "equals": [
                                        "@length(outputs('List_rows_4')?['body/value'])",
                                        1
                                      ]
                                    },
                                    "metadata": {
                                      "operationMetadataId": "45c13f15-401b-416b-829b-6ba20e889094"
                                    },
                                    "type": "If"
                                  }
                                }
                              },
                              "expression": {
                                "equals": [
                                  "@items('Apply_to_each_2')?['crc18_demandyear']",
                                  "@int(outputs('Compose_SY'))"
                                ]
                              },
                              "metadata": {
                                "operationMetadataId": "dfdd2042-623a-4ba7-aadd-ba62632b9538"
                              },
                              "type": "If"
                            }
                          }
                        },
                        "expression": {
                          "equals": [
                            "@outputs('Compose_SY')",
                            "@formatDateTime(utcNow(), 'yyyy')"
                          ]
                        },
                        "metadata": {
                          "operationMetadataId": "6a5db3ac-6b01-412a-a3aa-f075c4fdc073"
                        },
                        "type": "If"
                      }
                    }
                  },
                  "expression": {
                    "equals": [
                      "@items('Apply_to_each_2')?['crc18_demandyear']",
                      "@null"
                    ]
                  },
                  "metadata": {
                    "operationMetadataId": "e978a53d-e9bb-4fc8-ab74-ac1203e4fb78"
                  },
                  "type": "If"
                }
              },
              "runAfter": {
                "List_rows": [
                  "Succeeded"
                ]
              },
              "metadata": {
                "operationMetadataId": "3e8ddc5b-0b2b-4f0d-9d7c-592050c0f342"
              },
              "type": "Foreach"
            }
          },
          "runAfter": {
            "BU": [
              "Succeeded"
            ]
          },
          "metadata": {
            "operationMetadataId": "408fc0a0-0da3-4ab3-a906-32527c706ab8"
          },
          "type": "Foreach"
        },
        "Compose_EY": {
          "runAfter": {
            "new_fte_2": [
              "Succeeded"
            ]
          },
          "metadata": {
            "operationMetadataId": "31215211-2ee2-4942-aad9-ec43015f3605"
          },
          "type": "Compose",
          "inputs": "@formatDateTime(outputs('Startdate'),'yyyy')"
        },
        "new_fte_2": {
          "runAfter": {
            "new_fte": [
              "Succeeded"
            ]
          },
          "metadata": {
            "operationMetadataId": "ba51c6d7-7659-41fd-9db8-257dd6d0df53"
          },
          "type": "InitializeVariable",
          "inputs": {
            "variables": [
              {
                "name": "Mon_obj1",
                "type": "object",
                "value": {
                  "Jan": 0,
                  "Feb": 0,
                  "Mar": 0,
                  "Apr": 0,
                  "May": 0,
                  "Jun": 0,
                  "Jul": 0,
                  "Aug": 0,
                  "Sep": 0,
                  "Oct": 0,
                  "Nov": 0,
                  "Dec": 0
                }
              }
            ]
          }
        },
        "Compose_SM": {
          "runAfter": {
            "Compose_SY": [
              "Succeeded"
            ]
          },
          "metadata": {
            "operationMetadataId": "9a275a5b-5431-4839-8e6c-acb5d2074903"
          },
          "type": "Compose",
          "inputs": "@int(formatDateTime(outputs('Startdate'), 'MM'))"
        },
        "Compose_EM": {
          "runAfter": {
            "Compose_SM": [
              "Succeeded"
            ]
          },
          "metadata": {
            "operationMetadataId": "faae824e-8cf8-4ffa-82cf-e52327c27545"
          },
          "type": "Compose",
          "inputs": "@int(formatDateTime(outputs('Enddate'), 'MM'))"
        },
        "Compose_start_date": {
          "runAfter": {
            "Compose_EM": [
              "Succeeded"
            ]
          },
          "metadata": {
            "operationMetadataId": "5897bbdf-1ac0-48c1-a570-4e71f228a1f3"
          },
          "type": "Compose",
          "inputs": "@if(equals(formatDateTime(outputs('Startdate'), 'yyyy'), '2024'), 1, 0)"
        },
        "Compose_start_date_2": {
          "runAfter": {
            "Compose_start_date": [
              "Succeeded"
            ]
          },
          "metadata": {
            "operationMetadataId": "bf6a75dc-da23-4302-9ecb-c689aef53389"
          },
          "type": "Compose",
          "inputs": "@if(equals(formatDateTime(outputs('Enddate'), 'yyyy'), '2025'), int(formatDateTime(outputs('Enddate'), 'MM')), 0)"
        },
        "Do_until_5": {
          "actions": {
            "Increment_variable_4": {
              "runAfter": {
                "Set_variable_3": [
                  "Succeeded"
                ]
              },
              "metadata": {
                "operationMetadataId": "71d6374c-b98c-408f-a1d1-6efc78750626"
              },
              "type": "IncrementVariable",
              "inputs": {
                "name": "Mon",
                "value": 1
              }
            },
            "Append_to_array_variable_5": {
              "runAfter": {},
              "metadata": {
                "operationMetadataId": "a0461fe0-fd97-43f4-8de4-d9f578d2ccc0"
              },
              "type": "AppendToArrayVariable",
              "inputs": {
                "name": "Mon_Arr",
                "value": "@{concat('\"', formatDateTime(addToTime(formatDateTime(triggerBody()['text_1'], 'yyyy-MM-dd'), variables('Mon'), 'Month'), 'MMM'), '\":', triggerBody()['number'])}  "
              }
            },
            "Compose_8": {
              "runAfter": {
                "Append_to_array_variable_5": [
                  "Succeeded"
                ]
              },
              "metadata": {
                "operationMetadataId": "085ecb83-0a01-4046-b0bf-8fc9ac9eec0f"
              },
              "type": "Compose",
              "inputs": "@setProperty(variables('Mon_obj'), formatDateTime(addToTime(formatDateTime(triggerBody()['text_1'], 'yyyy-MM-dd'), variables('Mon'), 'Month'), 'MMM'), triggerBody()['number'])"
            },
            "Set_variable_3": {
              "runAfter": {
                "Compose_8": [
                  "Succeeded"
                ]
              },
              "metadata": {
                "operationMetadataId": "f8d38dc0-f74d-4514-b7f4-41be5226f5eb"
              },
              "type": "SetVariable",
              "inputs": {
                "name": "Mon_obj",
                "value": "@outputs('Compose_8')"
              }
            }
          },
          "runAfter": {
            "Compose_start_date_2": [
              "Succeeded"
            ]
          },
          "expression": "@equals(variables('Mon'), outputs('Compose_6'))",
          "limit": {
            "count": 60,
            "timeout": "PT1H"
          },
          "metadata": {
            "operationMetadataId": "c5a98077-a410-4118-b611-87ce97ea832b"
          },
          "type": "Until"
        },
        "Mon_2": {
          "runAfter": {
            "Mon": [
              "Succeeded"
            ]
          },
          "metadata": {
            "operationMetadataId": "f00004f6-5fa6-4fa4-b03d-a6a514b8e095"
          },
          "type": "InitializeVariable",
          "inputs": {
            "variables": [
              {
                "name": "Mon1",
                "type": "integer",
                "value": 0
              }
            ]
          }
        },
        "Compose_SY": {
          "runAfter": {
            "Compose_EY": [
              "Succeeded"
            ]
          },
          "metadata": {
            "operationMetadataId": "31215211-2ee2-4942-aad9-ec43015f3605"
          },
          "type": "Compose",
          "inputs": "@formatDateTime(outputs('Enddate'), 'yyyy')"
        },
        "Compose_4": {
          "runAfter": {
            "Mon_diff": [
              "Succeeded"
            ]
          },
          "metadata": {
            "operationMetadataId": "b06844e2-6792-4a72-8472-06bb717e6d89"
          },
          "type": "Compose",
          "inputs": "@formatDateTime(outputs('Startdate'),'yyyy-MM-dd')"
        },
        "Compose_5": {
          "runAfter": {
            "Compose_4": [
              "Succeeded"
            ]
          },
          "metadata": {
            "operationMetadataId": "bc623312-aa2c-4650-8e40-cff5906d459f"
          },
          "type": "Compose",
          "inputs": "@formatDateTime(outputs('Enddate'),'yyyy-MM-dd')"
        },
        "Compose_6": {
          "runAfter": {
            "Compose_5": [
              "Succeeded"
            ]
          },
          "metadata": {
            "operationMetadataId": "58d2ac75-50fe-47f1-a7f1-9557e5b3ee7b"
          },
          "type": "Compose",
          "inputs": "@int(first(split(string(add(div(add(div(sub(ticks(addDays(startOfMonth(addToTime(outputs('Compose_5'), 1, 'Month')), -1)), ticks(startofmonth(outputs('Compose_4')))), 864000000000),1),div(365.25,12)),0.5)),'.')))"
        },
        "Startdate": {
          "runAfter": {},
          "metadata": {
            "operationMetadataId": "3da90439-ec74-4654-a314-5d8d339e6d95"
          },
          "type": "Compose",
          "inputs": "@triggerBody()['text_1']"
        },
        "Enddate": {
          "runAfter": {
            "Startdate": [
              "Succeeded"
            ]
          },
          "metadata": {
            "operationMetadataId": "ba617dfb-4708-482d-a5c3-0bb5cc18dc57"
          },
          "type": "Compose",
          "inputs": "@triggerBody()['text_2']"
        }
      }
    },
    "templateName": ""
  },
  "schemaVersion": "1.0.0.0"
}