{
  "properties": {
    "connectionReferences": {
      "shared_commondataserviceforapps_1": {
        "runtimeSource": "embedded",
        "connection": {
          "connectionReferenceLogicalName": "new_sharedcommondataserviceforapps_849ba"
        },
        "api": {
          "name": "shared_commondataserviceforapps"
        }
      }
    },
    "definition": {
      "$schema": "https://schema.management.azure.com/providers/Microsoft.Logic/schemas/2016-06-01/workflowdefinition.json#",
      "contentVersion": "1.0.0.0",
      "parameters": {
        "$connections": {
          "defaultValue": {},
          "type": "Object"
        },
        "$authentication": {
          "defaultValue": {},
          "type": "SecureObject"
        }
      },
      "triggers": {
        "manual": {
          "metadata": {
            "operationMetadataId": "9df7ea12-be89-44e1-85cc-01f75f060260"
          },
          "type": "Request",
          "kind": "PowerAppV2",
          "inputs": {
            "schema": {
              "type": "object",
              "properties": {
                "text": {
                  "title": "Name",
                  "type": "string",
                  "x-ms-dynamically-added": true,
                  "description": "Please enter your input",
                  "x-ms-content-hint": "TEXT"
                },
                "text_1": {
                  "title": "Start",
                  "type": "string",
                  "x-ms-dynamically-added": true,
                  "description": "Please enter your input",
                  "x-ms-content-hint": "TEXT"
                },
                "text_2": {
                  "title": "End",
                  "type": "string",
                  "x-ms-dynamically-added": true,
                  "description": "Please enter your input",
                  "x-ms-content-hint": "TEXT"
                },
                "number": {
                  "title": "FTE",
                  "type": "number",
                  "x-ms-dynamically-added": true,
                  "description": "Please enter a number",
                  "x-ms-content-hint": "NUMBER"
                },
                "text_3": {
                  "title": "Clarity",
                  "type": "string",
                  "x-ms-dynamically-added": true,
                  "description": "Please enter your input",
                  "x-ms-content-hint": "TEXT"
                },
                "text_4": {
                  "title": "Billing Details",
                  "type": "string",
                  "x-ms-dynamically-added": true,
                  "description": "Please enter your input",
                  "x-ms-content-hint": "TEXT"
                }
              },
              "required": [
                "text",
                "text_1",
                "text_2",
                "number",
                "text_3",
                "text_4"
              ]
            }
          }
        }
      },
      "actions": {
        "Compose": {
          "runAfter": {
            "Do_until": [
              "Succeeded"
            ]
          },
          "metadata": {
            "operationMetadataId": "0f5a3cbf-4bef-46e6-9099-251ca63447c8"
          },
          "type": "Compose",
          "inputs": "@union(split(triggerBody()['text'],','),split(triggerBody()['text'],','))"
        },
        "Name": {
          "runAfter": {
            "Compose": [
              "Succeeded"
            ]
          },
          "metadata": {
            "operationMetadataId": "a30ab35d-bb6a-4f42-bc7f-33a37acd09a6"
          },
          "type": "InitializeVariable",
          "inputs": {
            "variables": [
              {
                "name": "Name",
                "type": "array",
                "value": "@outputs('Compose')"
              }
            ]
          }
        },
        "Resource_name": {
          "runAfter": {
            "mon_FTE": [
              "Succeeded"
            ]
          },
          "metadata": {
            "operationMetadataId": "c68b40ab-461c-45bb-9574-a1991c83e7ec"
          },
          "type": "Compose",
          "inputs": "@concat('_new_resourcetrackerlookup_value  eq ', join(variables('Name'), ' or _new_resourcetrackerlookup_value  eq '))"
        },
        "Compose_2": {
          "runAfter": {
            "Resource_name": [
              "Succeeded"
            ]
          },
          "metadata": {
            "operationMetadataId": "bf2aad19-b672-42c2-964d-3ad1dd2d85c9"
          },
          "type": "Compose",
          "inputs": "@concat('new_resourcetrackerid  eq ', join(variables('Name'), ' or new_resourcetrackerid  eq '))"
        },
        "Parse_JSON_3": {
          "runAfter": {
            "Compose_2": [
              "Succeeded"
            ]
          },
          "metadata": {
            "operationMetadataId": "c1ecda2b-fd3c-4014-9ce4-2e418f95851a"
          },
          "type": "ParseJson",
          "inputs": {
            "content": "@variables('Name')",
            "schema": {
              "type": "array",
              "items": {
                "type": "string"
              }
            }
          }
        },
        "Do_until": {
          "actions": {
            "Increment_variable": {
              "runAfter": {
                "Set_variable_4": [
                  "Succeeded"
                ]
              },
              "metadata": {
                "operationMetadataId": "71d6374c-b98c-408f-a1d1-6efc78750626"
              },
              "type": "IncrementVariable",
              "inputs": {
                "name": "Mon",
                "value": 1
              }
            },
            "Append_to_array_variable_4": {
              "runAfter": {},
              "metadata": {
                "operationMetadataId": "a0461fe0-fd97-43f4-8de4-d9f578d2ccc0"
              },
              "type": "AppendToArrayVariable",
              "inputs": {
                "name": "Mon_Arr",
                "value": "@{concat('\"',formatDateTime(addToTime(formatDateTime(triggerBody()['text_1'], 'yyyy-MM-dd'),variables('Mon'),'Month'),'MMM'),'\":',triggerBody()['number'])}  "
              }
            },
            "Compose_5": {
              "runAfter": {
                "Append_to_array_variable_4": [
                  "Succeeded"
                ]
              },
              "metadata": {
                "operationMetadataId": "085ecb83-0a01-4046-b0bf-8fc9ac9eec0f"
              },
              "type": "Compose",
              "inputs": "@setProperty(variables('Mon_obj'),formatDateTime(addToTime(formatDateTime(triggerBody()['text_1'], 'yyyy-MM-dd'),variables('Mon'),'Month'),'MMM'),triggerBody()['number'])"
            },
            "Set_variable_4": {
              "runAfter": {
                "Compose_5": [
                  "Succeeded"
                ]
              },
              "metadata": {
                "operationMetadataId": "f8d38dc0-f74d-4514-b7f4-41be5226f5eb"
              },
              "type": "SetVariable",
              "inputs": {
                "name": "Mon_obj",
                "value": "@outputs('Compose_5')"
              }
            }
          },
          "runAfter": {
            "new_fte": [
              "Succeeded"
            ]
          },
          "expression": "@greater(variables('Mon'), outputs('Mon_diff'))",
          "limit": {
            "count": 60,
            "timeout": "PT1H"
          },
          "metadata": {
            "operationMetadataId": "c5a98077-a410-4118-b611-87ce97ea832b"
          },
          "type": "Until"
        },
        "Mon": {
          "runAfter": {},
          "metadata": {
            "operationMetadataId": "f00004f6-5fa6-4fa4-b03d-a6a514b8e095"
          },
          "type": "InitializeVariable",
          "inputs": {
            "variables": [
              {
                "name": "Mon",
                "type": "integer",
                "value": 0
              }
            ]
          }
        },
        "Mon_Arr": {
          "runAfter": {
            "Mon": [
              "Succeeded"
            ]
          },
          "metadata": {
            "operationMetadataId": "76bd1cb5-caa9-4470-9ae9-62af29f32b27"
          },
          "type": "InitializeVariable",
          "inputs": {
            "variables": [
              {
                "name": "Mon_Arr",
                "type": "array"
              }
            ]
          }
        },
        "Mon_diff": {
          "runAfter": {
            "Mon_Arr": [
              "Succeeded"
            ]
          },
          "metadata": {
            "operationMetadataId": "75fecb44-17ec-4107-b982-d5f06542ef71"
          },
          "type": "Compose",
          "inputs": "@div(int(first(split(dateDifference(triggerBody()['text_1'],triggerBody()['text_2']),'.'))),30.44)"
        },
        "Initialize_variable_2": {
          "runAfter": {
            "Parse_JSON_3": [
              "Succeeded"
            ]
          },
          "metadata": {
            "operationMetadataId": "1d3a8845-82ef-4608-939c-bbf24204723d"
          },
          "type": "InitializeVariable",
          "inputs": {
            "variables": [
              {
                "name": "Solution",
                "type": "array"
              }
            ]
          }
        },
        "Initialize_variable": {
          "runAfter": {
            "Initialize_variable_2": [
              "Succeeded"
            ]
          },
          "metadata": {
            "operationMetadataId": "1d3a8845-82ef-4608-939c-bbf24204723d"
          },
          "type": "InitializeVariable",
          "inputs": {
            "variables": [
              {
                "name": "test1",
                "type": "object",
                "value": "@json(concat('{',join(variables('Solution'),','),'}'))"
              }
            ]
          }
        },
        "Initialize_variable_3": {
          "runAfter": {
            "Initialize_variable": [
              "Succeeded"
            ]
          },
          "metadata": {
            "operationMetadataId": "95952f46-1ba3-411b-bc21-f761cf19696a"
          },
          "type": "InitializeVariable",
          "inputs": {
            "variables": [
              {
                "name": "Allocate",
                "type": "string"
              }
            ]
          }
        },
        "Mon_loop": {
          "runAfter": {
            "Mon_diff": [
              "Succeeded"
            ]
          },
          "metadata": {
            "operationMetadataId": "fdb87d0b-7bf5-467f-920b-8304229943a0"
          },
          "type": "InitializeVariable",
          "inputs": {
            "variables": [
              {
                "name": "mon_loop",
                "type": "array",
                "value": [
                  "Jan",
                  "Feb",
                  "Mar",
                  "Apr",
                  "May",
                  "Jun",
                  "Jul",
                  "Aug",
                  "Sep",
                  "Oct",
                  "Nov",
                  "Dec"
                ]
              }
            ]
          }
        },
        "new_fte": {
          "runAfter": {
            "Mon_loop": [
              "Succeeded"
            ]
          },
          "metadata": {
            "operationMetadataId": "ba51c6d7-7659-41fd-9db8-257dd6d0df53"
          },
          "type": "InitializeVariable",
          "inputs": {
            "variables": [
              {
                "name": "Mon_obj",
                "type": "object",
                "value": {
                  "Jan": 0,
                  "Feb": 0,
                  "Mar": 0,
                  "Apr": 0,
                  "May": 0,
                  "Jun": 0,
                  "Jul": 0,
                  "Aug": 0,
                  "Sep": 0,
                  "Oct": 0,
                  "Nov": 0,
                  "Dec": 0
                }
              }
            ]
          }
        },
        "BU": {
          "runAfter": {
            "Initialize_variable_3": [
              "Succeeded"
            ]
          },
          "metadata": {
            "operationMetadataId": "fe9b00a8-1093-4481-a723-ec16a6905499"
          },
          "type": "InitializeVariable",
          "inputs": {
            "variables": [
              {
                "name": "BU",
                "type": "string"
              }
            ]
          }
        },
        "mon_FTE": {
          "runAfter": {
            "Name": [
              "Succeeded"
            ]
          },
          "metadata": {
            "operationMetadataId": "ba51c6d7-7659-41fd-9db8-257dd6d0df53"
          },
          "type": "InitializeVariable",
          "inputs": {
            "variables": [
              {
                "name": "Month_Fte",
                "type": "object",
                "value": {
                  "Jan": 0,
                  "Feb": 0,
                  "Mar": 0,
                  "Apr": 0,
                  "May": 0,
                  "Jun": 0,
                  "Jul": 0,
                  "Aug": 0,
                  "Sep": 0,
                  "Oct": 0,
                  "Nov": 0,
                  "Dec": 0
                }
              }
            ]
          }
        },
        "Apply_to_each": {
          "foreach": "@body('Parse_JSON_3')",
          "actions": {
            "List_rows": {
              "runAfter": {},
              "metadata": {
                "operationMetadataId": "30a4b76d-d7a4-4c56-8ff9-374ed3bb8a46"
              },
              "type": "OpenApiConnection",
              "inputs": {
                "host": {
                  "connectionName": "shared_commondataserviceforapps_1",
                  "operationId": "ListRecords",
                  "apiId": "/providers/Microsoft.PowerApps/apis/shared_commondataserviceforapps"
                },
                "parameters": {
                  "entityName": "new_demand_trackers",
                  "$filter": "new_so_number eq '@{items('Apply_to_each')}'"
                },
                "authentication": "@parameters('$authentication')"
              }
            },
            "Apply_to_each_3": {
              "foreach": "@outputs('List_rows')?['body/value']",
              "actions": {
                "Update_a_row": {
                  "runAfter": {},
                  "metadata": {
                    "operationMetadataId": "01a43a4b-82e8-4ab3-a47e-32c1a7f51f29"
                  },
                  "type": "OpenApiConnection",
                  "inputs": {
                    "host": {
                      "connectionName": "shared_commondataserviceforapps_1",
                      "operationId": "UpdateRecord",
                      "apiId": "/providers/Microsoft.PowerApps/apis/shared_commondataserviceforapps"
                    },
                    "parameters": {
                      "entityName": "new_demand_trackers",
                      "recordId": "@items('Apply_to_each_3')?['new_demand_trackerid']",
                      "item/new_apr": "@variables('Mon_obj')['Apr']",
                      "item/new_aug": "@variables('Mon_obj')['Aug']",
                      "item/new_BillingTable@odata.bind": "new_billingtables(@{triggerBody()['text_4']})",
                      "item/new_ClarityName@odata.bind": "new_referentials(@{triggerBody()['text_3']})",
                      "item/new_dec": "@variables('Mon_obj')['Dec']",
                      "item/new_feb": "@variables('Mon_obj')['Feb']",
                      "item/new_jan": "@variables('Mon_obj')['Jan']",
                      "item/new_jul": "@variables('Mon_obj')['Jul']",
                      "item/new_jun": "@variables('Mon_obj')['Jun']",
                      "item/new_mar": "@variables('Mon_obj')['Mar']",
                      "item/new_may": "@variables('Mon_obj')['May']",
                      "item/new_nov": "@variables('Mon_obj')['Nov']",
                      "item/new_oct": "@variables('Mon_obj')['Oct']",
                      "item/new_sep": "@variables('Mon_obj')['Sep']"
                    },
                    "authentication": "@parameters('$authentication')"
                  }
                }
              },
              "runAfter": {
                "List_rows": [
                  "Succeeded"
                ]
              },
              "metadata": {
                "operationMetadataId": "3494e223-9265-4709-8927-64fe18b788ec"
              },
              "type": "Foreach"
            }
          },
          "runAfter": {
            "BU": [
              "Succeeded"
            ]
          },
          "metadata": {
            "operationMetadataId": "408fc0a0-0da3-4ab3-a906-32527c706ab8"
          },
          "type": "Foreach"
        }
      }
    },
    "templateName": ""
  },
  "schemaVersion": "1.0.0.0"
}