{
  "properties": {
    "connectionReferences": {
      "shared_commondataserviceforapps": {
        "runtimeSource": "embedded",
        "connection": {
          "connectionReferenceLogicalName": "new_sharedcommondataserviceforapps_849ba"
        },
        "api": {
          "name": "shared_commondataserviceforapps"
        }
      },
      "shared_excelonlinebusiness_1": {
        "runtimeSource": "invoker",
        "connection": {
          "connectionReferenceLogicalName": "new_sharedexcelonlinebusiness_b30c0"
        },
        "api": {
          "name": "shared_excelonlinebusiness"
        }
      }
    },
    "definition": {
      "$schema": "https://schema.management.azure.com/providers/Microsoft.Logic/schemas/2016-06-01/workflowdefinition.json#",
      "contentVersion": "1.0.0.0",
      "parameters": {
        "$connections": {
          "defaultValue": {},
          "type": "Object"
        },
        "$authentication": {
          "defaultValue": {},
          "type": "SecureObject"
        }
      },
      "triggers": {
        "manual": {
          "metadata": {
            "operationMetadataId": "c120dffc-caa1-49ee-930d-2275c71df36e"
          },
          "type": "Request",
          "kind": "Button",
          "inputs": {
            "schema": {
              "type": "object",
              "properties": {},
              "required": []
            }
          }
        }
      },
      "actions": {
        "Apply_to_each": {
          "foreach": "@outputs('List_rows_present_in_a_table')?['body/value']",
          "actions": {
            "List_rows": {
              "runAfter": {},
              "metadata": {
                "operationMetadataId": "d13fb8b4-5493-4058-9464-2b7fb424d257"
              },
              "type": "OpenApiConnection",
              "inputs": {
                "host": {
                  "connectionName": "shared_commondataserviceforapps",
                  "operationId": "ListRecords",
                  "apiId": "/providers/Microsoft.PowerApps/apis/shared_commondataserviceforapps"
                },
                "parameters": {
                  "entityName": "new_referentials",
                  "$filter": "new_name eq '@{items('Apply_to_each')?['Column1']}'"
                },
                "authentication": {
                  "type": "Raw",
                  "value": "@json(decodeBase64(triggerOutputs().headers['X-MS-APIM-Tokens']))['$ConnectionKey']"
                }
              }
            },
            "Condition": {
              "actions": {
                "Add_a_new_row": {
                  "runAfter": {},
                  "metadata": {
                    "operationMetadataId": "7858bb90-1e90-4748-8429-636df24e6e0c"
                  },
                  "type": "OpenApiConnection",
                  "inputs": {
                    "host": {
                      "connectionName": "shared_commondataserviceforapps",
                      "operationId": "CreateRecord",
                      "apiId": "/providers/Microsoft.PowerApps/apis/shared_commondataserviceforapps"
                    },
                    "parameters": {
                      "entityName": "new_referentials",
                      "item/new_billinggroup": "@items('Apply_to_each')?['Billing Group']",
                      "item/new_billingtype": "@if(equals(items('Apply_to_each')?['Billing Type'],'FP'),100000000, \t\r\n\tif(equals(items('Apply_to_each')?['Billing Type'],'MS'),100000001,\r\n\t\tif(equals(items('Apply_to_each')?['Billing Type'],'Non billable'),100000002,\r\n\t\t\tif(equals(items('Apply_to_each')?['Billing Type'],'T&M'),100000003,if(equals(items('Apply_to_each')?['Billing Type'],'INTRA'),100000004,''\r\n\t\t\t  )\r\n\t\t\t))))",
                      "item/new_capgeminiprojecttype": "@items('Apply_to_each')?['Capgemini Project Type\n']",
                      "item/new_capgemini_gfs_code": "@items('Apply_to_each')?['Capgemini_GFS_code']",
                      "item/new_capgemini_gfs_name": "@items('Apply_to_each')?['Capgemini_GFS_Name ']",
                      "item/new_cgprojectmanager": "@items('Apply_to_each')?['CG Project Manager']",
                      "item/new_chanelbillability": "@if(equals(items('Apply_to_each')?['CHANEL billability'],'Billable'),100000000,\r\nif(equals(items('Apply_to_each')?['CHANEL billability'],'NB'),100000001,''))",
                      "item/new_chanelorganization": "@if(equals(items('Apply_to_each')?['Chanel Organization '],'Asia'),100000000,\r\nif(equals(items('Apply_to_each')?['Chanel Organization '],'CORP'),100000001,\r\nif(equals(items('Apply_to_each')?['Chanel Organization '],'ERES'),100000002,\r\nif(equals(items('Apply_to_each')?['Chanel Organization '],'Europe'),100000003,\r\nif(equals(items('Apply_to_each')?['Chanel Organization '],'F&B'),100000004,\r\nif(equals(items('Apply_to_each')?['Chanel Organization '],'FA'),100000005,\r\nif(equals(items('Apply_to_each')?['Chanel Organization '],'GDB'),100000006,\r\nif(equals(items('Apply_to_each')?['Chanel Organization '],'Japan'),100000007,\r\nif(equals(items('Apply_to_each')?['Chanel Organization '],'Swiss'),100000008,\r\nif(equals(items('Apply_to_each')?['Chanel Organization '],'UK & Others'),100000009,\r\nif(equals(items('Apply_to_each')?['Chanel Organization '],'W&FJ'),100000010,\r\nif(equals(items('Apply_to_each')?['Chanel Organization '],'US'),100000011,\r\nif(equals(items('Apply_to_each')?['Chanel Organization '],'Canada'),100000012,\r\nif(equals(items('Apply_to_each')?['Chanel Organization '],'OBS'),100000013,\r\n100000014)\r\n)))))))))))))",
                      "item/new_chanelprojectmailid": "@items('Apply_to_each')?['CHANEL project mail ID']",
                      "item/new_chanelprojectowner": "@items('Apply_to_each')?['CHANEL project owner']",
                      "item/new_chaneltimetrackingowner": "@items('Apply_to_each')?['Chanel Time Tracking owner ']",
                      "item/new_chaneltimetrackingowneremail": "@items('Apply_to_each')?['Chanel Time Tracking owner email ']",
                      "item/new_column1": "@item()?['Column 1']",
                      "item/new_closuredate": "@if(equals(items('Apply_to_each')?['Closure date'],''),null,addDays('1899-12-30',int(items('Apply_to_each')?['Closure date']),'yyyy-MM-dd'))",
                      "item/new_dateofcreation": "@if(equals(items('Apply_to_each')?['Date of creation'],''),null,addDays('1899-12-30',int(items('Apply_to_each')?['Date of creation']),'yyyy-MM-dd'))",
                      "item/new_name": "@item()?['Column 1']",
                      "item/new_opexcapex": "@if(equals(items('Apply_to_each')?['OPEX/CAPEX'],'OPEX'),1,\r\nif(equals(items('Apply_to_each')?['OPEX/CAPEX'],'CAPEX'),2,3))",
                      "item/new_projectforecastid": "@items('Apply_to_each')?['Project Forecast ID']",
                      "item/new_projectidplw": "@items('Apply_to_each')?['Project ID (PLW)']",
                      "item/new_projectnameplw": "@items('Apply_to_each')?['Project Name (PLW)']",
                      "item/new_projectstatus": "@if(equals(items('Apply_to_each')?['Project Status'],'Active'),100000000,\r\nif(equals(items('Apply_to_each')?['Project Status'],'Finished'),100000001,1))",
                      "item/new_remarks": "@items('Apply_to_each')?['Remarks']",
                      "item/new_solutioncenter": "@if(\r\n    equals(items('Apply_to_each')?['Solution Center'], 'AXSC'), 100000000,\r\n    if(\r\n        equals(items('Apply_to_each')?['Solution Center'], 'BAI'), 100000001,\r\n        if(\r\n            equals(items('Apply_to_each')?['Solution Center'], 'BPU'), 100000002,\r\n            if(\r\n                equals(items('Apply_to_each')?['Solution Center'], 'CF'), 100000003,\r\n                if(\r\n                    equals(items('Apply_to_each')?['Solution Center'], 'Governance'), 100000004,\r\n                    if(\r\n                        equals(items('Apply_to_each')?['Solution Center'], 'ISC'), 100000005,\r\n                        if(\r\n                            equals(items('Apply_to_each')?['Solution Center'], 'QEC'), 100000006,\r\n                            if(\r\n                                equals(items('Apply_to_each')?['Solution Center'], 'RPA'), 100000007,\r\n                                if(\r\n                                    equals(items('Apply_to_each')?['Solution Center'], 'SAP'), 100000008,\r\n                                    if(\r\n                                        equals(items('Apply_to_each')?['Solution Center'], 'WSC'), 100000009,\r\n                                        if(\r\n                                            equals(items('Apply_to_each')?['Solution Center'], 'HERO'), 100000010,\r\n                                            ''\r\n                                        )\r\n                                    )\r\n                                )\r\n                            )\r\n                        )\r\n                    )\r\n                )\r\n            )\r\n        )\r\n    )\r\n)\r\n"
                    },
                    "authentication": {
                      "type": "Raw",
                      "value": "@json(decodeBase64(triggerOutputs().headers['X-MS-APIM-Tokens']))['$ConnectionKey']"
                    }
                  }
                }
              },
              "runAfter": {
                "Compose_2": [
                  "Succeeded"
                ]
              },
              "else": {
                "actions": {
                  "Apply_to_each_2": {
                    "foreach": "@outputs('List_rows')?['body/value']",
                    "actions": {
                      "Update_a_row": {
                        "runAfter": {},
                        "metadata": {
                          "operationMetadataId": "3ab2aa7f-298f-41be-a468-dd6d0145b00d"
                        },
                        "type": "OpenApiConnection",
                        "inputs": {
                          "host": {
                            "connectionName": "shared_commondataserviceforapps",
                            "operationId": "UpdateRecord",
                            "apiId": "/providers/Microsoft.PowerApps/apis/shared_commondataserviceforapps"
                          },
                          "parameters": {
                            "entityName": "new_referentials",
                            "recordId": "@items('Apply_to_each_2')?['new_referentialid']",
                            "item/new_billinggroup": "@items('Apply_to_each')?['Billing Group']",
                            "item/new_billingtype": "@if(equals(items('Apply_to_each')?['Billing Type'],'FP'),100000000, \t\r\n\tif(equals(items('Apply_to_each')?['Billing Type'],'MS'),100000001,\r\n\t\tif(equals(items('Apply_to_each')?['Billing Type'],'Non billable'),100000002,\r\n\t\t\tif(equals(items('Apply_to_each')?['Billing Type'],'T&M'),100000003,if(equals(items('Apply_to_each')?['Billing Type'],'INTRA'),100000004,''\r\n\t\t\t  )\r\n\t\t\t))))",
                            "item/new_capgeminiprojecttype": "@items('Apply_to_each')?['Capgemini Project Type\n']",
                            "item/new_capgemini_gfs_code": "@items('Apply_to_each')?['Capgemini_GFS_code']",
                            "item/new_capgemini_gfs_name": "@items('Apply_to_each')?['Capgemini_GFS_Name ']",
                            "item/new_cgprojectmanager": "@items('Apply_to_each')?['CG Project Manager']",
                            "item/new_chanelbillability": "@if(equals(items('Apply_to_each')?['CHANEL billability'],'Billable'),100000000,\r\nif(equals(items('Apply_to_each')?['CHANEL billability'],'NB'),100000001,''))",
                            "item/new_chanelorganization": "@if(equals(items('Apply_to_each')?['Chanel Organization '],'Asia'),100000000,\r\nif(equals(items('Apply_to_each')?['Chanel Organization '],'CORP'),100000001,\r\nif(equals(items('Apply_to_each')?['Chanel Organization '],'ERES'),100000002,\r\nif(equals(items('Apply_to_each')?['Chanel Organization '],'Europe'),100000003,\r\nif(equals(items('Apply_to_each')?['Chanel Organization '],'F&B'),100000004,\r\nif(equals(items('Apply_to_each')?['Chanel Organization '],'FA'),100000005,\r\nif(equals(items('Apply_to_each')?['Chanel Organization '],'GDB'),100000006,\r\nif(equals(items('Apply_to_each')?['Chanel Organization '],'Japan'),100000007,\r\nif(equals(items('Apply_to_each')?['Chanel Organization '],'Swiss'),100000008,\r\nif(equals(items('Apply_to_each')?['Chanel Organization '],'UK & Others'),100000009,\r\nif(equals(items('Apply_to_each')?['Chanel Organization '],'W&FJ'),100000010,\r\nif(equals(items('Apply_to_each')?['Chanel Organization '],'US'),100000011,\r\nif(equals(items('Apply_to_each')?['Chanel Organization '],'Canada'),100000012,\r\nif(equals(items('Apply_to_each')?['Chanel Organization '],'OBS'),100000013,\r\n100000014)\r\n)))))))))))))",
                            "item/new_chanelprojectmailid": "@items('Apply_to_each')?['CHANEL project mail ID']",
                            "item/new_chanelprojectowner": "@items('Apply_to_each')?['CHANEL project owner']",
                            "item/new_chaneltimetrackingowner": "@items('Apply_to_each')?['Chanel Time Tracking owner ']",
                            "item/new_chaneltimetrackingowneremail": "@items('Apply_to_each')?['Chanel Time Tracking owner email ']",
                            "item/new_column1": "@item()?['Column 1']",
                            "item/new_closuredate": "@if(equals(items('Apply_to_each')?['Closure date'],''),null,addDays('1899-12-30',int(items('Apply_to_each')?['Closure date']),'yyyy-MM-dd'))",
                            "item/new_dateofcreation": "@if(equals(items('Apply_to_each')?['Date of creation'],''),null,addDays('1899-12-30',int(items('Apply_to_each')?['Date of creation']),'yyyy-MM-dd'))",
                            "item/new_name": "@item()?['Column 1']",
                            "item/new_opexcapex": "@if(equals(items('Apply_to_each')?['OPEX/CAPEX'],'OPEX'),1,\r\nif(equals(items('Apply_to_each')?['OPEX/CAPEX'],'CAPEX'),2,3))",
                            "item/new_projectforecastid": "@items('Apply_to_each')?['Project Forecast ID']",
                            "item/new_projectidplw": "@items('Apply_to_each')?['Project ID (PLW)']",
                            "item/new_projectnameplw": "@items('Apply_to_each')?['Project Name (PLW)']",
                            "item/new_projectstatus": "@if(equals(items('Apply_to_each')?['Project Status'],'Active'),100000000,\r\nif(equals(items('Apply_to_each')?['Project Status'],'Finished'),100000001,1))",
                            "item/new_remarks": "@items('Apply_to_each')?['Remarks']",
                            "item/new_solutioncenter": "@if(equals(items('Apply_to_each')?['Solution Center'],'AXSC'),100000000,\r\nif(equals(items('Apply_to_each')?['Solution Center'],'BAI'),100000001,\r\nif(equals(items('Apply_to_each')?['Solution Center'],'BPU'),100000002,\r\nif(equals(items('Apply_to_each')?['Solution Center'],'CF'),100000003,\r\nif(equals(items('Apply_to_each')?['Solution Center'],'Governance'),100000004,\r\nif(equals(items('Apply_to_each')?['Solution Center'],'ISC'),100000005,\r\nif(equals(items('Apply_to_each')?['Solution Center'],'QEC'),100000006,\r\nif(equals(items('Apply_to_each')?['Solution Center'],'RPA'),100000007,\r\nif(equals(items('Apply_to_each')?['Solution Center'],'SAP'),100000008,\r\nif(equals(items('Apply_to_each')?['Solution Center'],'WSC'),100000009,'')\r\n)))))))))"
                          },
                          "authentication": {
                            "type": "Raw",
                            "value": "@json(decodeBase64(triggerOutputs().headers['X-MS-APIM-Tokens']))['$ConnectionKey']"
                          }
                        }
                      }
                    },
                    "runAfter": {},
                    "metadata": {
                      "operationMetadataId": "978c2cc4-c483-4151-88b6-6e9cd5378c7e"
                    },
                    "type": "Foreach"
                  }
                }
              },
              "expression": {
                "equals": [
                  "@outputs('List_rows')?['body/value']",
                  "@outputs('Compose')"
                ]
              },
              "metadata": {
                "operationMetadataId": "bc936b80-b7f2-4c04-9637-71501dd00332"
              },
              "type": "If"
            },
            "Compose_2": {
              "runAfter": {
                "List_rows": [
                  "Succeeded"
                ]
              },
              "metadata": {
                "operationMetadataId": "7f44f493-8459-4a09-a5b3-79c395a5c931"
              },
              "type": "Compose",
              "inputs": "@item()"
            }
          },
          "runAfter": {
            "Compose": [
              "Succeeded"
            ]
          },
          "metadata": {
            "operationMetadataId": "ad5b5e0a-92d2-4026-9d65-6a1f76485ad8"
          },
          "type": "Foreach",
          "runtimeConfiguration": {
            "concurrency": {
              "repetitions": 50
            }
          }
        },
        "List_rows_present_in_a_table": {
          "runAfter": {
            "Respond_to_a_Power_App_or_flow": [
              "Succeeded"
            ]
          },
          "metadata": {
            "01TKOMME5BCRB7FHDOZ5HZ3SMU66H47F7B": "/General/6. Time Booking/TheRASolution/2024 Resource Allocation.xlsx",
            "operationMetadataId": "cd412f88-61a2-4412-95d7-5bec4f9d6bfc",
            "tableId": "{00000000-000C-0000-FFFF-FFFF00000000}",
            "01O6QBFHCZBFHSASVG2ZHK24KYPHCA3V52": "/Documents/2024 Resource Allocation.xlsx",
            "01O6QBFHDDNN4SK5JFGBBLEL4P2BVXQGMB": "/Documents/2024 Resource Allocation.xlsx"
          },
          "type": "OpenApiConnection",
          "inputs": {
            "host": {
              "connectionName": "shared_excelonlinebusiness_1",
              "operationId": "GetItems",
              "apiId": "/providers/Microsoft.PowerApps/apis/shared_excelonlinebusiness"
            },
            "parameters": {
              "source": "groups/6f64175c-546d-45fe-ad05-38896302b78b",
              "drive": "b!KOA7Tp6Ou0u6FplXQnB_gigM_t0SpuVAkM3dc8E0r515aTNDMIrKSb_YQBa0C3Qw",
              "file": "01TKOMME5BCRB7FHDOZ5HZ3SMU66H47F7B",
              "table": "{00000000-000C-0000-FFFF-FFFF00000000}"
            },
            "authentication": {
              "type": "Raw",
              "value": "@json(decodeBase64(triggerOutputs().headers['X-MS-APIM-Tokens']))['$ConnectionKey']"
            },
            "retryPolicy": {
              "type": "fixed",
              "count": 10,
              "interval": "PT10S"
            }
          },
          "runtimeConfiguration": {
            "paginationPolicy": {
              "minimumItemCount": 10000
            }
          }
        },
        "Respond_to_a_Power_App_or_flow": {
          "runAfter": {},
          "metadata": {
            "operationMetadataId": "bc072980-80c8-4050-87bc-207d122971cd"
          },
          "type": "Response",
          "kind": "PowerApp",
          "inputs": {
            "statusCode": 200,
            "body": {},
            "schema": {
              "type": "object",
              "properties": {}
            }
          }
        },
        "Compose": {
          "runAfter": {
            "List_rows_present_in_a_table": [
              "Succeeded"
            ]
          },
          "metadata": {
            "operationMetadataId": "6c63c45c-8ddc-445b-a9e7-3fe0c270076c"
          },
          "type": "Compose",
          "inputs": []
        }
      }
    },
    "templateName": ""
  },
  "schemaVersion": "1.0.0.0"
}