{
  "properties": {
    "connectionReferences": {
      "shared_excelonlinebusiness": {
        "runtimeSource": "invoker",
        "connection": {
          "connectionReferenceLogicalName": "new_sharedexcelonlinebusiness_75e58"
        },
        "api": {
          "name": "shared_excelonlinebusiness"
        }
      },
      "shared_commondataserviceforapps": {
        "runtimeSource": "embedded",
        "connection": {
          "connectionReferenceLogicalName": "new_sharedcommondataserviceforapps_ae9fd"
        },
        "api": {
          "name": "shared_commondataserviceforapps"
        }
      },
      "shared_commondataserviceforapps_1": {
        "runtimeSource": "embedded",
        "connection": {
          "connectionReferenceLogicalName": "new_sharedcommondataserviceforapps_1e60c"
        },
        "api": {
          "name": "shared_commondataserviceforapps"
        }
      },
      "shared_onedriveforbusiness_1": {
        "runtimeSource": "invoker",
        "connection": {
          "connectionReferenceLogicalName": "new_sharedonedriveforbusiness_cb92d"
        },
        "api": {
          "name": "shared_onedriveforbusiness"
        }
      },
      "shared_flowmanagement_1": {
        "runtimeSource": "invoker",
        "connection": {
          "connectionReferenceLogicalName": "new_sharedflowmanagement_f3f62"
        },
        "api": {
          "name": "shared_flowmanagement"
        }
      }
    },
    "definition": {
      "$schema": "https://schema.management.azure.com/providers/Microsoft.Logic/schemas/2016-06-01/workflowdefinition.json#",
      "contentVersion": "1.0.0.0",
      "parameters": {
        "$connections": {
          "defaultValue": {},
          "type": "Object"
        },
        "$authentication": {
          "defaultValue": {},
          "type": "SecureObject"
        }
      },
      "triggers": {
        "manual": {
          "metadata": {
            "operationMetadataId": "d9b37b34-b53e-4739-95a8-0cb46eeadd35"
          },
          "type": "Request",
          "kind": "PowerAppV2",
          "inputs": {
            "schema": {
              "type": "object",
              "properties": {
                "file": {
                  "title": "Resource_tracker",
                  "type": "object",
                  "x-ms-dynamically-added": true,
                  "description": "Please select file or image",
                  "x-ms-content-hint": "FILE",
                  "properties": {
                    "name": {
                      "type": "string"
                    },
                    "contentBytes": {
                      "type": "string",
                      "format": "byte"
                    }
                  }
                }
              },
              "required": []
            }
          }
        }
      },
      "actions": {
        "Resource_tracker": {
          "runAfter": {
            "Create_file": [
              "Succeeded"
            ]
          },
          "metadata": {
            "01TKOMME4WEEZ5NPFK2ZCJVZIKC3UYWKS7": "/General/6. Time Booking/TheRASolution/2024 Resource Allocation - Copy.xlsx",
            "operationMetadataId": "45b404b9-2853-4742-9659-97fc5b518fad",
            "tableId": "@concat('Resource_Tracker_CHK')",
            "01TKOMME5BCRB7FHDOZ5HZ3SMU66H47F7B": "/General/6. Time Booking/TheRASolution/2024 Resource Allocation.xlsx"
          },
          "type": "OpenApiConnection",
          "inputs": {
            "host": {
              "connectionName": "shared_excelonlinebusiness",
              "operationId": "GetItems",
              "apiId": "/providers/Microsoft.PowerApps/apis/shared_excelonlinebusiness"
            },
            "parameters": {
              "source": "me",
              "drive": "b!oXrWly2BWEOfMPlXHoBhlm16UEnBDL1GiY_pkKAFd6PJLakLX4MEQaZiflkq1TVM",
              "file": "@outputs('Create_file')?['body/Path']",
              "table": "@concat('Resource_Tracker_CHK')"
            },
            "authentication": "@parameters('$authentication')",
            "retryPolicy": {
              "type": "fixed",
              "count": 10,
              "interval": "PT10S"
            }
          },
          "runtimeConfiguration": {
            "paginationPolicy": {
              "minimumItemCount": 10000
            }
          }
        },
        "Apply_to_each": {
          "foreach": "@outputs('Resource_tracker')?['body/value']",
          "actions": {
            "List_rows_3": {
              "runAfter": {
                "Compose_2": [
                  "Succeeded"
                ]
              },
              "metadata": {
                "operationMetadataId": "f163674b-d2b8-4787-841e-0a294e427889"
              },
              "type": "OpenApiConnection",
              "inputs": {
                "host": {
                  "connectionName": "shared_commondataserviceforapps",
                  "operationId": "ListRecords",
                  "apiId": "/providers/Microsoft.PowerApps/apis/shared_commondataserviceforapps"
                },
                "parameters": {
                  "entityName": "systemusers",
                  "$select": "systemuserid",
                  "$filter": "internalemailaddress eq '@{items('Apply_to_each')?['Owner ID']}'"
                },
                "authentication": "@parameters('$authentication')"
              }
            },
            "Compose_4": {
              "runAfter": {
                "Compose_7": [
                  "Succeeded"
                ]
              },
              "metadata": {
                "operationMetadataId": "2bbe6b60-a90a-4277-887e-f0d22afca921"
              },
              "type": "Compose",
              "inputs": "@if(equals(length(outputs('List_rows_3')?['body/value']),0),'',outputs('List_rows_3')?['body/value'][0]['@odata.editLink'])"
            },
            "Compose_5": {
              "runAfter": {
                "List_rows_3": [
                  "Succeeded"
                ]
              },
              "metadata": {
                "operationMetadataId": "878c6a8a-08b1-40c9-b76c-13c783482e66"
              },
              "type": "Compose",
              "inputs": "@if(equals(items('Apply_to_each')?['SOLUTION CENTER'],'AXSC'),1,\r\nif(equals(items('Apply_to_each')?['SOLUTION CENTER'],'BAI'),2,\r\nif(equals(items('Apply_to_each')?['SOLUTION CENTER'],'BPU'),3,\r\nif(equals(items('Apply_to_each')?['SOLUTION CENTER'],'ISC'),4,\r\nif(equals(items('Apply_to_each')?['SOLUTION CENTER'],'QEC'),5,\r\nif(equals(items('Apply_to_each')?['SOLUTION CENTER'],'RPA + Mobile'),6,\r\nif(equals(items('Apply_to_each')?['SOLUTION CENTER'],'SAP'),7,\r\nif(equals(items('Apply_to_each')?['SOLUTION CENTER'],'Transformation & Governance '),8,\r\nif(equals(items('Apply_to_each')?['SOLUTION CENTER'],'Workday'),9,'2,3'\r\n)))))))))"
            },
            "Compose_7": {
              "runAfter": {
                "leadname": [
                  "Succeeded"
                ]
              },
              "metadata": {
                "operationMetadataId": "6d03d28c-3234-4a47-8472-80c1dc073aa2"
              },
              "type": "Compose",
              "inputs": "@if(equals(outputs('Compose_3')?[concat(outputs('leadname'))],null),null,concat('new_solutioncenterleads(',outputs('Compose_3')?[concat(outputs('leadname'))],')'))"
            },
            "Condition": {
              "actions": {
                "Add_a_new_row": {
                  "runAfter": {},
                  "metadata": {
                    "operationMetadataId": "99a20bd0-4daa-40da-8572-fada2db78860"
                  },
                  "type": "OpenApiConnection",
                  "inputs": {
                    "host": {
                      "connectionName": "shared_commondataserviceforapps",
                      "operationId": "CreateRecord",
                      "apiId": "/providers/Microsoft.PowerApps/apis/shared_commondataserviceforapps"
                    },
                    "parameters": {
                      "entityName": "new_resourcetrackers",
                      "item/new_name": "@items('Apply_to_each')?['Employee Name']",
                      "item/new_axid": "@items('Apply_to_each')?['AX ID']",
                      "item/new_baselocation": "@items('Apply_to_each')?['Base Location']",
                      "item/new_billablestatusbillable": "@if(equals(items('Apply_to_each')?['Billable Status'],'Billable'),1,\r\nif(equals(items('Apply_to_each')?['Billable Status'],'Shadow'),2,'')\r\n)",
                      "item/new_BillingRoledescription@odata.bind": "new_billingtables(@{outputs('Compose_2')})",
                      "item/new_billingstartdate": "@if(equals(items('Apply_to_each')?['Billing start date'],''),null,addDays('1899-12-30',int(items('Apply_to_each')?['Billing start date']),'yyyy-MM-dd'))",
                      "item/new_chanelid": "@items('Apply_to_each')?['Chanel ID']",
                      "item/new_comments": "@items('Apply_to_each')?['Comments']",
                      "item/new_corpid": "@items('Apply_to_each')?['CORP ID']",
                      "item/new_emp_id": "@items('Apply_to_each')?['Emp_x002e_ID']",
                      "item/new_fte": "@items('Apply_to_each')?['FTE']",
                      "item/new_gender": "@if(equals(items('Apply_to_each')?['Gender'],'M'),1,\r\nif(equals(items('Apply_to_each')?['Gender'],'F'),2,'')\r\n)",
                      "item/new_ggid": "@items('Apply_to_each')?['GGID']",
                      "item/new_grade": "@items('Apply_to_each')?['Grade']",
                      "item/new_joiningdate": "@if(equals(items('Apply_to_each')?['Joining date'],''),null,addDays('1899-12-30',int(items('Apply_to_each')?['Joining date']),'yyyy-MM-dd'))",
                      "item/new_LeadName@odata.bind": "@outputs('Compose_7')",
                      "item/new_lwd": "@if(equals(items('Apply_to_each')?['LWD'],''),null,addDays('1899-12-30',int(items('Apply_to_each')?['LWD']),'yyyy-MM-dd'))",
                      "item/new_mailid": "@items('Apply_to_each')?['Mail ID']",
                      "item/new_ownedloaned": "@if(equals(items('Apply_to_each')?['Owned/Loaned'],'Owned'),1,\r\nif(equals(items('Apply_to_each')?['Owned/Loaned'],'Loaned'),2,'')\r\n)",
                      "item/ownerid@odata.bind": "@if(empty(outputs('Compose_4')),null,outputs('Compose_4'))",
                      "item/new_ownerid": "@items('Apply_to_each')?['Owner ID']",
                      "item/new_ownername": "@items('Apply_to_each')?['Owner Name']",
                      "item/new_ownernames": "@items('Apply_to_each')?['Owner Name']",
                      "item/new_Practice@odata.bind": "new_practices(@{outputs('Practice_GUID')?[trim(items('Apply_to_each')?['Practice'])]})",
                      "item/new_resignationdate": "@if(equals(items('Apply_to_each')?['Resignation Date']\r\n,''),null,addDays('1899-12-30',int(items('Apply_to_each')?['Resignation Date']),'yyyy-MM-dd'))",
                      "item/new_resourcecategory": "@if(equals(items('Apply_to_each')?['Resource Category'],'Offshore'),1,\r\nif(equals(items('Apply_to_each')?['Resource Category'],'Onshore'),2,'')\r\n)",
                      "item/new_ServiceLine@odata.bind": "new_service_lines(@{outputs('Service_line_GUID')?[trim(items('Apply_to_each')?['SERVICE_LINE'])]})",
                      "item/new_solutioncenter": "@outputs('Compose_5')",
                      "item/new_status": "@if(equals(items('Apply_to_each')?['Status'],'Active'),1,\r\nif(equals(items('Apply_to_each')?['Status'],'Inactive'),2,\r\nif(equals(items('Apply_to_each')?['Status'],'ML'),3,''\r\n)))",
                      "item/new_TestingBox@odata.bind": "@if(empty(items('Apply_to_each')?['Testing Box']),null,concat('new_testingboxes(',outputs('Testing_Box_GUID')?[trim(items('Apply_to_each')?['Testing Box'])],')'))"
                    },
                    "authentication": "@parameters('$authentication')"
                  }
                },
                "Condition_2": {
                  "actions": {
                    "Add_a_new_row_2": {
                      "runAfter": {},
                      "metadata": {
                        "operationMetadataId": "c7dc4abe-4066-402a-b617-029fcde9b178"
                      },
                      "type": "OpenApiConnection",
                      "inputs": {
                        "host": {
                          "connectionName": "shared_commondataserviceforapps",
                          "operationId": "CreateRecord",
                          "apiId": "/providers/Microsoft.PowerApps/apis/shared_commondataserviceforapps"
                        },
                        "parameters": {
                          "entityName": "new_data_inputs",
                          "item/new_apr": "@if(less(formatDateTime(outputs('Add_a_new_row')?['body/new_joiningdate'],'yyyy'), formatDateTime(utcNow(),'yyyy')),\r\noutputs('Add_a_new_row')?['body/new_fte'],\r\nif(\r\n  equals(formatDateTime(outputs('Add_a_new_row')?['body/new_joiningdate'],'MM'), '04'),\r\n   if(\r\n       less(int(formatDateTime(outputs('Add_a_new_row')?['body/new_joiningdate'], 'dd')), 15),\r\n       outputs('Add_a_new_row')?['body/new_fte'],\r\n       div(outputs('Add_a_new_row')?['body/new_fte'],2)\r\n   ),\r\n   if(less(formatDateTime(outputs('Add_a_new_row')?['body/new_joiningdate'],'MM'), '04'),outputs('Add_a_new_row')?['body/new_fte'],0)\r\n)\r\n)\r\n",
                          "item/new_aug": "@if(less(formatDateTime(outputs('Add_a_new_row')?['body/new_joiningdate'],'yyyy'), formatDateTime(utcNow(),'yyyy')),\r\noutputs('Add_a_new_row')?['body/new_fte'],\r\nif(\r\n  equals(formatDateTime(outputs('Add_a_new_row')?['body/new_joiningdate'],'MM'), '08'),\r\n   if(\r\n       less(int(formatDateTime(outputs('Add_a_new_row')?['body/new_joiningdate'], 'dd')), 15),\r\n       outputs('Add_a_new_row')?['body/new_fte'],\r\n       div(outputs('Add_a_new_row')?['body/new_fte'],2)\r\n   ),\r\n   if(less(formatDateTime(outputs('Add_a_new_row')?['body/new_joiningdate'],'MM'), '08'),outputs('Add_a_new_row')?['body/new_fte'],0)\r\n)\r\n)\r\n",
                          "item/new_BillingTable@odata.bind": "new_billingtables(@{outputs('Compose_2')})",
                          "item/new_buproject": "@outputs('Compose_5')",
                          "item/new_ClarityProjectName@odata.bind": "new_referentials(@{if(equals(items('Apply_to_each')?['SOLUTION CENTER'],'AXSC'),'c44a9eb0-9085-ef11-ac20-00224838873d',\r\nif(equals(items('Apply_to_each')?['SOLUTION CENTER'],'BAI'),'b54a9eb0-9085-ef11-ac20-00224838873d',\r\nif(equals(items('Apply_to_each')?['SOLUTION CENTER'],'BPU'),'b44a9eb0-9085-ef11-ac20-00224838873d',\r\nif(equals(items('Apply_to_each')?['SOLUTION CENTER'],'ISC'),'ce4a9eb0-9085-ef11-ac20-00224838873d',\r\nif(equals(items('Apply_to_each')?['SOLUTION CENTER'],'QEC'),'944a9eb0-9085-ef11-ac20-00224838873d',\r\nif(equals(items('Apply_to_each')?['SOLUTION CENTER'],'RPA + Mobile'),'eb4a9eb0-9085-ef11-ac20-00224838873d',\r\nif(equals(items('Apply_to_each')?['SOLUTION CENTER'],'SAP'),'ff4a9eb0-9085-ef11-ac20-00224838873d',\r\nif(equals(items('Apply_to_each')?['SOLUTION CENTER'],'Transformation & Governance '),'e24a9eb0-9085-ef11-ac20-00224838873d',\r\nif(equals(items('Apply_to_each')?['SOLUTION CENTER'],'Workday'),'914a9eb0-9085-ef11-ac20-00224838873d',0\r\n)))))))))})",
                          "item/new_dec": "@if(less(formatDateTime(outputs('Add_a_new_row')?['body/new_joiningdate'],'yyyy'), formatDateTime(utcNow(),'yyyy')),\r\noutputs('Add_a_new_row')?['body/new_fte'],\r\nif(\r\n  equals(formatDateTime(outputs('Add_a_new_row')?['body/new_joiningdate'],'MM'), '12'),\r\n   if(\r\n       less(int(formatDateTime(outputs('Add_a_new_row')?['body/new_joiningdate'], 'dd')), 15),\r\n       outputs('Add_a_new_row')?['body/new_fte'],\r\n       div(outputs('Add_a_new_row')?['body/new_fte'],2)\r\n   ),\r\n   if(less(formatDateTime(outputs('Add_a_new_row')?['body/new_joiningdate'],'MM'), '12'),outputs('Add_a_new_row')?['body/new_fte'],0)\r\n))",
                          "item/new_feb": "@if(less(formatDateTime(outputs('Add_a_new_row')?['body/new_joiningdate'],'yyyy'), formatDateTime(utcNow(),'yyyy')),\r\noutputs('Add_a_new_row')?['body/new_fte'],\r\nif(\r\n  equals(formatDateTime(outputs('Add_a_new_row')?['body/new_joiningdate'],'MM'), '02'),\r\n   if(\r\n       less(int(formatDateTime(outputs('Add_a_new_row')?['body/new_joiningdate'], 'dd')), 15),\r\n       outputs('Add_a_new_row')?['body/new_fte'],\r\n       div(outputs('Add_a_new_row')?['body/new_fte'],2)\r\n   ),\r\n   if(less(formatDateTime(outputs('Add_a_new_row')?['body/new_joiningdate'],'MM'), '02'),outputs('Add_a_new_row')?['body/new_fte'],0)\r\n))",
                          "item/new_jan": "@if(less(formatDateTime(outputs('Add_a_new_row')?['body/new_joiningdate'],'yyyy'), formatDateTime(utcNow(),'yyyy')),\r\noutputs('Add_a_new_row')?['body/new_fte'],\r\nif(\r\n  equals(formatDateTime(outputs('Add_a_new_row')?['body/new_joiningdate'],'MM'), '01'),\r\n   if(\r\n       less(int(formatDateTime(outputs('Add_a_new_row')?['body/new_joiningdate'], 'dd')), 15),\r\n       outputs('Add_a_new_row')?['body/new_fte'],\r\n       div(outputs('Add_a_new_row')?['body/new_fte'],2)\r\n   ),\r\n   if(less(formatDateTime(outputs('Add_a_new_row')?['body/new_joiningdate'],'MM'), '01'),outputs('Add_a_new_row')?['body/new_fte'],0)\r\n))",
                          "item/new_jul": "@if(less(formatDateTime(outputs('Add_a_new_row')?['body/new_joiningdate'],'yyyy'), formatDateTime(utcNow(),'yyyy')),\r\noutputs('Add_a_new_row')?['body/new_fte'],\r\nif(\r\n  equals(formatDateTime(outputs('Add_a_new_row')?['body/new_joiningdate'],'MM'), '07'),\r\n   if(\r\n       less(int(formatDateTime(outputs('Add_a_new_row')?['body/new_joiningdate'], 'dd')), 15),\r\n       outputs('Add_a_new_row')?['body/new_fte'],\r\n       div(outputs('Add_a_new_row')?['body/new_fte'],2)\r\n   ),\r\n   if(less(formatDateTime(outputs('Add_a_new_row')?['body/new_joiningdate'],'MM'), '07'),outputs('Add_a_new_row')?['body/new_fte'],0)\r\n))",
                          "item/new_jun": "@if(less(formatDateTime(outputs('Add_a_new_row')?['body/new_joiningdate'],'yyyy'), formatDateTime(utcNow(),'yyyy')),\r\noutputs('Add_a_new_row')?['body/new_fte'],\r\nif(\r\n  equals(formatDateTime(outputs('Add_a_new_row')?['body/new_joiningdate'],'MM'), '06'),\r\n   if(\r\n       less(int(formatDateTime(outputs('Add_a_new_row')?['body/new_joiningdate'], 'dd')), 15),\r\n       outputs('Add_a_new_row')?['body/new_fte'],\r\n       div(outputs('Add_a_new_row')?['body/new_fte'],2)\r\n   ),\r\n   if(less(formatDateTime(outputs('Add_a_new_row')?['body/new_joiningdate'],'MM'), '06'),outputs('Add_a_new_row')?['body/new_fte'],0)\r\n))",
                          "item/new_mar": "@if(less(formatDateTime(outputs('Add_a_new_row')?['body/new_joiningdate'],'yyyy'), formatDateTime(utcNow(),'yyyy')),\r\noutputs('Add_a_new_row')?['body/new_fte'],\r\nif(\r\n  equals(formatDateTime(outputs('Add_a_new_row')?['body/new_joiningdate'],'MM'), '03'),\r\n   if(\r\n       less(int(formatDateTime(outputs('Add_a_new_row')?['body/new_joiningdate'], 'dd')), 15),\r\n       outputs('Add_a_new_row')?['body/new_fte'],\r\n       div(outputs('Add_a_new_row')?['body/new_fte'],2)\r\n   ),\r\n   if(less(formatDateTime(outputs('Add_a_new_row')?['body/new_joiningdate'],'MM'), '03'),outputs('Add_a_new_row')?['body/new_fte'],0)\r\n))",
                          "item/new_may": "@if(less(formatDateTime(outputs('Add_a_new_row')?['body/new_joiningdate'],'yyyy'), formatDateTime(utcNow(),'yyyy')),\r\noutputs('Add_a_new_row')?['body/new_fte'],\r\nif(\r\n  equals(formatDateTime(outputs('Add_a_new_row')?['body/new_joiningdate'],'MM'), '05'),\r\n   if(\r\n       less(int(formatDateTime(outputs('Add_a_new_row')?['body/new_joiningdate'], 'dd')), 15),\r\n       outputs('Add_a_new_row')?['body/new_fte'],\r\n       div(outputs('Add_a_new_row')?['body/new_fte'],2)\r\n   ),\r\n   if(less(formatDateTime(outputs('Add_a_new_row')?['body/new_joiningdate'],'MM'), '05'),outputs('Add_a_new_row')?['body/new_fte'],0)\r\n))",
                          "item/new_nov": "@if(less(formatDateTime(outputs('Add_a_new_row')?['body/new_joiningdate'],'yyyy'), formatDateTime(utcNow(),'yyyy')),\r\noutputs('Add_a_new_row')?['body/new_fte'],\r\nif(\r\n  equals(formatDateTime(outputs('Add_a_new_row')?['body/new_joiningdate'],'MM'), '11'),\r\n   if(\r\n       less(int(formatDateTime(outputs('Add_a_new_row')?['body/new_joiningdate'], 'dd')), 15),\r\n       outputs('Add_a_new_row')?['body/new_fte'],\r\n       div(outputs('Add_a_new_row')?['body/new_fte'],2)\r\n   ),\r\n   if(less(formatDateTime(outputs('Add_a_new_row')?['body/new_joiningdate'],'MM'), '11'),outputs('Add_a_new_row')?['body/new_fte'],0)\r\n))",
                          "item/new_oct": "@if(less(formatDateTime(outputs('Add_a_new_row')?['body/new_joiningdate'],'yyyy'), formatDateTime(utcNow(),'yyyy')),\r\noutputs('Add_a_new_row')?['body/new_fte'],\r\nif(\r\n  equals(formatDateTime(outputs('Add_a_new_row')?['body/new_joiningdate'],'MM'), '10'),\r\n   if(\r\n       less(int(formatDateTime(outputs('Add_a_new_row')?['body/new_joiningdate'], 'dd')), 15),\r\n       outputs('Add_a_new_row')?['body/new_fte'],\r\n       div(outputs('Add_a_new_row')?['body/new_fte'],2)\r\n   ),\r\n   if(less(formatDateTime(outputs('Add_a_new_row')?['body/new_joiningdate'],'MM'), '10'),outputs('Add_a_new_row')?['body/new_fte'],0)\r\n))",
                          "item/new_ResourceTrackerlookup@odata.bind": "new_resourcetrackers(@{outputs('Add_a_new_row')?['body/new_resourcetrackerid']})",
                          "item/new_sep": "@if(less(formatDateTime(outputs('Add_a_new_row')?['body/new_joiningdate'],'yyyy'), formatDateTime(utcNow(),'yyyy')),\r\noutputs('Add_a_new_row')?['body/new_fte'],\r\nif(\r\n  equals(formatDateTime(outputs('Add_a_new_row')?['body/new_joiningdate'],'MM'), '09'),\r\n   if(\r\n       less(int(formatDateTime(outputs('Add_a_new_row')?['body/new_joiningdate'], 'dd')), 15),\r\n       outputs('Add_a_new_row')?['body/new_fte'],\r\n       div(outputs('Add_a_new_row')?['body/new_fte'],2)\r\n   ),\r\n   if(less(formatDateTime(outputs('Add_a_new_row')?['body/new_joiningdate'],'MM'), '09'),outputs('Add_a_new_row')?['body/new_fte'],0)\r\n))",
                          "item/new_shift": 4,
                          "item/new_year": "@formatDateTime(utcNow(), 'yyyy')"
                        },
                        "authentication": "@parameters('$authentication')"
                      }
                    }
                  },
                  "runAfter": {
                    "Add_a_new_row": [
                      "Succeeded"
                    ]
                  },
                  "expression": {
                    "and": [
                      {
                        "equals": [
                          "@outputs('Add_a_new_row')?['body/new_status']",
                          1
                        ]
                      },
                      {
                        "lessOrEquals": [
                          "@int(formatDateTime(outputs('Add_a_new_row')?['body/new_joiningdate'],'yyyy'))",
                          "@int(substring(utcNow(),0,4))"
                        ]
                      }
                    ]
                  },
                  "metadata": {
                    "operationMetadataId": "249486ba-18ef-4821-9f8a-68858d5ec3ee"
                  },
                  "type": "If"
                }
              },
              "runAfter": {
                "List_rows": [
                  "Succeeded"
                ]
              },
              "else": {
                "actions": {
                  "Apply_to_each_2": {
                    "foreach": "@outputs('List_rows')?['body/value']",
                    "actions": {
                      "Condition_3": {
                        "actions": {
                          "Update_a_row": {
                            "runAfter": {},
                            "metadata": {
                              "operationMetadataId": "0f77ede2-932a-436e-b367-268820707f9c"
                            },
                            "type": "OpenApiConnection",
                            "inputs": {
                              "host": {
                                "connectionName": "shared_commondataserviceforapps",
                                "operationId": "UpdateRecord",
                                "apiId": "/providers/Microsoft.PowerApps/apis/shared_commondataserviceforapps"
                              },
                              "parameters": {
                                "entityName": "new_resourcetrackers",
                                "recordId": "@items('Apply_to_each_2')?['new_resourcetrackerid']",
                                "item/new_name": "@items('Apply_to_each')?['Employee Name']",
                                "item/new_axid": "@items('Apply_to_each')?['AX ID']",
                                "item/new_baselocation": "@items('Apply_to_each')?['Base Location']",
                                "item/new_billablestatusbillable": "@if(equals(items('Apply_to_each')?['Billable Status'],'Billable'),1,\r\nif(equals(items('Apply_to_each')?['Billable Status'],'Shadow'),2,'')\r\n)",
                                "item/new_BillingRoledescription@odata.bind": "new_billingtables(@{outputs('Compose_2')})",
                                "item/new_billingstartdate": "@if(equals(items('Apply_to_each')?['Billing start date'],''),null,addDays('1899-12-30',int(items('Apply_to_each')?['Billing start date']),'yyyy-MM-dd'))",
                                "item/new_chanelid": "@items('Apply_to_each')?['Chanel ID']",
                                "item/new_comments": "@items('Apply_to_each')?['Comments']",
                                "item/new_corpid": "@items('Apply_to_each')?['CORP ID']",
                                "item/new_emp_id": "@items('Apply_to_each')?['Emp_x002e_ID']",
                                "item/new_fte": "@items('Apply_to_each')?['FTE']",
                                "item/new_gender": "@if(equals(items('Apply_to_each')?['Gender'],'M'),1,\r\nif(equals(items('Apply_to_each')?['Gender'],'F'),2,'')\r\n)",
                                "item/new_ggid": "@items('Apply_to_each')?['GGID']",
                                "item/new_grade": "@items('Apply_to_each')?['Grade']",
                                "item/new_joiningdate": "@if(equals(items('Apply_to_each')?['Joining date'],''),null,addDays('1899-12-30',int(items('Apply_to_each')?['Joining date']),'yyyy-MM-dd'))",
                                "item/new_LeadName@odata.bind": "@outputs('Compose_7')",
                                "item/new_lwd": "@if(equals(items('Apply_to_each')?['LWD'],''),null,addDays('1899-12-30',int(items('Apply_to_each')?['LWD']),'yyyy-MM-dd'))",
                                "item/new_mailid": "@items('Apply_to_each')?['Mail ID']",
                                "item/new_ownedloaned": "@if(equals(items('Apply_to_each')?['Owned/Loaned'],'Owned'),1,\r\nif(equals(items('Apply_to_each')?['Owned/Loaned'],'Loaned'),2,'')\r\n)",
                                "item/ownerid@odata.bind": "@if(empty(outputs('Compose_4')),null,outputs('Compose_4'))",
                                "item/new_ownerid": "@items('Apply_to_each')?['Owner ID']",
                                "item/new_ownername": "@items('Apply_to_each')?['Owner Name']",
                                "item/new_ownernames": "@items('Apply_to_each')?['Owner ID']",
                                "item/new_Practice@odata.bind": "new_practices(@{outputs('Practice_GUID')?[trim(items('Apply_to_each')?['Practice'])]})",
                                "item/new_resignationdate": "@if(equals(items('Apply_to_each')?['Resignation Date']\n,''),null,addDays('1899-12-30',int(items('Apply_to_each')?['Resignation Date']),'yyyy-MM-dd'))",
                                "item/new_resourcecategory": "@if(equals(items('Apply_to_each')?['Resource Category'],'Offshore'),1,\r\nif(equals(items('Apply_to_each')?['Resource Category'],'Onshore'),2,'')\r\n)",
                                "item/new_ServiceLine@odata.bind": "new_service_lines(@{outputs('Service_line_GUID')?[trim(items('Apply_to_each')?['SERVICE_LINE'])]})",
                                "item/new_solutioncenter": "@outputs('Compose_5')",
                                "item/new_status": "@if(equals(items('Apply_to_each')?['Status'],'Active'),1,\r\nif(equals(items('Apply_to_each')?['Status'],'Inactive'),2,\r\nif(equals(items('Apply_to_each')?['Status'],'ML'),3,''\r\n)))",
                                "item/new_TestingBox@odata.bind": "@if(empty(items('Apply_to_each')?['Testing Box']),null,concat('new_testingboxes(',outputs('Testing_Box_GUID')?[trim(items('Apply_to_each')?['Testing Box'])],')'))"
                              },
                              "authentication": "@parameters('$authentication')"
                            }
                          }
                        },
                        "runAfter": {},
                        "expression": {
                          "equals": [
                            "@items('Apply_to_each_2')?['new_status']",
                            1
                          ]
                        },
                        "metadata": {
                          "operationMetadataId": "f542c1c7-6924-4efe-9e71-57fbb5d69ab7"
                        },
                        "type": "If"
                      }
                    },
                    "runAfter": {},
                    "metadata": {
                      "operationMetadataId": "eecc534f-f6e2-430a-a714-ce8aff45de1b"
                    },
                    "type": "Foreach"
                  }
                }
              },
              "expression": {
                "equals": [
                  "@outputs('List_rows')?['body/value']",
                  "@outputs('Empty')"
                ]
              },
              "metadata": {
                "operationMetadataId": "9edd0107-c40c-4a0c-beef-350577a77e7c"
              },
              "type": "If"
            },
            "List_rows": {
              "runAfter": {
                "Compose_4": [
                  "Succeeded"
                ]
              },
              "metadata": {
                "operationMetadataId": "a4f2488e-b0b8-45b7-87a1-39a7e042f381"
              },
              "type": "OpenApiConnection",
              "inputs": {
                "host": {
                  "connectionName": "shared_commondataserviceforapps",
                  "operationId": "ListRecords",
                  "apiId": "/providers/Microsoft.PowerApps/apis/shared_commondataserviceforapps"
                },
                "parameters": {
                  "entityName": "new_resourcetrackers",
                  "$filter": "new_mailid eq '@{items('Apply_to_each')?['Mail ID']}'"
                },
                "authentication": "@parameters('$authentication')"
              }
            },
            "leadname": {
              "runAfter": {
                "Compose_5": [
                  "Succeeded"
                ]
              },
              "metadata": {
                "operationMetadataId": "584c8c7c-d11e-47d0-a72c-336347b79712"
              },
              "type": "Compose",
              "inputs": "@if(equals(items('Apply_to_each')?['SOLUTION CENTER'],'AXSC'),1,\r\nif(equals(items('Apply_to_each')?['SOLUTION CENTER'],'BAI'),2,\r\nif(equals(items('Apply_to_each')?['SOLUTION CENTER'],'BPU'),3,\r\nif(equals(items('Apply_to_each')?['SOLUTION CENTER'],'ISC'),6,\r\nif(equals(items('Apply_to_each')?['SOLUTION CENTER'],'QEC'),5,\r\nif(equals(items('Apply_to_each')?['SOLUTION CENTER'],'RPA + Mobile'),7,\r\nif(equals(items('Apply_to_each')?['SOLUTION CENTER'],'SAP'),8,\r\nif(equals(items('Apply_to_each')?['SOLUTION CENTER'],'Workday'),4,\r\n9\r\n))))))))"
            },
            "Compose_6": {
              "runAfter": {},
              "metadata": {
                "operationMetadataId": "1b5ddb01-b3ca-4358-8f3c-58a493605e01"
              },
              "type": "Compose",
              "inputs": "@items('Apply_to_each')?['Billing Role description']"
            },
            "Compose_2": {
              "runAfter": {
                "Compose_6": [
                  "Succeeded"
                ]
              },
              "metadata": {
                "operationMetadataId": "032c019b-34eb-4e3b-953e-c321b7351836"
              },
              "type": "Compose",
              "inputs": "@outputs('Compose')?[trim(items('Apply_to_each')?['Billing Role description'])]"
            }
          },
          "runAfter": {
            "Empty": [
              "Succeeded"
            ]
          },
          "metadata": {
            "operationMetadataId": "ad3662dc-be65-4d6b-b040-173be0862648"
          },
          "type": "Foreach",
          "runtimeConfiguration": {
            "concurrency": {
              "repetitions": 50
            }
          }
        },
        "Billing_Table": {
          "runAfter": {
            "Resource_tracker": [
              "Succeeded"
            ]
          },
          "metadata": {
            "operationMetadataId": "d2758bdf-2604-4d4d-b3dc-3cb25a81797c"
          },
          "type": "OpenApiConnection",
          "inputs": {
            "host": {
              "connectionName": "shared_commondataserviceforapps_1",
              "operationId": "ListRecords",
              "apiId": "/providers/Microsoft.PowerApps/apis/shared_commondataserviceforapps"
            },
            "parameters": {
              "entityName": "new_billingtables"
            },
            "authentication": "@parameters('$authentication')"
          }
        },
        "Select": {
          "runAfter": {
            "Testing_Box": [
              "Succeeded"
            ]
          },
          "metadata": {
            "operationMetadataId": "ec12fe3e-ecb2-435c-a1d3-2d5c41b5a6e0"
          },
          "type": "Select",
          "inputs": {
            "from": "@outputs('Billing_Table')?['body/value']",
            "select": "@concat('\"',item()?['new_name'],'\":\"',item()?['new_billingtableid'],'\"')"
          }
        },
        "Compose": {
          "runAfter": {
            "Select": [
              "Succeeded"
            ]
          },
          "metadata": {
            "operationMetadataId": "5d36655c-72aa-4ac7-a045-8cbd6a781ae3"
          },
          "type": "Compose",
          "inputs": "@json(concat('{',join(body('Select'),','),'}'))"
        },
        "List_rows_2": {
          "runAfter": {
            "Compose": [
              "Succeeded"
            ]
          },
          "metadata": {
            "operationMetadataId": "b4f1c976-906f-4028-9602-196c86008379"
          },
          "type": "OpenApiConnection",
          "inputs": {
            "host": {
              "connectionName": "shared_commondataserviceforapps",
              "operationId": "ListRecords",
              "apiId": "/providers/Microsoft.PowerApps/apis/shared_commondataserviceforapps"
            },
            "parameters": {
              "entityName": "new_solutioncenterleads"
            },
            "authentication": "@parameters('$authentication')"
          }
        },
        "Compose_3": {
          "runAfter": {
            "Select_2": [
              "Succeeded"
            ]
          },
          "metadata": {
            "operationMetadataId": "05a6a7fb-db41-45d1-be3a-b47ba2f1a055"
          },
          "type": "Compose",
          "inputs": "@json(concat('{',join(body('Select_2'),','),'}'))"
        },
        "Select_2": {
          "runAfter": {
            "List_rows_2": [
              "Succeeded"
            ]
          },
          "metadata": {
            "operationMetadataId": "dcdf5db4-e035-411c-b8ae-423a8b1cfeb8"
          },
          "type": "Select",
          "inputs": {
            "from": "@outputs('List_rows_2')?['body/value']",
            "select": "@concat('\"',item()?['new_solutioncenter'],'\":\"',item()?['new_solutioncenterleadid'],'\"')"
          }
        },
        "Empty": {
          "runAfter": {
            "Testing_Box_GUID": [
              "Succeeded"
            ]
          },
          "metadata": {
            "operationMetadataId": "584a2da0-2c98-457a-9969-738963d830fd"
          },
          "type": "Compose",
          "inputs": []
        },
        "Service_Line": {
          "runAfter": {
            "Billing_Table": [
              "Succeeded"
            ]
          },
          "metadata": {
            "operationMetadataId": "8db3a1ec-d482-47f6-8929-5e0a04601f5e"
          },
          "type": "OpenApiConnection",
          "inputs": {
            "host": {
              "connectionName": "shared_commondataserviceforapps",
              "operationId": "ListRecords",
              "apiId": "/providers/Microsoft.PowerApps/apis/shared_commondataserviceforapps"
            },
            "parameters": {
              "entityName": "new_service_lines"
            },
            "authentication": "@parameters('$authentication')"
          }
        },
        "Select_Service_line": {
          "runAfter": {
            "Compose_3": [
              "Succeeded"
            ]
          },
          "metadata": {
            "operationMetadataId": "1c1b3460-f5df-4af1-b844-98673f24104b"
          },
          "type": "Select",
          "inputs": {
            "from": "@outputs('Service_Line')?['body/value']",
            "select": "@concat('\"',item()?['new_serviceline'],'\":\"',item()?['new_service_lineid'],'\"')"
          }
        },
        "Service_line_GUID": {
          "runAfter": {
            "Select_Service_line": [
              "Succeeded"
            ]
          },
          "metadata": {
            "operationMetadataId": "53e6a812-9c7d-4c92-97ca-a38c6d7f5302"
          },
          "type": "Compose",
          "inputs": "@json(concat('{',join(body('Select_Service_line'),','),'}'))"
        },
        "Practices": {
          "runAfter": {
            "Service_Line": [
              "Succeeded"
            ]
          },
          "metadata": {
            "operationMetadataId": "02df2a35-6556-48a5-bbc8-bbe1a195bf9c"
          },
          "type": "OpenApiConnection",
          "inputs": {
            "host": {
              "connectionName": "shared_commondataserviceforapps",
              "operationId": "ListRecords",
              "apiId": "/providers/Microsoft.PowerApps/apis/shared_commondataserviceforapps"
            },
            "parameters": {
              "entityName": "new_practices",
              "$select": "new_practiceid,new_practice"
            },
            "authentication": "@parameters('$authentication')"
          }
        },
        "Testing_Box": {
          "runAfter": {
            "Practices": [
              "Succeeded"
            ]
          },
          "metadata": {
            "operationMetadataId": "b8006d06-7256-4f28-afb0-71c827be20e0"
          },
          "type": "OpenApiConnection",
          "inputs": {
            "host": {
              "connectionName": "shared_commondataserviceforapps",
              "operationId": "ListRecords",
              "apiId": "/providers/Microsoft.PowerApps/apis/shared_commondataserviceforapps"
            },
            "parameters": {
              "entityName": "new_testingboxes",
              "$select": "new_testingboxid,new_testingbox"
            },
            "authentication": "@parameters('$authentication')"
          }
        },
        "Select_Practice": {
          "runAfter": {
            "Service_line_GUID": [
              "Succeeded"
            ]
          },
          "metadata": {
            "operationMetadataId": "0a75c44b-0f7f-4f4a-b1d6-8e075003739f"
          },
          "type": "Select",
          "inputs": {
            "from": "@outputs('Practices')?['body/value']",
            "select": "@concat('\"',item()?['new_practice'],'\":\"',item()?['new_practiceid'],'\"')"
          }
        },
        "Practice_GUID": {
          "runAfter": {
            "Select_Practice": [
              "Succeeded"
            ]
          },
          "metadata": {
            "operationMetadataId": "220da1d3-b238-45d3-90dd-442075dc92c8"
          },
          "type": "Compose",
          "inputs": "@json(concat('{',join(body('Select_Practice'),','),'}'))"
        },
        "Select_Testing_Box": {
          "runAfter": {
            "Practice_GUID": [
              "Succeeded"
            ]
          },
          "metadata": {
            "operationMetadataId": "720062f7-565b-403f-8b50-10254fc6c220"
          },
          "type": "Select",
          "inputs": {
            "from": "@outputs('Testing_Box')?['body/value']",
            "select": "@concat('\"',item()?['new_testingbox'],'\":\"',item()?['new_testingboxid'],'\"')"
          }
        },
        "Testing_Box_GUID": {
          "runAfter": {
            "Select_Testing_Box": [
              "Succeeded"
            ]
          },
          "metadata": {
            "operationMetadataId": "bcd4a3d9-fa61-4041-91b0-9df104b22a79"
          },
          "type": "Compose",
          "inputs": "@json(concat('{',join(body('Select_Testing_Box'),','),'}'))"
        },
        "Create_file": {
          "runAfter": {},
          "metadata": {
            "operationMetadataId": "3e2f3de9-9180-4fe6-942d-e311603b095a"
          },
          "type": "OpenApiConnection",
          "inputs": {
            "host": {
              "connectionName": "shared_onedriveforbusiness_1",
              "operationId": "CreateFile",
              "apiId": "/providers/Microsoft.PowerApps/apis/shared_onedriveforbusiness"
            },
            "parameters": {
              "folderPath": "/",
              "name": "ra_test-@{utcNow()}.xlsx",
              "body": "@triggerBody()?['file']?['contentBytes']"
            },
            "authentication": "@parameters('$authentication')"
          },
          "runtimeConfiguration": {
            "contentTransfer": {
              "transferMode": "Chunked"
            }
          }
        },
        "Turn_On_Flow": {
          "runAfter": {
            "Delay": [
              "Succeeded"
            ]
          },
          "metadata": {
            "operationMetadataId": "6ace451e-9bb5-452d-a94c-607a4f3d4261"
          },
          "type": "OpenApiConnection",
          "inputs": {
            "host": {
              "connectionName": "shared_flowmanagement_1",
              "operationId": "StartFlow",
              "apiId": "/providers/Microsoft.PowerApps/apis/shared_flowmanagement"
            },
            "parameters": {
              "environmentName": "3f91c6f4-6a13-e832-b5c5-ebbf5f0a17f8",
              "flowName": "615c7a15-50ea-0857-7127-5b7eb4ddd53f"
            },
            "authentication": "@parameters('$authentication')"
          }
        },
        "Delay": {
          "runAfter": {
            "Apply_to_each": [
              "Succeeded"
            ]
          },
          "metadata": {
            "operationMetadataId": "d381feca-7ca4-474e-9720-a3d775e272f3"
          },
          "type": "Wait",
          "inputs": {
            "interval": {
              "count": 3,
              "unit": "Minute"
            }
          }
        }
      }
    },
    "templateName": ""
  },
  "schemaVersion": "1.0.0.0"
}