{
  "properties": {
    "connectionReferences": {
      "shared_onedriveforbusiness_2": {
        "runtimeSource": "invoker",
        "connection": {
          "connectionReferenceLogicalName": "new_sharedonedriveforbusiness_7eeb5"
        },
        "api": {
          "name": "shared_onedriveforbusiness"
        }
      },
      "shared_excelonlinebusiness": {
        "runtimeSource": "invoker",
        "connection": {
          "connectionReferenceLogicalName": "new_sharedexcelonlinebusiness_526b3"
        },
        "api": {
          "name": "shared_excelonlinebusiness"
        }
      },
      "shared_commondataserviceforapps_2": {
        "runtimeSource": "embedded",
        "connection": {
          "connectionReferenceLogicalName": "new_sharedcommondataserviceforapps_849ba"
        },
        "api": {
          "name": "shared_commondataserviceforapps"
        }
      }
    },
    "definition": {
      "$schema": "https://schema.management.azure.com/providers/Microsoft.Logic/schemas/2016-06-01/workflowdefinition.json#",
      "contentVersion": "1.0.0.0",
      "parameters": {
        "$connections": {
          "defaultValue": {},
          "type": "Object"
        },
        "$authentication": {
          "defaultValue": {},
          "type": "SecureObject"
        }
      },
      "triggers": {
        "manual": {
          "metadata": {
            "operationMetadataId": "8ae753f0-d5a4-4404-b16b-46481b47cccf"
          },
          "type": "Request",
          "kind": "PowerAppV2",
          "inputs": {
            "schema": {
              "type": "object",
              "properties": {
                "file": {
                  "title": "File",
                  "type": "object",
                  "x-ms-dynamically-added": true,
                  "description": "Please select file or image",
                  "x-ms-content-hint": "FILE",
                  "properties": {
                    "name": {
                      "type": "string"
                    },
                    "contentBytes": {
                      "type": "string",
                      "format": "byte"
                    }
                  }
                }
              },
              "required": []
            }
          }
        }
      },
      "actions": {
        "Create_file": {
          "runAfter": {},
          "metadata": {
            "operationMetadataId": "957d7551-b541-4f04-b67f-9f54b1ec7e74"
          },
          "type": "OpenApiConnection",
          "inputs": {
            "host": {
              "connectionName": "shared_onedriveforbusiness_2",
              "operationId": "CreateFile",
              "apiId": "/providers/Microsoft.PowerApps/apis/shared_onedriveforbusiness"
            },
            "parameters": {
              "folderPath": "/Demand Tracker",
              "name": "Demand Trackers-@{utcNow()}.xlsx",
              "body": "@triggerBody()?['file']?['contentBytes']"
            },
            "authentication": "@parameters('$authentication')"
          },
          "runtimeConfiguration": {
            "contentTransfer": {
              "transferMode": "Chunked"
            }
          }
        },
        "List_rows_present_in_a_table": {
          "runAfter": {
            "Create_file": [
              "Succeeded"
            ]
          },
          "metadata": {
            "01CPMC5SM72ZQ7NUBQJ5B2ATWJFYZFSNFQ": "/Demand Traker - Chanel.xlsx",
            "operationMetadataId": "6eba49ae-f062-4700-a05d-dd7d4c2b7d39",
            "tableId": "@concat('Table3')",
            "01O6QBFHD2WSWELFSWJVBIXWXU3YKT63AU": "/Demand Tracker/Demand Trackers.xlsx"
          },
          "type": "OpenApiConnection",
          "inputs": {
            "host": {
              "connectionName": "shared_excelonlinebusiness",
              "operationId": "GetItems",
              "apiId": "/providers/Microsoft.PowerApps/apis/shared_excelonlinebusiness"
            },
            "parameters": {
              "source": "me",
              "drive": "b!oXrWly2BWEOfMPlXHoBhlm16UEnBDL1GiY_pkKAFd6PJLakLX4MEQaZiflkq1TVM",
              "file": "@outputs('Create_file')?['body/Path']",
              "table": "@concat('Table3')"
            },
            "authentication": "@parameters('$authentication')",
            "retryPolicy": {
              "type": "fixed",
              "count": 10,
              "interval": "PT10S"
            }
          },
          "runtimeConfiguration": {
            "paginationPolicy": {
              "minimumItemCount": 50000
            }
          }
        },
        "Apply_to_each": {
          "foreach": "@outputs('List_rows_present_in_a_table')?['body/value']",
          "actions": {
            "List_rows": {
              "runAfter": {},
              "metadata": {
                "operationMetadataId": "a992e162-2b8a-45be-8d79-d842342581bd"
              },
              "type": "OpenApiConnection",
              "inputs": {
                "host": {
                  "connectionName": "shared_commondataserviceforapps_2",
                  "operationId": "ListRecords",
                  "apiId": "/providers/Microsoft.PowerApps/apis/shared_commondataserviceforapps"
                },
                "parameters": {
                  "entityName": "new_demand_trackers",
                  "$filter": "new_so_number eq '@{items('Apply_to_each')?['SO Number']}'"
                },
                "authentication": "@parameters('$authentication')"
              }
            },
            "Condition": {
              "actions": {
                "Add_a_new_row": {
                  "runAfter": {},
                  "metadata": {
                    "operationMetadataId": "a422de06-8f79-4978-8653-82cca1cf4b30"
                  },
                  "type": "OpenApiConnection",
                  "inputs": {
                    "host": {
                      "connectionName": "shared_commondataserviceforapps_2",
                      "operationId": "CreateRecord",
                      "apiId": "/providers/Microsoft.PowerApps/apis/shared_commondataserviceforapps"
                    },
                    "parameters": {
                      "entityName": "new_demand_trackers",
                      "item/new_demanddescription": "@items('Apply_to_each')?['Demand Description']",
                      "item/new_internaldemandstatus": "@if(\r\n  or(\r\n    equals(toLower(items('Apply_to_each')?['Internal Demand Status']), 'fulfilled'),\r\n    equals(toLower(items('Apply_to_each')?['Internal Demand Status']), 'cancelled')\r\n  ),\r\n  1,\r\n  0\r\n)\r\n",
                      "item/new_name": "@concat(items('Apply_to_each')?['SO Number'], '_', items('Apply_to_each')?['Demand Description'], '_', items('Apply_to_each')?['Skill'])",
                      "item/new_skill": "@items('Apply_to_each')?['Skill']",
                      "item/new_so_number": "@items('Apply_to_each')?['SO Number']",
                      "item/new_solution_center": "@if(equals(trim(items('Apply_to_each')?['SC']), 'AXSC'), 1, if(equals(trim(items('Apply_to_each')?['SC']), 'BAI'), 2, if(equals(trim(items('Apply_to_each')?['SC']), 'BPU'), 3, if(equals(trim(items('Apply_to_each')?['SC']), 'ISC'), 5, if(equals(trim(items('Apply_to_each')?['SC']), 'QEC'), 6, if(equals(trim(items('Apply_to_each')?['SC']), 'RPA'), 7, if(equals(trim(items('Apply_to_each')?['SC']), 'SAP'), 9, if(equals(trim(items('Apply_to_each')?['SC']), 'Gov'), 4, if(equals(trim(items('Apply_to_each')?['SC']), 'WSC'), 8, if(equals(trim(items('Apply_to_each')?['SC']), 'Governance'), 10, if(equals(trim(items('Apply_to_each')?['SC']), 'UK RUN'), 11, 12)))))))))))",
                      "item/crc18_demandyear": "@int(substring(utcNow(), 0, 4))"
                    },
                    "authentication": "@parameters('$authentication')"
                  }
                }
              },
              "runAfter": {
                "Current_Item": [
                  "Succeeded"
                ]
              },
              "else": {
                "actions": {
                  "Apply_to_each_2": {
                    "foreach": "@outputs('List_rows')?['body/value']",
                    "actions": {
                      "Update_a_row": {
                        "runAfter": {},
                        "metadata": {
                          "operationMetadataId": "469a388e-f498-472f-a839-7a04b908974b"
                        },
                        "type": "OpenApiConnection",
                        "inputs": {
                          "host": {
                            "connectionName": "shared_commondataserviceforapps_2",
                            "operationId": "UpdateRecord",
                            "apiId": "/providers/Microsoft.PowerApps/apis/shared_commondataserviceforapps"
                          },
                          "parameters": {
                            "entityName": "new_demand_trackers",
                            "recordId": "@items('Apply_to_each_2')?['new_demand_trackerid']",
                            "item/new_demanddescription": "@items('Apply_to_each')?['Demand Description']",
                            "item/new_internaldemandstatus": "@if(\r\n  or(\r\n    equals(toLower(items('Apply_to_each')?['Internal Demand Status']), 'fulfilled'),\r\n    equals(toLower(items('Apply_to_each')?['Internal Demand Status']), 'cancelled')\r\n  ),\r\n  1,\r\n  0\r\n)\r\n",
                            "item/new_name": "@concat(items('Apply_to_each')?['SO Number'], '_', items('Apply_to_each')?['Demand Description'], '_', items('Apply_to_each')?['Skill'])",
                            "item/new_skill": "@items('Apply_to_each')?['Skill']",
                            "item/new_so_number": "@items('Apply_to_each')?['SO Number']",
                            "item/new_solution_center": "@if(equals(trim(items('Apply_to_each')?['SC']), 'AXSC'), 1, if(equals(trim(items('Apply_to_each')?['SC']), 'BAI'), 2, if(equals(trim(items('Apply_to_each')?['SC']), 'BPU'), 3, if(equals(trim(items('Apply_to_each')?['SC']), 'ISC'), 5, if(equals(trim(items('Apply_to_each')?['SC']), 'QEC'), 6, if(equals(trim(items('Apply_to_each')?['SC']), 'RPA'), 7, if(equals(trim(items('Apply_to_each')?['SC']), 'SAP'), 9, if(equals(trim(items('Apply_to_each')?['SC']), 'Gov'), 4, if(equals(trim(items('Apply_to_each')?['SC']), 'WSC'), 8, if(equals(trim(items('Apply_to_each')?['SC']), 'Governance'), 10, if(equals(trim(items('Apply_to_each')?['SC']), 'UK RUN'), 11, 12)))))))))))"
                          },
                          "authentication": "@parameters('$authentication')"
                        }
                      }
                    },
                    "runAfter": {},
                    "metadata": {
                      "operationMetadataId": "39416216-d7b5-49d4-852e-b64973512c42"
                    },
                    "type": "Foreach"
                  }
                }
              },
              "expression": {
                "equals": [
                  "@outputs('List_rows')?['body/value']",
                  "@outputs('Compose')"
                ]
              },
              "metadata": {
                "operationMetadataId": "71993904-68ea-4fc1-b05d-bd92bbdf73e7"
              },
              "type": "If"
            },
            "Current_Item": {
              "runAfter": {
                "List_rows": [
                  "Succeeded"
                ]
              },
              "metadata": {
                "operationMetadataId": "d6ec0933-79f3-4e9d-a70b-4b646f6224e6"
              },
              "type": "Compose",
              "inputs": "@item()"
            }
          },
          "runAfter": {
            "Compose": [
              "Succeeded"
            ]
          },
          "metadata": {
            "operationMetadataId": "b510d1e1-9711-4c26-a9dd-941cf5d7de71"
          },
          "type": "Foreach",
          "runtimeConfiguration": {
            "concurrency": {
              "repetitions": 50
            }
          }
        },
        "Compose": {
          "runAfter": {
            "List_rows_present_in_a_table": [
              "Succeeded"
            ]
          },
          "metadata": {
            "operationMetadataId": "5a9dd4d2-ebbe-4c81-82e5-71b1c13151ad"
          },
          "type": "Compose",
          "inputs": []
        },
        "Delay": {
          "runAfter": {
            "Apply_to_each": [
              "Succeeded"
            ]
          },
          "metadata": {
            "operationMetadataId": "1d5f0300-a932-4832-8590-3a44948cef81"
          },
          "type": "Wait",
          "inputs": {
            "interval": {
              "count": 1,
              "unit": "Minute"
            }
          }
        },
        "Delete_file": {
          "runAfter": {
            "Delay": [
              "Succeeded"
            ]
          },
          "metadata": {
            "operationMetadataId": "f380dd96-1174-4cf6-925a-7065d157b310"
          },
          "type": "OpenApiConnection",
          "inputs": {
            "host": {
              "connectionName": "shared_onedriveforbusiness_2",
              "operationId": "DeleteFile",
              "apiId": "/providers/Microsoft.PowerApps/apis/shared_onedriveforbusiness"
            },
            "parameters": {
              "id": "@outputs('Create_file')?['body/Id']"
            },
            "authentication": "@parameters('$authentication')"
          }
        },
        "Delay_2": {
          "runAfter": {
            "Delete_file": [
              "Succeeded"
            ]
          },
          "metadata": {
            "operationMetadataId": "ab9ec72d-3af3-40b4-8cb9-ba68fd243f53"
          },
          "type": "Wait",
          "inputs": {
            "interval": {
              "count": 3,
              "unit": "Second"
            }
          }
        }
      }
    },
    "templateName": ""
  },
  "schemaVersion": "1.0.0.0"
}