{
  "properties": {
    "connectionReferences": {
      "shared_excelonlinebusiness_1": {
        "runtimeSource": "invoker",
        "connection": {
          "connectionReferenceLogicalName": "new_sharedexcelonlinebusiness_68719"
        },
        "api": {
          "name": "shared_excelonlinebusiness"
        }
      },
      "shared_commondataserviceforapps": {
        "runtimeSource": "embedded",
        "connection": {
          "connectionReferenceLogicalName": "new_sharedcommondataserviceforapps_ae9fd"
        },
        "api": {
          "name": "shared_commondataserviceforapps"
        }
      },
      "shared_commondataserviceforapps_1": {
        "runtimeSource": "embedded",
        "connection": {
          "connectionReferenceLogicalName": "new_sharedcommondataserviceforapps_5201e"
        },
        "api": {
          "name": "shared_commondataserviceforapps"
        }
      }
    },
    "definition": {
      "$schema": "https://schema.management.azure.com/providers/Microsoft.Logic/schemas/2016-06-01/workflowdefinition.json#",
      "contentVersion": "1.0.0.0",
      "parameters": {
        "$connections": {
          "defaultValue": {},
          "type": "Object"
        },
        "$authentication": {
          "defaultValue": {},
          "type": "SecureObject"
        }
      },
      "triggers": {
        "manual": {
          "metadata": {
            "operationMetadataId": "29e4a894-04b3-4267-a029-ea41a2e4428b"
          },
          "type": "Request",
          "kind": "Button",
          "inputs": {
            "schema": {
              "type": "object",
              "properties": {
                "text": {
                  "title": "Input",
                  "type": "string",
                  "x-ms-dynamically-added": true,
                  "description": "Please enter your input",
                  "x-ms-content-hint": "TEXT"
                }
              },
              "required": [
                "text"
              ]
            }
          }
        }
      },
      "actions": {
        "List_rows_present_in_a_table": {
          "runAfter": {
            "Initialize_variable": [
              "Succeeded"
            ]
          },
          "metadata": {
            "01CPMC5SMIWLWA2H5DYZDLPTUT5I26OR2U": "/Copy of 2024 Resource Allocation.xlsx",
            "operationMetadataId": "8eaee30f-28aa-4f7f-aebc-5ad42497129a",
            "tableId": "{00000000-000C-0000-FFFF-FFFF03000000}",
            "01CPMC5SLQUJQOFN2QAVAYCON3DLLFYC22": "/2024 Resource Allocation (1).xlsx",
            "01G3CJ2UELM5VZTLWSLBBJPD7DHTOSQU4P": "/Documents/2024 Resource Allocation (1).xlsx",
            "01G3CJ2UH6FQ7ZUIFIRBCKWLQEJMCQZ6VQ": "/Documents/2024 Resource Allocation (2).xlsx",
            "01O6QBFHCZBFHSASVG2ZHK24KYPHCA3V52": "/Documents/2024 Resource Allocation.xlsx",
            "01O6QBFHDDNN4SK5JFGBBLEL4P2BVXQGMB": "/Documents/2024 Resource Allocation.xlsx",
            "01TKOMME5BCRB7FHDOZ5HZ3SMU66H47F7B": "/General/6. Time Booking/TheRASolution/2024 Resource Allocation.xlsx"
          },
          "type": "OpenApiConnection",
          "inputs": {
            "host": {
              "connectionName": "shared_excelonlinebusiness_1",
              "operationId": "GetItems",
              "apiId": "/providers/Microsoft.PowerApps/apis/shared_excelonlinebusiness"
            },
            "parameters": {
              "source": "groups/6f64175c-546d-45fe-ad05-38896302b78b",
              "drive": "b!KOA7Tp6Ou0u6FplXQnB_gigM_t0SpuVAkM3dc8E0r515aTNDMIrKSb_YQBa0C3Qw",
              "file": "01TKOMME5BCRB7FHDOZ5HZ3SMU66H47F7B",
              "table": "{00000000-000C-0000-FFFF-FFFF03000000}"
            },
            "authentication": {
              "type": "Raw",
              "value": "@json(decodeBase64(triggerOutputs().headers['X-MS-APIM-Tokens']))['$ConnectionKey']"
            }
          },
          "runtimeConfiguration": {
            "paginationPolicy": {
              "minimumItemCount": 100000
            }
          }
        },
        "Apply_to_each": {
          "foreach": "@outputs('List_rows_present_in_a_table')?['body/value']",
          "actions": {
            "Condition": {
              "actions": {},
              "runAfter": {},
              "else": {
                "actions": {
                  "Compose_4": {
                    "runAfter": {},
                    "metadata": {
                      "operationMetadataId": "032c019b-34eb-4e3b-953e-c321b7351836"
                    },
                    "type": "Compose",
                    "inputs": "@{outputs('Compose_3')?[trim(items('Apply_to_each')?['Billing level'])]} "
                  },
                  "Get_a_row_by_ID": {
                    "runAfter": {
                      "Compose": [
                        "Succeeded"
                      ]
                    },
                    "metadata": {
                      "operationMetadataId": "ae22f553-3c73-44a0-bcbb-2aaf91ef2b07"
                    },
                    "type": "OpenApiConnection",
                    "inputs": {
                      "host": {
                        "connectionName": "shared_commondataserviceforapps",
                        "operationId": "GetItem",
                        "apiId": "/providers/Microsoft.PowerApps/apis/shared_commondataserviceforapps"
                      },
                      "parameters": {
                        "entityName": "new_resourcetrackers",
                        "recordId": "@outputs('Compose_2')?[items('Apply_to_each')?['Resource CGEmailID']]"
                      },
                      "authentication": {
                        "type": "Raw",
                        "value": "@json(decodeBase64(triggerOutputs().headers['X-MS-APIM-Tokens']))['$ConnectionKey']"
                      }
                    }
                  },
                  "List_rows_6": {
                    "runAfter": {
                      "solution_center_-_get_a_row_by_ID": [
                        "Succeeded"
                      ]
                    },
                    "metadata": {
                      "operationMetadataId": "667056a7-4de9-4229-ae18-83636788c80f"
                    },
                    "type": "OpenApiConnection",
                    "inputs": {
                      "host": {
                        "connectionName": "shared_commondataserviceforapps",
                        "operationId": "ListRecords",
                        "apiId": "/providers/Microsoft.PowerApps/apis/shared_commondataserviceforapps"
                      },
                      "parameters": {
                        "entityName": "new_data_inputs",
                        "$filter": "_new_resourcetrackerlookup_value eq @{outputs('Compose_2')?[items('Apply_to_each')?['Resource CGEmailID']]} and _new_clarityprojectname_value eq @{outputs('Compose')?[items('Apply_to_each')?['Clarity_Project_Name']]} and new_year eq @{triggerBody()['text']}"
                      },
                      "authentication": {
                        "type": "Raw",
                        "value": "@json(decodeBase64(triggerOutputs().headers['X-MS-APIM-Tokens']))['$ConnectionKey']"
                      }
                    }
                  },
                  "Compose": {
                    "runAfter": {
                      "Current_item": [
                        "Succeeded"
                      ]
                    },
                    "metadata": {
                      "operationMetadataId": "27170db8-4c2d-4808-b715-af99e08c5313"
                    },
                    "type": "Compose",
                    "inputs": "@json(concat('{',join(body('Select'),','),'}'))"
                  },
                  "Current_item": {
                    "runAfter": {
                      "Compose_4": [
                        "Succeeded"
                      ]
                    },
                    "metadata": {
                      "operationMetadataId": "7ec3e18b-2bcb-4bf8-aab8-f51c1d8befb4"
                    },
                    "type": "Compose",
                    "inputs": "@item()"
                  },
                  "solution_center_-_get_a_row_by_ID": {
                    "runAfter": {
                      "Get_a_row_by_ID": [
                        "Succeeded"
                      ]
                    },
                    "metadata": {
                      "operationMetadataId": "8103fd9b-67a3-43a2-a846-3e9364ebffe6"
                    },
                    "type": "Compose",
                    "inputs": "@outputs('Get_a_row_by_ID')?['body/new_solutioncenter']"
                  },
                  "Condition_7": {
                    "actions": {
                      "Array": {
                        "runAfter": {},
                        "metadata": {
                          "operationMetadataId": "356b15fa-59c3-44cb-afd2-354d49504071"
                        },
                        "type": "Compose",
                        "inputs": "@split(outputs('solution_center_-_get_a_row_by_ID'),',')"
                      },
                      "Apply_to_each_3": {
                        "foreach": "@outputs('Array')",
                        "actions": {
                          "current_solution_center": {
                            "runAfter": {},
                            "metadata": {
                              "operationMetadataId": "a4dd228c-0c96-48fc-af28-e95090f9291a"
                            },
                            "type": "Compose",
                            "inputs": "@item()"
                          },
                          "Condition_8": {
                            "actions": {
                              "List_rows_3": {
                                "runAfter": {},
                                "metadata": {
                                  "operationMetadataId": "2c978b55-e1b7-4666-813d-648d99becc41"
                                },
                                "type": "OpenApiConnection",
                                "inputs": {
                                  "host": {
                                    "connectionName": "shared_commondataserviceforapps",
                                    "operationId": "ListRecords",
                                    "apiId": "/providers/Microsoft.PowerApps/apis/shared_commondataserviceforapps"
                                  },
                                  "parameters": {
                                    "entityName": "new_data_inputs",
                                    "$filter": "_new_resourcetrackerlookup_value eq @{outputs('Compose_2')?[items('Apply_to_each')?['Resource CGEmailID']]} and _new_clarityprojectname_value eq @{if(equals(item(), '1'), 'c44a9eb0-9085-ef11-ac20-00224838873d',\r\nif(equals(item(), '2'), 'b54a9eb0-9085-ef11-ac20-00224838873d',\r\nif(equals(item(), '3'), 'b44a9eb0-9085-ef11-ac20-00224838873d',\r\nif(equals(item(), '4'), 'ce4a9eb0-9085-ef11-ac20-00224838873d',\r\nif(equals(item(), '5'), '944a9eb0-9085-ef11-ac20-00224838873d',\r\nif(equals(item(), '6'), 'eb4a9eb0-9085-ef11-ac20-00224838873d',\r\nif(equals(item(), '7'), 'ff4a9eb0-9085-ef11-ac20-00224838873d',\r\nif(equals(item(), '8'), 'e24a9eb0-9085-ef11-ac20-00224838873d',\r\nif(equals(item(), '9'), '914a9eb0-9085-ef11-ac20-00224838873d', 0)))))))))\r\n} and new_year eq @{triggerBody()['text']}"
                                  },
                                  "authentication": {
                                    "type": "Raw",
                                    "value": "@json(decodeBase64(triggerOutputs().headers['X-MS-APIM-Tokens']))['$ConnectionKey']"
                                  }
                                }
                              },
                              "Condition_9": {
                                "actions": {},
                                "runAfter": {
                                  "Compose_9": [
                                    "Succeeded"
                                  ]
                                },
                                "else": {
                                  "actions": {
                                    "Apply_to_each_4": {
                                      "foreach": "@outputs('List_rows_3')?['body/value']",
                                      "actions": {
                                        "Current_item_List_Rows4_2": {
                                          "runAfter": {},
                                          "metadata": {
                                            "operationMetadataId": "eed0132f-1fcf-47ab-ae2d-10959ae44a94"
                                          },
                                          "type": "Compose",
                                          "inputs": "@item()"
                                        },
                                        "Condition_11": {
                                          "actions": {
                                            "Set_variable": {
                                              "runAfter": {},
                                              "metadata": {
                                                "operationMetadataId": "9f40bdf0-be5d-4648-8ab4-981cfc2d9c34"
                                              },
                                              "type": "SetVariable",
                                              "inputs": {
                                                "name": "choice",
                                                "value": 1
                                              }
                                            }
                                          },
                                          "runAfter": {
                                            "Current_item_List_Rows4_2": [
                                              "Succeeded"
                                            ]
                                          },
                                          "expression": {
                                            "or": [
                                              {
                                                "equals": [
                                                  "@outputs('Compose_8')",
                                                  "c44a9eb0-9085-ef11-ac20-00224838873d"
                                                ]
                                              },
                                              {
                                                "equals": [
                                                  "@outputs('Compose_8')",
                                                  "b54a9eb0-9085-ef11-ac20-00224838873d"
                                                ]
                                              },
                                              {
                                                "equals": [
                                                  "@outputs('Compose_8')",
                                                  "b44a9eb0-9085-ef11-ac20-00224838873d"
                                                ]
                                              },
                                              {
                                                "equals": [
                                                  "@outputs('Compose_8')",
                                                  "ce4a9eb0-9085-ef11-ac20-00224838873d"
                                                ]
                                              },
                                              {
                                                "equals": [
                                                  "@outputs('Compose_8')",
                                                  "944a9eb0-9085-ef11-ac20-00224838873d"
                                                ]
                                              },
                                              {
                                                "equals": [
                                                  "@outputs('Compose_8')",
                                                  "eb4a9eb0-9085-ef11-ac20-00224838873d"
                                                ]
                                              },
                                              {
                                                "equals": [
                                                  "@outputs('Compose_8')",
                                                  "ff4a9eb0-9085-ef11-ac20-00224838873d"
                                                ]
                                              },
                                              {
                                                "equals": [
                                                  "@outputs('Compose_8')",
                                                  "e24a9eb0-9085-ef11-ac20-00224838873d"
                                                ]
                                              },
                                              {
                                                "equals": [
                                                  "@outputs('Compose_8')",
                                                  "914a9eb0-9085-ef11-ac20-00224838873d"
                                                ]
                                              }
                                            ]
                                          },
                                          "metadata": {
                                            "operationMetadataId": "26aa09e6-e73b-4d5a-b347-dee6cf3b5e6f"
                                          },
                                          "type": "If"
                                        },
                                        "Condition_12": {
                                          "actions": {},
                                          "runAfter": {
                                            "Condition_11": [
                                              "Succeeded"
                                            ]
                                          },
                                          "else": {
                                            "actions": {
                                              "Update_a_row_3": {
                                                "runAfter": {},
                                                "metadata": {
                                                  "operationMetadataId": "86a9d36f-741b-4ed8-a2af-46a41633b4c5"
                                                },
                                                "type": "OpenApiConnection",
                                                "inputs": {
                                                  "host": {
                                                    "connectionName": "shared_commondataserviceforapps_1",
                                                    "operationId": "UpdateOnlyRecord",
                                                    "apiId": "/providers/Microsoft.PowerApps/apis/shared_commondataserviceforapps"
                                                  },
                                                  "parameters": {
                                                    "entityName": "new_data_inputs",
                                                    "recordId": "@items('Apply_to_each_4')?['new_data_inputid']",
                                                    "item/new_apr": "@max(\r\n  0,\r\n  if(\r\n    equals(items('Apply_to_each_4')?['new_apr'], 0),\r\n    0,\r\n    sub(\r\n      items('Apply_to_each_4')?['new_apr'],\r\n      if(\r\n        or(\r\n          equals(items('Apply_to_each')?[concat('Apr-', outputs('Compose_9'))], ''),\r\n          equals(items('Apply_to_each')?[concat('Apr-', outputs('Compose_9'))], null)\r\n        ),\r\n        0.0,\r\n        float(items('Apply_to_each')?[concat('Apr-', outputs('Compose_9'))])\r\n      )\r\n    )\r\n  )\r\n)\r\n",
                                                    "item/new_aug": "@max(\r\n  0,\r\n  if(\r\n    equals(items('Apply_to_each_4')?['new_aug'], 0),\r\n    0,\r\n    sub(\r\n      items('Apply_to_each_4')?['new_aug'],\r\n      if(\r\n        or(\r\n          equals(items('Apply_to_each')?[concat('Aug-', outputs('Compose_9'))], ''),\r\n          equals(items('Apply_to_each')?[concat('Aug-', outputs('Compose_9'))], null)\r\n        ),\r\n        0.0,\r\n        float(items('Apply_to_each')?[concat('Aug-', outputs('Compose_9'))])\r\n      )\r\n    )\r\n  )\r\n)\r\n",
                                                    "item/new_dec": "@max(\r\n  0,\r\n  if(\r\n    equals(items('Apply_to_each_4')?['new_dec'], 0),\r\n    0,\r\n    sub(\r\n      items('Apply_to_each_4')?['new_dec'],\r\n      if(\r\n        or(\r\n          equals(items('Apply_to_each')?[concat('Dec-', outputs('Compose_9'))], ''),\r\n          equals(items('Apply_to_each')?[concat('Dec-', outputs('Compose_9'))], null)\r\n        ),\r\n        0.0,\r\n        float(items('Apply_to_each')?[concat('Dec-', outputs('Compose_9'))])\r\n      )\r\n    )\r\n  )\r\n)\r\n",
                                                    "item/new_feb": "@max(\r\n  0,\r\n  if(\r\n    equals(items('Apply_to_each_4')?['new_feb'], 0),\r\n    0,\r\n    sub(\r\n      items('Apply_to_each_4')?['new_feb'],\r\n      if(\r\n        or(\r\n          equals(items('Apply_to_each')?[concat('Feb-', outputs('Compose_9'))], ''),\r\n          equals(items('Apply_to_each')?[concat('Feb-', outputs('Compose_9'))], null)\r\n        ),\r\n        0.0,\r\n        float(items('Apply_to_each')?[concat('Feb-', outputs('Compose_9'))])\r\n      )\r\n    )\r\n  )\r\n)\r\n",
                                                    "item/new_jan": "@max(0, if(\r\n  equals(items('Apply_to_each_4')?['new_jan'], 0),\r\n  0,\r\n  sub(\r\n    items('Apply_to_each_4')?['new_jan'],\r\n    if(\r\n      or(\r\n        equals(items('Apply_to_each')?[concat('Jan-', outputs('Compose_9'))], ''),\r\n        equals(items('Apply_to_each')?[concat('Jan-', outputs('Compose_9'))], null)\r\n      ),\r\n      0.0,\r\n      float(items('Apply_to_each')?[concat('Jan-', outputs('Compose_9'))])\r\n    )\r\n  )\r\n))",
                                                    "item/new_jul": "@max(0, if(\r\n  equals(items('Apply_to_each_4')?['new_jul'], 0),\r\n  0,\r\n  sub(\r\n    items('Apply_to_each_4')?['new_jul'],\r\n    if(\r\n      or(\r\n        equals(items('Apply_to_each')?[concat('Jul-', outputs('Compose_9'))], ''),\r\n        equals(items('Apply_to_each')?[concat('Jul-', outputs('Compose_9'))], null)\r\n      ),\r\n      0.0,\r\n      float(items('Apply_to_each')?[concat('Jul-', outputs('Compose_9'))])\r\n    )\r\n  )\r\n))",
                                                    "item/new_jun": "@max(0, if(\r\n  equals(items('Apply_to_each_4')?['new_jun'], 0),\r\n  0,\r\n  sub(\r\n    items('Apply_to_each_4')?['new_jun'],\r\n    if(\r\n      or(\r\n        equals(items('Apply_to_each')?[concat('Jun-', outputs('Compose_9'))], ''),\r\n        equals(items('Apply_to_each')?[concat('Jun-', outputs('Compose_9'))], null)\r\n      ),\r\n      0.0,\r\n      float(items('Apply_to_each')?[concat('Jun-', outputs('Compose_9'))])\r\n    )\r\n  )\r\n))",
                                                    "item/new_mar": "@max(0, if(\r\n  equals(items('Apply_to_each_4')?['new_mar'], 0),\r\n  0,\r\n  sub(\r\n    items('Apply_to_each_4')?['new_mar'],\r\n    if(\r\n      or(\r\n        equals(items('Apply_to_each')?[concat('Mar-', outputs('Compose_9'))], ''),\r\n        equals(items('Apply_to_each')?[concat('Mar-', outputs('Compose_9'))], null)\r\n      ),\r\n      0.0,\r\n      float(items('Apply_to_each')?[concat('Mar-', outputs('Compose_9'))])\r\n    )\r\n  )\r\n))",
                                                    "item/new_may": "@max(0, if(\r\n  equals(items('Apply_to_each_4')?['new_may'], 0),\r\n  0,\r\n  sub(\r\n    items('Apply_to_each_4')?['new_may'],\r\n    if(\r\n      or(\r\n        equals(items('Apply_to_each')?[concat('May-', outputs('Compose_9'))], ''),\r\n        equals(items('Apply_to_each')?[concat('May-', outputs('Compose_9'))], null)\r\n      ),\r\n      0.0,\r\n      float(items('Apply_to_each')?[concat('May-', outputs('Compose_9'))])\r\n    )\r\n  )\r\n))",
                                                    "item/new_nov": "@max(0, if(\r\n  equals(items('Apply_to_each_4')?['new_nov'], 0),\r\n  0,\r\n  sub(\r\n    items('Apply_to_each_4')?['new_nov'],\r\n    if(\r\n      or(\r\n        equals(items('Apply_to_each')?[concat('Nov-', outputs('Compose_9'))], ''),\r\n        equals(items('Apply_to_each')?[concat('Nov-', outputs('Compose_9'))], null)\r\n      ),\r\n      0.0,\r\n      float(items('Apply_to_each')?[concat('Nov-', outputs('Compose_9'))])\r\n    )\r\n  )\r\n))",
                                                    "item/new_oct": "@max(0, if(\r\n  equals(items('Apply_to_each_4')?['new_oct'], 0),\r\n  0,\r\n  sub(\r\n    items('Apply_to_each_4')?['new_oct'],\r\n    if(\r\n      or(\r\n        equals(items('Apply_to_each')?[concat('Oct-', outputs('Compose_9'))], ''),\r\n        equals(items('Apply_to_each')?[concat('Oct-', outputs('Compose_9'))], null)\r\n      ),\r\n      0.0,\r\n      float(items('Apply_to_each')?[concat('Oct-', outputs('Compose_9'))])\r\n    )\r\n  )\r\n))",
                                                    "item/new_sep": "@max(0, if(\r\n  equals(items('Apply_to_each_4')?['new_sep'], 0),\r\n  0,\r\n  sub(\r\n    items('Apply_to_each_4')?['new_sep'],\r\n    if(\r\n      or(\r\n        equals(items('Apply_to_each')?[concat('Sep-', outputs('Compose_9'))], ''),\r\n        equals(items('Apply_to_each')?[concat('Sep-', outputs('Compose_9'))], null)\r\n      ),\r\n      0.0,\r\n      float(items('Apply_to_each')?[concat('Sep-', outputs('Compose_9'))])\r\n    )\r\n  )\r\n)\r\n)"
                                                  },
                                                  "authentication": {
                                                    "type": "Raw",
                                                    "value": "@json(decodeBase64(triggerOutputs().headers['X-MS-APIM-Tokens']))['$ConnectionKey']"
                                                  }
                                                }
                                              }
                                            }
                                          },
                                          "expression": {
                                            "equals": [
                                              "@items('Apply_to_each_4')?['_new_clarityprojectname_value']",
                                              "@outputs('Compose')?[items('Apply_to_each')?['Clarity_Project_Name']]"
                                            ]
                                          },
                                          "metadata": {
                                            "operationMetadataId": "7849de59-9b5e-441d-9aab-c8f6254f5b8d"
                                          },
                                          "type": "If"
                                        }
                                      },
                                      "runAfter": {},
                                      "metadata": {
                                        "operationMetadataId": "4247fa55-603f-401b-bea0-f4390f56a5ae"
                                      },
                                      "type": "Foreach"
                                    }
                                  }
                                },
                                "expression": {
                                  "equals": [
                                    "@outputs('List_rows_3')?['body/value']",
                                    "@outputs('Compose_5')"
                                  ]
                                },
                                "metadata": {
                                  "operationMetadataId": "cdf8c740-aaad-464d-ba86-6eddb1a42dd0"
                                },
                                "type": "If"
                              },
                              "Condition_10": {
                                "actions": {
                                  "Add_a_new_row_2": {
                                    "runAfter": {},
                                    "metadata": {
                                      "operationMetadataId": "5764a945-8fca-4877-809c-afa7b8393be8"
                                    },
                                    "type": "OpenApiConnection",
                                    "inputs": {
                                      "host": {
                                        "connectionName": "shared_commondataserviceforapps",
                                        "operationId": "CreateRecord",
                                        "apiId": "/providers/Microsoft.PowerApps/apis/shared_commondataserviceforapps"
                                      },
                                      "parameters": {
                                        "entityName": "new_data_inputs",
                                        "item/new_apr": "@if(empty(items('Apply_to_each')?[concat('Apr-', outputs('Compose_9'))]), 0.0, items('Apply_to_each')?[concat('Apr-', outputs('Compose_9'))])",
                                        "item/new_aug": "@if(empty(items('Apply_to_each')?[concat('Aug-', outputs('Compose_9'))]), 0.0, items('Apply_to_each')?[concat('Aug-', outputs('Compose_9'))])",
                                        "item/new_BillingTable@odata.bind": "new_billingtables(@{outputs('Compose_4')})",
                                        "item/new_ClarityProjectName@odata.bind": "new_referentials(@{outputs('Compose')?[items('Apply_to_each')?['Clarity_Project_Name']]})",
                                        "item/new_dec": "@if(empty(items('Apply_to_each')?[concat('Dec-', outputs('Compose_9'))]), 0.0, items('Apply_to_each')?[concat('Dec-', outputs('Compose_9'))])",
                                        "item/new_feb": "@if(empty(items('Apply_to_each')?[concat('Feb-', outputs('Compose_9'))]), 0.0, items('Apply_to_each')?[concat('Feb-', outputs('Compose_9'))])",
                                        "item/new_jan": "@if(empty(items('Apply_to_each')?[concat('Jan-', outputs('Compose_9'))]), 0.0, items('Apply_to_each')?[concat('Jan-', outputs('Compose_9'))])",
                                        "item/new_jul": "@if(empty(items('Apply_to_each')?[concat('Jul-', outputs('Compose_9'))]), 0.0, items('Apply_to_each')?[concat('Jul-', outputs('Compose_9'))])",
                                        "item/new_jun": "@if(empty(items('Apply_to_each')?[concat('Jun-', outputs('Compose_9'))]), 0.0, items('Apply_to_each')?[concat('Jun-', outputs('Compose_9'))])",
                                        "item/new_mar": "@if(empty(items('Apply_to_each')?[concat('Mar-', outputs('Compose_9'))]), 0.0, items('Apply_to_each')?[concat('Mar-', outputs('Compose_9'))])",
                                        "item/new_may": "@if(empty(items('Apply_to_each')?[concat('May-', outputs('Compose_9'))]), 0.0, items('Apply_to_each')?[concat('May-', outputs('Compose_9'))])",
                                        "item/new_nov": "@if(empty(items('Apply_to_each')?[concat('Nov-', outputs('Compose_9'))]), 0.0, items('Apply_to_each')?[concat('Nov-', outputs('Compose_9'))])",
                                        "item/new_oct": "@if(empty(items('Apply_to_each')?[concat('Oct-', outputs('Compose_9'))]), 0.0, items('Apply_to_each')?[concat('Oct-', outputs('Compose_9'))])",
                                        "item/new_ResourceTrackerlookup@odata.bind": "new_resourcetrackers(@{outputs('Compose_2')?[items('Apply_to_each')?['Resource CGEmailID']]})",
                                        "item/new_sep": "@if(empty(items('Apply_to_each')?[concat('Sep-', outputs('Compose_9'))]), 0.0, items('Apply_to_each')?[concat('Sep-', outputs('Compose_9'))])",
                                        "item/new_shift": "@if(equals(items('Apply_to_each')?['Shift'], 'Morning Shift'), 1, if(equals(items('Apply_to_each')?['Shift'], 'Evening Shift'), 2, if(equals(items('Apply_to_each')?['Shift'], 'Afternoon Shift'), 3, if(equals(items('Apply_to_each')?['Shift'], 'No Shift'), 4, 5))))",
                                        "item/new_year": "@triggerBody()['text']",
                                        "item/new_zeroallocation": "@items('Apply_to_each')?['Zero Allocation Check ']"
                                      },
                                      "authentication": {
                                        "type": "Raw",
                                        "value": "@json(decodeBase64(triggerOutputs().headers['X-MS-APIM-Tokens']))['$ConnectionKey']"
                                      }
                                    }
                                  }
                                },
                                "runAfter": {
                                  "Condition_9": [
                                    "Succeeded"
                                  ]
                                },
                                "else": {
                                  "actions": {
                                    "Update_a_row_4": {
                                      "runAfter": {},
                                      "metadata": {
                                        "operationMetadataId": "e0b4fba3-8a3f-45ef-8ff2-2231a65bc7cc"
                                      },
                                      "type": "OpenApiConnection",
                                      "inputs": {
                                        "host": {
                                          "connectionName": "shared_commondataserviceforapps",
                                          "operationId": "UpdateRecord",
                                          "apiId": "/providers/Microsoft.PowerApps/apis/shared_commondataserviceforapps"
                                        },
                                        "parameters": {
                                          "entityName": "new_data_inputs",
                                          "recordId": "@outputs('List_rows_6')?['body/value'][0]['new_data_inputid']",
                                          "item/new_apr": "@if(empty(items('Apply_to_each')?[concat('Apr-', outputs('Compose_9'))]), 0.0, items('Apply_to_each')?[concat('Apr-', outputs('Compose_9'))])",
                                          "item/new_aug": "@if(empty(items('Apply_to_each')?[concat('Aug-', outputs('Compose_9'))]), 0.0, items('Apply_to_each')?[concat('Aug-', outputs('Compose_9'))])",
                                          "item/new_ClarityProjectName@odata.bind": "new_referentials(@{outputs('Compose')?[items('Apply_to_each')?['Clarity_Project_Name']]})",
                                          "item/new_dec": "@if(empty(items('Apply_to_each')?[concat('Dec-', outputs('Compose_9'))]), 0.0, items('Apply_to_each')?[concat('Dec-', outputs('Compose_9'))])",
                                          "item/new_feb": "@if(empty(items('Apply_to_each')?[concat('Feb-', outputs('Compose_9'))]), 0.0, items('Apply_to_each')?[concat('Feb-', outputs('Compose_9'))])",
                                          "item/new_jan": "@if(empty(items('Apply_to_each')?[concat('Jan-', outputs('Compose_9'))]), 0.0, items('Apply_to_each')?[concat('Jan-', outputs('Compose_9'))])",
                                          "item/new_jul": "@if(empty(items('Apply_to_each')?[concat('Jul-', outputs('Compose_9'))]), 0.0, items('Apply_to_each')?[concat('Jul-', outputs('Compose_9'))])",
                                          "item/new_jun": "@if(empty(items('Apply_to_each')?[concat('Jun-', outputs('Compose_9'))]), 0.0, items('Apply_to_each')?[concat('Jun-', outputs('Compose_9'))])",
                                          "item/new_mar": "@if(empty(items('Apply_to_each')?[concat('Mar-', outputs('Compose_9'))]), 0.0, items('Apply_to_each')?[concat('Mar-', outputs('Compose_9'))])",
                                          "item/new_may": "@if(empty(items('Apply_to_each')?[concat('May-', outputs('Compose_9'))]), 0.0, items('Apply_to_each')?[concat('May-', outputs('Compose_9'))])",
                                          "item/new_nov": "@if(empty(items('Apply_to_each')?[concat('Nov-', outputs('Compose_9'))]), 0.0, items('Apply_to_each')?[concat('Nov-', outputs('Compose_9'))])",
                                          "item/new_oct": "@if(empty(items('Apply_to_each')?[concat('Oct-', outputs('Compose_9'))]), 0.0, items('Apply_to_each')?[concat('Oct-', outputs('Compose_9'))])",
                                          "item/new_ResourceTrackerlookup@odata.bind": "new_resourcetrackers(@{outputs('Compose_2')?[items('Apply_to_each')?['Resource CGEmailID']]})",
                                          "item/new_sep": "@if(empty(items('Apply_to_each')?[concat('Sep-', outputs('Compose_9'))]), 0.0, items('Apply_to_each')?[concat('Sep-', outputs('Compose_9'))])",
                                          "item/new_shift": "@if(equals(items('Apply_to_each')?['Shift'], 'Morning Shift'), 1, if(equals(items('Apply_to_each')?['Shift'], 'Evening Shift'), 2, if(equals(items('Apply_to_each')?['Shift'], 'Afternoon Shift'), 3, if(equals(items('Apply_to_each')?['Shift'], 'No Shift'), 4, 5))))",
                                          "item/new_year": "@triggerBody()['text']",
                                          "item/new_zeroallocation": "@items('Apply_to_each')?['Zero Allocation Check ']"
                                        },
                                        "authentication": {
                                          "type": "Raw",
                                          "value": "@json(decodeBase64(triggerOutputs().headers['X-MS-APIM-Tokens']))['$ConnectionKey']"
                                        }
                                      }
                                    }
                                  }
                                },
                                "expression": {
                                  "equals": [
                                    "@outputs('List_rows_6')?['body/value']",
                                    "@outputs('Compose_5')"
                                  ]
                                },
                                "metadata": {
                                  "operationMetadataId": "1170f3ef-9512-45b7-b537-123dd5a2bf5b"
                                },
                                "type": "If"
                              },
                              "Compose_8": {
                                "runAfter": {
                                  "List_rows_3": [
                                    "Succeeded"
                                  ]
                                },
                                "metadata": {
                                  "operationMetadataId": "d9304dd4-46a5-4a39-b2ca-a7236e33dac4"
                                },
                                "type": "Compose",
                                "inputs": "@if(equals(item(), '1'), 'c44a9eb0-9085-ef11-ac20-00224838873d',\r\nif(equals(item(), '2'), 'b54a9eb0-9085-ef11-ac20-00224838873d',\r\nif(equals(item(), '3'), 'b44a9eb0-9085-ef11-ac20-00224838873d',\r\nif(equals(item(), '4'), 'ce4a9eb0-9085-ef11-ac20-00224838873d',\r\nif(equals(item(), '5'), '944a9eb0-9085-ef11-ac20-00224838873d',\r\nif(equals(item(), '6'), 'eb4a9eb0-9085-ef11-ac20-00224838873d',\r\nif(equals(item(), '7'), 'ff4a9eb0-9085-ef11-ac20-00224838873d',\r\nif(equals(item(), '8'), 'e24a9eb0-9085-ef11-ac20-00224838873d',\r\nif(equals(item(), '9'), '914a9eb0-9085-ef11-ac20-00224838873d', 0)))))))))\r\n"
                              },
                              "Compose_9": {
                                "runAfter": {
                                  "Compose_8": [
                                    "Succeeded"
                                  ]
                                },
                                "metadata": {
                                  "operationMetadataId": "9a21af7b-97b5-4f97-a91a-f3bf7faa8146"
                                },
                                "type": "Compose",
                                "inputs": "@substring(triggerBody()['text'], 2)"
                              }
                            },
                            "runAfter": {
                              "current_solution_center": [
                                "Succeeded"
                              ]
                            },
                            "expression": {
                              "or": [
                                {
                                  "equals": [
                                    "@outputs('Get_a_row_by_ID')?['body/new_lwd']",
                                    "@null"
                                  ]
                                },
                                {
                                  "equals": [
                                    "@formatDateTime(outputs('Get_a_row_by_ID')?['body/new_lwd'], 'yyyy')",
                                    "@string(triggerBody()['text'])"
                                  ]
                                }
                              ]
                            },
                            "metadata": {
                              "operationMetadataId": "9df89411-c37a-4ac4-8a60-5cdf48a6ed40"
                            },
                            "type": "If"
                          }
                        },
                        "runAfter": {
                          "Array": [
                            "Succeeded"
                          ]
                        },
                        "metadata": {
                          "operationMetadataId": "46b023ef-699e-407e-8dc5-7f9562b4ed14"
                        },
                        "type": "Foreach"
                      }
                    },
                    "runAfter": {
                      "List_rows_6": [
                        "Succeeded"
                      ]
                    },
                    "else": {
                      "actions": {
                        "Condition_4": {
                          "actions": {
                            "List_rows_4": {
                              "runAfter": {},
                              "metadata": {
                                "operationMetadataId": "2c978b55-e1b7-4666-813d-648d99becc41"
                              },
                              "type": "OpenApiConnection",
                              "inputs": {
                                "host": {
                                  "connectionName": "shared_commondataserviceforapps",
                                  "operationId": "ListRecords",
                                  "apiId": "/providers/Microsoft.PowerApps/apis/shared_commondataserviceforapps"
                                },
                                "parameters": {
                                  "entityName": "new_data_inputs",
                                  "$filter": "_new_resourcetrackerlookup_value eq @{outputs('Compose_2')?[items('Apply_to_each')?['Resource CGEmailID']]} and _new_clarityprojectname_value eq @{if(equals(outputs('Get_a_row_by_ID')?['body/new_solutioncenter'],'1'),'c44a9eb0-9085-ef11-ac20-00224838873d',\r\nif(equals(outputs('Get_a_row_by_ID')?['body/new_solutioncenter'],'2'),'b54a9eb0-9085-ef11-ac20-00224838873d',\r\nif(equals(outputs('Get_a_row_by_ID')?['body/new_solutioncenter'],'3'),'b44a9eb0-9085-ef11-ac20-00224838873d',\r\nif(equals(outputs('Get_a_row_by_ID')?['body/new_solutioncenter'],'4'),'ce4a9eb0-9085-ef11-ac20-00224838873d',\r\nif(equals(outputs('Get_a_row_by_ID')?['body/new_solutioncenter'],'5'),'944a9eb0-9085-ef11-ac20-00224838873d',\r\nif(equals(outputs('Get_a_row_by_ID')?['body/new_solutioncenter'],'6'),'eb4a9eb0-9085-ef11-ac20-00224838873d',\r\nif(equals(outputs('Get_a_row_by_ID')?['body/new_solutioncenter'],'7'),'ff4a9eb0-9085-ef11-ac20-00224838873d',\r\nif(equals(outputs('Get_a_row_by_ID')?['body/new_solutioncenter'],'8'),'e24a9eb0-9085-ef11-ac20-00224838873d',\r\nif(equals(outputs('Get_a_row_by_ID')?['body/new_solutioncenter'],'9'),'914a9eb0-9085-ef11-ac20-00224838873d',0\r\n)))))))))\r\n} and new_year eq @{triggerBody()['text']}"
                                },
                                "authentication": {
                                  "type": "Raw",
                                  "value": "@json(decodeBase64(triggerOutputs().headers['X-MS-APIM-Tokens']))['$ConnectionKey']"
                                }
                              }
                            },
                            "Condition_3": {
                              "actions": {},
                              "runAfter": {
                                "Compose_7": [
                                  "Succeeded"
                                ]
                              },
                              "else": {
                                "actions": {
                                  "Apply_to_each_2": {
                                    "foreach": "@outputs('List_rows_4')?['body/value']",
                                    "actions": {
                                      "Current_item_List_Rows4": {
                                        "runAfter": {},
                                        "metadata": {
                                          "operationMetadataId": "eed0132f-1fcf-47ab-ae2d-10959ae44a94"
                                        },
                                        "type": "Compose",
                                        "inputs": "@item()"
                                      },
                                      "Condition_5": {
                                        "actions": {
                                          "Condition_6": {
                                            "actions": {},
                                            "runAfter": {},
                                            "else": {
                                              "actions": {
                                                "Update_a_row": {
                                                  "runAfter": {},
                                                  "metadata": {
                                                    "operationMetadataId": "3a68aab1-9a5a-467c-b485-cd99a65e41bb"
                                                  },
                                                  "type": "OpenApiConnection",
                                                  "inputs": {
                                                    "host": {
                                                      "connectionName": "shared_commondataserviceforapps",
                                                      "operationId": "UpdateRecord",
                                                      "apiId": "/providers/Microsoft.PowerApps/apis/shared_commondataserviceforapps"
                                                    },
                                                    "parameters": {
                                                      "entityName": "new_data_inputs",
                                                      "recordId": "@items('Apply_to_each_2')?['new_data_inputid']",
                                                      "item/new_apr": "@max(\r\n  0,\r\n  if(\r\n    equals(items('Apply_to_each_2')?['new_apr'], 0),\r\n    0,\r\n    sub(\r\n      items('Apply_to_each_2')?['new_apr'],\r\n      if(\r\n        or(\r\n          equals(items('Apply_to_each')?[concat('Apr-', outputs('Compose_7'))], ''),\r\n          equals(items('Apply_to_each')?[concat('Apr-', outputs('Compose_7'))], null)\r\n        ),\r\n        0.0,\r\n        float(items('Apply_to_each')?[concat('Apr-', outputs('Compose_7'))])\r\n      )\r\n    )\r\n  )\r\n)\r\n",
                                                      "item/new_aug": "@max(\r\n  0,\r\n  if(\r\n    equals(items('Apply_to_each_2')?['new_aug'], 0),\r\n    0,\r\n    sub(\r\n      items('Apply_to_each_2')?['new_aug'],\r\n      if(\r\n        or(\r\n          equals(items('Apply_to_each')?[concat('Aug-', outputs('Compose_7'))], ''),\r\n          equals(items('Apply_to_each')?[concat('Aug-', outputs('Compose_7'))], null)\r\n        ),\r\n        0.0,\r\n        float(items('Apply_to_each')?[concat('Aug-', outputs('Compose_7'))])\r\n      )\r\n    )\r\n  )\r\n)\r\n",
                                                      "item/new_dec": "@max(\r\n  0,\r\n  if(\r\n    equals(items('Apply_to_each_2')?['new_dec'], 0),\r\n    0,\r\n    sub(\r\n      items('Apply_to_each_2')?['new_dec'],\r\n      if(\r\n        or(\r\n          equals(items('Apply_to_each')?[concat('Dec-', outputs('Compose_7'))], ''),\r\n          equals(items('Apply_to_each')?[concat('Dec-', outputs('Compose_7'))], null)\r\n        ),\r\n        0.0,\r\n        float(items('Apply_to_each')?[concat('Dec-', outputs('Compose_7'))])\r\n      )\r\n    )\r\n  )\r\n)\r\n",
                                                      "item/new_feb": "@max(\r\n  0,\r\n  if(\r\n    equals(items('Apply_to_each_2')?['new_feb'], 0),\r\n    0,\r\n    sub(\r\n      items('Apply_to_each_2')?['new_feb'],\r\n      if(\r\n        or(\r\n          equals(items('Apply_to_each')?[concat('Feb-', outputs('Compose_7'))], ''),\r\n          equals(items('Apply_to_each')?[concat('Feb-', outputs('Compose_7'))], null)\r\n        ),\r\n        0.0,\r\n        float(items('Apply_to_each')?[concat('Feb-', outputs('Compose_7'))])\r\n      )\r\n    )\r\n  )\r\n)\r\n",
                                                      "item/new_jan": "@max(0, if(\r\n  equals(items('Apply_to_each_2')?['new_jan'], 0),\r\n  0,\r\n  sub(\r\n    items('Apply_to_each_2')?['new_jan'],\r\n    if(\r\n      or(\r\n        equals(items('Apply_to_each')?[concat('Jan-', outputs('Compose_7'))], ''),\r\n        equals(items('Apply_to_each')?[concat('Jan-', outputs('Compose_7'))], null)\r\n      ),\r\n      0.0,\r\n      float(items('Apply_to_each')?[concat('Jan-', outputs('Compose_7'))])\r\n    )\r\n  )\r\n))",
                                                      "item/new_jul": "@max(0, if(\r\n  equals(items('Apply_to_each_2')?['new_jul'], 0),\r\n  0,\r\n  sub(\r\n    items('Apply_to_each_2')?['new_jul'],\r\n    if(\r\n      or(\r\n        equals(items('Apply_to_each')?[concat('Jul-', outputs('Compose_7'))], ''),\r\n        equals(items('Apply_to_each')?[concat('Jul-', outputs('Compose_7'))], null)\r\n      ),\r\n      0.0,\r\n      float(items('Apply_to_each')?[concat('Jul-', outputs('Compose_7'))])\r\n    )\r\n  )\r\n))",
                                                      "item/new_jun": "@max(0, if(\r\n  equals(items('Apply_to_each_2')?['new_jun'], 0),\r\n  0,\r\n  sub(\r\n    items('Apply_to_each_2')?['new_jun'],\r\n    if(\r\n      or(\r\n        equals(items('Apply_to_each')?[concat('Jun-', outputs('Compose_7'))], ''),\r\n        equals(items('Apply_to_each')?[concat('Jun-', outputs('Compose_7'))], null)\r\n      ),\r\n      0.0,\r\n      float(items('Apply_to_each')?[concat('Jun-', outputs('Compose_7'))])\r\n    )\r\n  )\r\n))",
                                                      "item/new_mar": "@max(0, if(\r\n  equals(items('Apply_to_each_2')?['new_mar'], 0),\r\n  0,\r\n  sub(\r\n    items('Apply_to_each_2')?['new_mar'],\r\n    if(\r\n      or(\r\n        equals(items('Apply_to_each')?[concat('Mar-', outputs('Compose_7'))], ''),\r\n        equals(items('Apply_to_each')?[concat('Mar-', outputs('Compose_7'))], null)\r\n      ),\r\n      0.0,\r\n      float(items('Apply_to_each')?[concat('Mar-', outputs('Compose_7'))])\r\n    )\r\n  )\r\n))",
                                                      "item/new_may": "@max(0, if(\r\n  equals(items('Apply_to_each_2')?['new_may'], 0),\r\n  0,\r\n  sub(\r\n    items('Apply_to_each_2')?['new_may'],\r\n    if(\r\n      or(\r\n        equals(items('Apply_to_each')?[concat('May-', outputs('Compose_7'))], ''),\r\n        equals(items('Apply_to_each')?[concat('May-', outputs('Compose_7'))], null)\r\n      ),\r\n      0.0,\r\n      float(items('Apply_to_each')?[concat('May-', outputs('Compose_7'))])\r\n    )\r\n  )\r\n))",
                                                      "item/new_nov": "@max(0, if(\r\n  equals(items('Apply_to_each_2')?['new_nov'], 0),\r\n  0,\r\n  sub(\r\n    items('Apply_to_each_2')?['new_nov'],\r\n    if(\r\n      or(\r\n        equals(items('Apply_to_each')?[concat('Nov-', outputs('Compose_7'))], ''),\r\n        equals(items('Apply_to_each')?[concat('Nov-', outputs('Compose_7'))], null)\r\n      ),\r\n      0.0,\r\n      float(items('Apply_to_each')?[concat('Nov-', outputs('Compose_7'))])\r\n    )\r\n  )\r\n))",
                                                      "item/new_oct": "@max(0, if(\r\n  equals(items('Apply_to_each_2')?['new_oct'], 0),\r\n  0,\r\n  sub(\r\n    items('Apply_to_each_2')?['new_oct'],\r\n    if(\r\n      or(\r\n        equals(items('Apply_to_each')?[concat('Oct-', outputs('Compose_7'))], ''),\r\n        equals(items('Apply_to_each')?[concat('Oct-', outputs('Compose_7'))], null)\r\n      ),\r\n      0.0,\r\n      float(items('Apply_to_each')?[concat('Oct-', outputs('Compose_7'))])\r\n    )\r\n  )\r\n))",
                                                      "item/new_sep": "@max(0, if(\r\n  equals(items('Apply_to_each_2')?['new_sep'], 0),\r\n  0,\r\n  sub(\r\n    items('Apply_to_each_2')?['new_sep'],\r\n    if(\r\n      or(\r\n        equals(items('Apply_to_each')?[concat('Sep-', outputs('Compose_7'))], ''),\r\n        equals(items('Apply_to_each')?[concat('Sep-', outputs('Compose_7'))], null)\r\n      ),\r\n      0.0,\r\n      float(items('Apply_to_each')?[concat('Sep-', outputs('Compose_7'))])\r\n    )\r\n  )\r\n)\r\n)",
                                                      "item/new_year": "@triggerBody()['text']"
                                                    },
                                                    "authentication": {
                                                      "type": "Raw",
                                                      "value": "@json(decodeBase64(triggerOutputs().headers['X-MS-APIM-Tokens']))['$ConnectionKey']"
                                                    }
                                                  }
                                                }
                                              }
                                            },
                                            "expression": {
                                              "equals": [
                                                "@items('Apply_to_each_2')?['_new_clarityprojectname_value']",
                                                "@outputs('Compose')?[items('Apply_to_each')?['Clarity_Project_Name']]"
                                              ]
                                            },
                                            "metadata": {
                                              "operationMetadataId": "a67f0421-e4ab-4429-9309-2b3f09382f4a"
                                            },
                                            "type": "If"
                                          }
                                        },
                                        "runAfter": {
                                          "Current_item_List_Rows4": [
                                            "Succeeded"
                                          ]
                                        },
                                        "expression": {
                                          "or": [
                                            {
                                              "equals": [
                                                "@outputs('Compose_6')",
                                                "c44a9eb0-9085-ef11-ac20-00224838873d"
                                              ]
                                            },
                                            {
                                              "equals": [
                                                "@outputs('Compose_6')",
                                                "b54a9eb0-9085-ef11-ac20-00224838873d"
                                              ]
                                            },
                                            {
                                              "equals": [
                                                "@outputs('Compose_6')",
                                                "b44a9eb0-9085-ef11-ac20-00224838873d"
                                              ]
                                            },
                                            {
                                              "equals": [
                                                "@outputs('Compose_6')",
                                                "ce4a9eb0-9085-ef11-ac20-00224838873d"
                                              ]
                                            },
                                            {
                                              "equals": [
                                                "@outputs('Compose_6')",
                                                "944a9eb0-9085-ef11-ac20-00224838873d"
                                              ]
                                            },
                                            {
                                              "equals": [
                                                "@outputs('Compose_6')",
                                                "eb4a9eb0-9085-ef11-ac20-00224838873d"
                                              ]
                                            },
                                            {
                                              "equals": [
                                                "@outputs('Compose_6')",
                                                "ff4a9eb0-9085-ef11-ac20-00224838873d"
                                              ]
                                            },
                                            {
                                              "equals": [
                                                "@outputs('Compose_6')",
                                                "e24a9eb0-9085-ef11-ac20-00224838873d"
                                              ]
                                            },
                                            {
                                              "equals": [
                                                "@outputs('Compose_6')",
                                                "914a9eb0-9085-ef11-ac20-00224838873d"
                                              ]
                                            }
                                          ]
                                        },
                                        "metadata": {
                                          "operationMetadataId": "26aa09e6-e73b-4d5a-b347-dee6cf3b5e6f"
                                        },
                                        "type": "If"
                                      }
                                    },
                                    "runAfter": {},
                                    "metadata": {
                                      "operationMetadataId": "4247fa55-603f-401b-bea0-f4390f56a5ae"
                                    },
                                    "type": "Foreach"
                                  }
                                }
                              },
                              "expression": {
                                "equals": [
                                  "@outputs('List_rows_4')?['body/value']",
                                  "@outputs('Compose_5')"
                                ]
                              },
                              "metadata": {
                                "operationMetadataId": "cdf8c740-aaad-464d-ba86-6eddb1a42dd0"
                              },
                              "type": "If"
                            },
                            "Condition_2": {
                              "actions": {
                                "Add_a_new_row": {
                                  "runAfter": {},
                                  "metadata": {
                                    "operationMetadataId": "5764a945-8fca-4877-809c-afa7b8393be8"
                                  },
                                  "type": "OpenApiConnection",
                                  "inputs": {
                                    "host": {
                                      "connectionName": "shared_commondataserviceforapps",
                                      "operationId": "CreateRecord",
                                      "apiId": "/providers/Microsoft.PowerApps/apis/shared_commondataserviceforapps"
                                    },
                                    "parameters": {
                                      "entityName": "new_data_inputs",
                                      "item/new_apr": "@if(\r\n  empty(items('Apply_to_each')?[concat('Apr-', outputs('Compose_7'))]), \r\n  0.0, \r\n  items('Apply_to_each')?[concat('Apr-', outputs('Compose_7'))]\r\n)",
                                      "item/new_aug": "@if(\r\n  empty(items('Apply_to_each')?[concat('Aug-', outputs('Compose_7'))]), \r\n  0.0, \r\n  items('Apply_to_each')?[concat('Aug-', outputs('Compose_7'))]\r\n)",
                                      "item/new_BillingTable@odata.bind": "new_billingtables(@{outputs('Compose_4')})",
                                      "item/new_buproject": "@if(equals(items('Apply_to_each')?['BU'],'AXSC'),1,\r\nif(equals(items('Apply_to_each')?['BU'],'BAI'),2,\r\nif(equals(items('Apply_to_each')?['BU'],'BPU'),3,\r\nif(equals(items('Apply_to_each')?['BU'],'ISC'),4,\r\nif(equals(items('Apply_to_each')?['BU'],'QEC'),5,\r\nif(equals(items('Apply_to_each')?['BU'],'RPA'),6,\r\nif(equals(items('Apply_to_each')?['BU'],'SAP'),7,\r\nif(equals(items('Apply_to_each')?['BU'],'Governance'),8,\r\nif(equals(items('Apply_to_each')?['BU'],'WSC'),9,\r\nif(equals(items('Apply_to_each')?['BU'],'HERO'),10,''\r\n))))))))))",
                                      "item/new_ClarityProjectName@odata.bind": "new_referentials(@{outputs('Compose')?[items('Apply_to_each')?['Clarity_Project_Name']]})",
                                      "item/new_dec": "@if(\r\n  empty(items('Apply_to_each')?[concat('Dec-', outputs('Compose_7'))]), \r\n  0.0, \r\n  items('Apply_to_each')?[concat('Dec-', outputs('Compose_7'))]\r\n)",
                                      "item/new_feb": "@if(\r\n  empty(items('Apply_to_each')?[concat('Feb-', outputs('Compose_7'))]), \r\n  0.0, \r\n  items('Apply_to_each')?[concat('Feb-', outputs('Compose_7'))]\r\n)",
                                      "item/new_jan": "@if(\r\n  empty(items('Apply_to_each')?[concat('Jan-', outputs('Compose_7'))]), \r\n  0.0, \r\n  items('Apply_to_each')?[concat('Jan-', outputs('Compose_7'))]\r\n)",
                                      "item/new_jul": "@if(\r\n  empty(items('Apply_to_each')?[concat('Jul-', outputs('Compose_7'))]), \r\n  0.0, \r\n  items('Apply_to_each')?[concat('Jul-', outputs('Compose_7'))]\r\n)",
                                      "item/new_jun": "@if(\r\n  empty(items('Apply_to_each')?[concat('Jun-', outputs('Compose_7'))]), \r\n  0.0, \r\n  items('Apply_to_each')?[concat('Jun-', outputs('Compose_7'))]\r\n)",
                                      "item/new_mar": "@if(\r\n  empty(items('Apply_to_each')?[concat('Mar-', outputs('Compose_7'))]), \r\n  0.0, \r\n  items('Apply_to_each')?[concat('Mar-', outputs('Compose_7'))]\r\n)",
                                      "item/new_may": "@if(\r\n  empty(items('Apply_to_each')?[concat('May-', outputs('Compose_7'))]), \r\n  0.0, \r\n  items('Apply_to_each')?[concat('May-', outputs('Compose_7'))]\r\n)",
                                      "item/new_nov": "@if(\r\n  empty(items('Apply_to_each')?[concat('Nov-', outputs('Compose_7'))]), \r\n  0.0, \r\n  items('Apply_to_each')?[concat('Nov-', outputs('Compose_7'))]\r\n)",
                                      "item/new_oct": "@if(\r\n  empty(items('Apply_to_each')?[concat('Oct-', outputs('Compose_7'))]), \r\n  0.0, \r\n  items('Apply_to_each')?[concat('Oct-', outputs('Compose_7'))]\r\n)",
                                      "item/new_ResourceTrackerlookup@odata.bind": "new_resourcetrackers(@{outputs('Compose_2')?[items('Apply_to_each')?['Resource CGEmailID']]})",
                                      "item/new_sep": "@if(\r\n  empty(items('Apply_to_each')?[concat('Sep-', outputs('Compose_7'))]), \r\n  0.0, \r\n  items('Apply_to_each')?[concat('Sep-', outputs('Compose_7'))]\r\n)",
                                      "item/new_shift": "@if(equals(items('Apply_to_each')?['Shift'],'Morning Shift'),1,\r\nif(equals(items('Apply_to_each')?['Shift'],'Evening Shift'),2,\r\nif(equals(items('Apply_to_each')?['Shift'],'Afternoon Shift'),3,\r\nif(equals(items('Apply_to_each')?['Shift'],'No Shift'),4,5\r\n))))",
                                      "item/new_year": "@triggerBody()['text']",
                                      "item/new_zeroallocation": "@items('Apply_to_each')?['Zero Allocation Check ']"
                                    },
                                    "authentication": {
                                      "type": "Raw",
                                      "value": "@json(decodeBase64(triggerOutputs().headers['X-MS-APIM-Tokens']))['$ConnectionKey']"
                                    }
                                  }
                                }
                              },
                              "runAfter": {
                                "Condition_3": [
                                  "Succeeded"
                                ]
                              },
                              "else": {
                                "actions": {
                                  "Update_a_row_2": {
                                    "runAfter": {},
                                    "metadata": {
                                      "operationMetadataId": "e0b4fba3-8a3f-45ef-8ff2-2231a65bc7cc"
                                    },
                                    "type": "OpenApiConnection",
                                    "inputs": {
                                      "host": {
                                        "connectionName": "shared_commondataserviceforapps",
                                        "operationId": "UpdateRecord",
                                        "apiId": "/providers/Microsoft.PowerApps/apis/shared_commondataserviceforapps"
                                      },
                                      "parameters": {
                                        "entityName": "new_data_inputs",
                                        "recordId": "@outputs('List_rows_6')?['body/value'][0]['new_data_inputid']",
                                        "item/new_apr": "@if(\r\n  empty(items('Apply_to_each')?[concat('Apr-', outputs('Compose_7'))]), \r\n  0.0, \r\n  items('Apply_to_each')?[concat('Apr-', outputs('Compose_7'))]\r\n)",
                                        "item/new_aug": "@if(\r\n  empty(items('Apply_to_each')?[concat('Aug-', outputs('Compose_7'))]), \r\n  0.0, \r\n  items('Apply_to_each')?[concat('Aug-', outputs('Compose_7'))]\r\n)",
                                        "item/new_buproject": "@if(equals(items('Apply_to_each')?['BU'],'AXSC'),1,\r\nif(equals(items('Apply_to_each')?['BU'],'BAI'),2,\r\nif(equals(items('Apply_to_each')?['BU'],'BPU'),3,\r\nif(equals(items('Apply_to_each')?['BU'],'ISC'),4,\r\nif(equals(items('Apply_to_each')?['BU'],'QEC'),5,\r\nif(equals(items('Apply_to_each')?['BU'],'RPA'),6,\r\nif(equals(items('Apply_to_each')?['BU'],'SAP'),7,\r\nif(equals(items('Apply_to_each')?['BU'],'Governance'),8,\r\nif(equals(items('Apply_to_each')?['BU'],'WSC'),9,\r\nif(equals(items('Apply_to_each')?['BU'],'HERO'),10,''\r\n))))))))))",
                                        "item/new_ClarityProjectName@odata.bind": "new_referentials(@{outputs('Compose')?[items('Apply_to_each')?['Clarity_Project_Name']]})",
                                        "item/new_dec": "@if(\r\n  empty(items('Apply_to_each')?[concat('Dec-', outputs('Compose_7'))]), \r\n  0.0, \r\n  items('Apply_to_each')?[concat('Dec-', outputs('Compose_7'))]\r\n)",
                                        "item/new_feb": "@if(\r\n  empty(items('Apply_to_each')?[concat('Feb-', outputs('Compose_7'))]), \r\n  0.0, \r\n  items('Apply_to_each')?[concat('Feb-', outputs('Compose_7'))]\r\n)",
                                        "item/new_jan": "@if(\r\n  empty(items('Apply_to_each')?[concat('Jan-', outputs('Compose_7'))]), \r\n  0.0, \r\n  items('Apply_to_each')?[concat('Jan-', outputs('Compose_7'))]\r\n)",
                                        "item/new_jul": "@if(\r\n  empty(items('Apply_to_each')?[concat('Jul-', outputs('Compose_7'))]), \r\n  0.0, \r\n  items('Apply_to_each')?[concat('Jul-', outputs('Compose_7'))]\r\n)",
                                        "item/new_jun": "@if(\r\n  empty(items('Apply_to_each')?[concat('Jun-', outputs('Compose_7'))]), \r\n  0.0, \r\n  items('Apply_to_each')?[concat('Jun-', outputs('Compose_7'))]\r\n)",
                                        "item/new_mar": "@if(\r\n  empty(items('Apply_to_each')?[concat('Mar-', outputs('Compose_7'))]), \r\n  0.0, \r\n  items('Apply_to_each')?[concat('Mar-', outputs('Compose_7'))]\r\n)",
                                        "item/new_may": "@if(\r\n  empty(items('Apply_to_each')?[concat('May-', outputs('Compose_7'))]), \r\n  0.0, \r\n  items('Apply_to_each')?[concat('May-', outputs('Compose_7'))]\r\n)",
                                        "item/new_nov": "@if(\r\n  empty(items('Apply_to_each')?[concat('Nov-', outputs('Compose_7'))]), \r\n  0.0, \r\n  items('Apply_to_each')?[concat('Nov-', outputs('Compose_7'))]\r\n)",
                                        "item/new_oct": "@if(\r\n  empty(items('Apply_to_each')?[concat('Oct-', outputs('Compose_7'))]), \r\n  0.0, \r\n  items('Apply_to_each')?[concat('Oct-', outputs('Compose_7'))]\r\n)",
                                        "item/new_ResourceTrackerlookup@odata.bind": "new_resourcetrackers(@{outputs('Compose_2')?[items('Apply_to_each')?['Resource CGEmailID']]})",
                                        "item/new_sep": "@if(\r\n  empty(items('Apply_to_each')?[concat('Sep-', outputs('Compose_7'))]), \r\n  0.0, \r\n  items('Apply_to_each')?[concat('Sep-', outputs('Compose_7'))]\r\n)",
                                        "item/new_shift": "@if(equals(items('Apply_to_each')?['Shift'],'Morning Shift'),1,\r\nif(equals(items('Apply_to_each')?['Shift'],'Evening Shift'),2,\r\nif(equals(items('Apply_to_each')?['Shift'],'Afternoon Shift'),3,\r\nif(equals(items('Apply_to_each')?['Shift'],'No Shift'),4,5\r\n))))",
                                        "item/new_year": "@triggerBody()['text']",
                                        "item/new_zeroallocation": "@items('Apply_to_each')?['Zero Allocation Check ']"
                                      },
                                      "authentication": {
                                        "type": "Raw",
                                        "value": "@json(decodeBase64(triggerOutputs().headers['X-MS-APIM-Tokens']))['$ConnectionKey']"
                                      }
                                    }
                                  }
                                }
                              },
                              "expression": {
                                "equals": [
                                  "@outputs('List_rows_6')?['body/value']",
                                  "@outputs('Compose_5')"
                                ]
                              },
                              "metadata": {
                                "operationMetadataId": "1170f3ef-9512-45b7-b537-123dd5a2bf5b"
                              },
                              "type": "If"
                            },
                            "Compose_6": {
                              "runAfter": {
                                "List_rows_4": [
                                  "Succeeded"
                                ]
                              },
                              "metadata": {
                                "operationMetadataId": "d9304dd4-46a5-4a39-b2ca-a7236e33dac4"
                              },
                              "type": "Compose",
                              "inputs": "@if(equals(outputs('Get_a_row_by_ID')?['body/new_solutioncenter'],'1'),'c44a9eb0-9085-ef11-ac20-00224838873d',\r\nif(equals(outputs('Get_a_row_by_ID')?['body/new_solutioncenter'],'2'),'b54a9eb0-9085-ef11-ac20-00224838873d',\r\nif(equals(outputs('Get_a_row_by_ID')?['body/new_solutioncenter'],'3'),'b44a9eb0-9085-ef11-ac20-00224838873d',\r\nif(equals(outputs('Get_a_row_by_ID')?['body/new_solutioncenter'],'4'),'ce4a9eb0-9085-ef11-ac20-00224838873d',\r\nif(equals(outputs('Get_a_row_by_ID')?['body/new_solutioncenter'],'5'),'944a9eb0-9085-ef11-ac20-00224838873d',\r\nif(equals(outputs('Get_a_row_by_ID')?['body/new_solutioncenter'],'6'),'eb4a9eb0-9085-ef11-ac20-00224838873d',\r\nif(equals(outputs('Get_a_row_by_ID')?['body/new_solutioncenter'],'7'),'ff4a9eb0-9085-ef11-ac20-00224838873d',\r\nif(equals(outputs('Get_a_row_by_ID')?['body/new_solutioncenter'],'8'),'e24a9eb0-9085-ef11-ac20-00224838873d',\r\nif(equals(outputs('Get_a_row_by_ID')?['body/new_solutioncenter'],'9'),'914a9eb0-9085-ef11-ac20-00224838873d',0\r\n)))))))))"
                            },
                            "Compose_7": {
                              "runAfter": {
                                "Compose_6": [
                                  "Succeeded"
                                ]
                              },
                              "metadata": {
                                "operationMetadataId": "9a21af7b-97b5-4f97-a91a-f3bf7faa8146"
                              },
                              "type": "Compose",
                              "inputs": "@substring(triggerBody()['text'], 2)"
                            }
                          },
                          "runAfter": {},
                          "expression": {
                            "or": [
                              {
                                "equals": [
                                  "@outputs('Get_a_row_by_ID')?['body/new_lwd']",
                                  "@null"
                                ]
                              },
                              {
                                "equals": [
                                  "@formatDateTime(outputs('Get_a_row_by_ID')?['body/new_lwd'],'yyyy')",
                                  "@string(triggerBody()['text'])"
                                ]
                              }
                            ]
                          },
                          "metadata": {
                            "operationMetadataId": "9df89411-c37a-4ac4-8a60-5cdf48a6ed40"
                          },
                          "type": "If"
                        }
                      }
                    },
                    "expression": {
                      "contains": [
                        "@outputs('solution_center_-_get_a_row_by_ID')",
                        ","
                      ]
                    },
                    "metadata": {
                      "operationMetadataId": "603db40a-8d8c-4176-a4fe-f5df917a5606"
                    },
                    "type": "If"
                  }
                }
              },
              "expression": {
                "equals": [
                  "@items('Apply_to_each')?['Resource CGEmailID']",
                  "Resource_Missing"
                ]
              },
              "metadata": {
                "operationMetadataId": "2e87328f-4820-44be-afc6-d73160034a30"
              },
              "type": "If"
            }
          },
          "runAfter": {
            "Compose_5": [
              "Succeeded"
            ]
          },
          "metadata": {
            "operationMetadataId": "947a7c1a-3383-40d8-9c6a-54c910fc9193"
          },
          "type": "Foreach",
          "runtimeConfiguration": {
            "concurrency": {
              "repetitions": 50
            }
          }
        },
        "List_rows": {
          "runAfter": {
            "List_rows_2": [
              "Succeeded"
            ]
          },
          "metadata": {
            "operationMetadataId": "09642d04-398f-4b99-9e1c-66f3faefc808"
          },
          "type": "OpenApiConnection",
          "inputs": {
            "host": {
              "connectionName": "shared_commondataserviceforapps",
              "operationId": "ListRecords",
              "apiId": "/providers/Microsoft.PowerApps/apis/shared_commondataserviceforapps"
            },
            "parameters": {
              "entityName": "new_referentials",
              "$select": "new_name,new_referentialid"
            },
            "authentication": {
              "type": "Raw",
              "value": "@json(decodeBase64(triggerOutputs().headers['X-MS-APIM-Tokens']))['$ConnectionKey']"
            }
          },
          "runtimeConfiguration": {
            "paginationPolicy": {
              "minimumItemCount": 100000
            }
          }
        },
        "Select": {
          "runAfter": {
            "Select_2": [
              "Succeeded"
            ]
          },
          "metadata": {
            "operationMetadataId": "492be63a-05e1-4835-855b-446d9008df7c"
          },
          "type": "Select",
          "inputs": {
            "from": "@outputs('List_rows')?['body/value']",
            "select": "@concat('\"',item()?['new_name'],'\":\"',item()?['new_referentialid'],'\"')"
          }
        },
        "List_rows_2": {
          "runAfter": {
            "Compose_3": [
              "Succeeded"
            ]
          },
          "metadata": {
            "operationMetadataId": "27b2a7fb-b0c9-4e78-afb4-753799e4f62d"
          },
          "type": "OpenApiConnection",
          "inputs": {
            "host": {
              "connectionName": "shared_commondataserviceforapps",
              "operationId": "ListRecords",
              "apiId": "/providers/Microsoft.PowerApps/apis/shared_commondataserviceforapps"
            },
            "parameters": {
              "entityName": "new_resourcetrackers",
              "$select": "new_resourcetrackerid,new_mailid,new_solutioncenter"
            },
            "authentication": {
              "type": "Raw",
              "value": "@json(decodeBase64(triggerOutputs().headers['X-MS-APIM-Tokens']))['$ConnectionKey']"
            }
          },
          "runtimeConfiguration": {
            "paginationPolicy": {
              "minimumItemCount": 100000
            }
          }
        },
        "Select_2": {
          "runAfter": {
            "List_rows": [
              "Succeeded"
            ]
          },
          "metadata": {
            "operationMetadataId": "99c5156d-8ec8-4d13-9ea0-92fa3b6830c0"
          },
          "type": "Select",
          "inputs": {
            "from": "@outputs('List_rows_2')?['body/value']",
            "select": "@concat('\"',item()?['new_mailid'],'\":\"',item()?['new_resourcetrackerid'],'\"')"
          }
        },
        "Compose_2": {
          "runAfter": {
            "Select": [
              "Succeeded"
            ]
          },
          "metadata": {
            "operationMetadataId": "a2c91da9-7595-4ef8-a6c1-cd04719b3008"
          },
          "type": "Compose",
          "inputs": "@json(concat('{',join(body('Select_2'),','),'}'))"
        },
        "Billing_Table": {
          "runAfter": {
            "List_rows_present_in_a_table": [
              "Succeeded"
            ]
          },
          "metadata": {
            "operationMetadataId": "d2758bdf-2604-4d4d-b3dc-3cb25a81797c"
          },
          "type": "OpenApiConnection",
          "inputs": {
            "host": {
              "connectionName": "shared_commondataserviceforapps",
              "operationId": "ListRecords",
              "apiId": "/providers/Microsoft.PowerApps/apis/shared_commondataserviceforapps"
            },
            "parameters": {
              "entityName": "new_billingtables"
            },
            "authentication": {
              "type": "Raw",
              "value": "@json(decodeBase64(triggerOutputs().headers['X-MS-APIM-Tokens']))['$ConnectionKey']"
            }
          }
        },
        "Select_3": {
          "runAfter": {
            "Billing_Table": [
              "Succeeded"
            ]
          },
          "metadata": {
            "operationMetadataId": "ec12fe3e-ecb2-435c-a1d3-2d5c41b5a6e0"
          },
          "type": "Select",
          "inputs": {
            "from": "@outputs('Billing_Table')?['body/value']",
            "select": "@concat('\"', item()?['new_name'], '\":\"', item()?['new_billingtableid'], '\"')"
          }
        },
        "Compose_3": {
          "runAfter": {
            "Select_3": [
              "Succeeded"
            ]
          },
          "metadata": {
            "operationMetadataId": "5d36655c-72aa-4ac7-a045-8cbd6a781ae3"
          },
          "type": "Compose",
          "inputs": "@json(concat('{', join(body('Select_3'), ','), '}'))"
        },
        "Compose_5": {
          "runAfter": {
            "Compose_2": [
              "Succeeded"
            ]
          },
          "metadata": {
            "operationMetadataId": "65fa0c72-99f8-4ef3-82f9-3a874505b9fc"
          },
          "type": "Compose",
          "inputs": []
        },
        "Initialize_variable": {
          "runAfter": {},
          "metadata": {
            "operationMetadataId": "5934b8e3-9784-4e61-86b3-8f0b0a1fa9a0"
          },
          "type": "InitializeVariable",
          "inputs": {
            "variables": [
              {
                "name": "choice",
                "type": "integer",
                "value": 0
              }
            ]
          }
        }
      }
    },
    "templateName": ""
  },
  "schemaVersion": "1.0.0.0"
}