{
  "properties": {
    "connectionReferences": {
      "shared_excelonlinebusiness_1": {
        "runtimeSource": "invoker",
        "connection": {
          "connectionReferenceLogicalName": "new_sharedexcelonlinebusiness_68719"
        },
        "api": {
          "name": "shared_excelonlinebusiness"
        }
      },
      "shared_commondataserviceforapps_1": {
        "runtimeSource": "embedded",
        "connection": {
          "connectionReferenceLogicalName": "new_sharedcommondataserviceforapps_5201e"
        },
        "api": {
          "name": "shared_commondataserviceforapps"
        }
      }
    },
    "definition": {
      "$schema": "https://schema.management.azure.com/providers/Microsoft.Logic/schemas/2016-06-01/workflowdefinition.json#",
      "contentVersion": "1.0.0.0",
      "parameters": {
        "$connections": {
          "defaultValue": {},
          "type": "Object"
        },
        "$authentication": {
          "defaultValue": {},
          "type": "SecureObject"
        }
      },
      "triggers": {
        "manual": {
          "metadata": {
            "operationMetadataId": "1ed247b2-7fb7-4ca3-8419-8fca48ae0552"
          },
          "type": "Request",
          "kind": "Button",
          "inputs": {
            "schema": {
              "type": "object",
              "properties": {},
              "required": []
            }
          }
        }
      },
      "actions": {
        "List_rows_present_in_a_table": {
          "runAfter": {},
          "metadata": {
            "01CPMC5SMIWLWA2H5DYZDLPTUT5I26OR2U": "/Copy of 2024 Resource Allocation.xlsx",
            "operationMetadataId": "8eaee30f-28aa-4f7f-aebc-5ad42497129a",
            "tableId": "{00000000-000C-0000-FFFF-FFFF03000000}",
            "01CPMC5SLQUJQOFN2QAVAYCON3DLLFYC22": "/2024 Resource Allocation (1).xlsx",
            "01G3CJ2UELM5VZTLWSLBBJPD7DHTOSQU4P": "/Documents/2024 Resource Allocation (1).xlsx",
            "01G3CJ2UH6FQ7ZUIFIRBCKWLQEJMCQZ6VQ": "/Documents/2024 Resource Allocation (2).xlsx",
            "01O6QBFHCZBFHSASVG2ZHK24KYPHCA3V52": "/Documents/2024 Resource Allocation.xlsx",
            "01O6QBFHEIZZSJKPMEH5AKDMFNFE45MORM": "/Documents/2024 Resource Allocation - Download 8 May 2025.xlsx",
            "01O6QBFHDDNN4SK5JFGBBLEL4P2BVXQGMB": "/Documents/2024 Resource Allocation.xlsx",
            "01O6QBFHHA73JYDGM5TRCZRCAA6QDWOMSU": "/Documents/2024 Resource Allocation.xlsx",
            "01TKOMME5BCRB7FHDOZ5HZ3SMU66H47F7B": "/General/6. Time Booking/TheRASolution/2024 Resource Allocation.xlsx"
          },
          "type": "OpenApiConnection",
          "inputs": {
            "host": {
              "connectionName": "shared_excelonlinebusiness_1",
              "operationId": "GetItems",
              "apiId": "/providers/Microsoft.PowerApps/apis/shared_excelonlinebusiness"
            },
            "parameters": {
              "source": "groups/6f64175c-546d-45fe-ad05-38896302b78b",
              "drive": "b!KOA7Tp6Ou0u6FplXQnB_gigM_t0SpuVAkM3dc8E0r515aTNDMIrKSb_YQBa0C3Qw",
              "file": "01TKOMME5BCRB7FHDOZ5HZ3SMU66H47F7B",
              "table": "{00000000-000C-0000-FFFF-FFFF03000000}"
            },
            "authentication": {
              "type": "Raw",
              "value": "@json(decodeBase64(triggerOutputs().headers['X-MS-APIM-Tokens']))['$ConnectionKey']"
            }
          },
          "runtimeConfiguration": {
            "paginationPolicy": {
              "minimumItemCount": 100000
            }
          }
        },
        "Empty_Array": {
          "runAfter": {
            "List_rows_present_in_a_table": [
              "Succeeded"
            ]
          },
          "metadata": {
            "operationMetadataId": "65fa0c72-99f8-4ef3-82f9-3a874505b9fc"
          },
          "type": "Compose",
          "inputs": []
        },
        "Apply_to_each": {
          "foreach": "@outputs('List_rows_present_in_a_table')?['body/value']",
          "actions": {
            "Billing_Level": {
              "runAfter": {},
              "metadata": {
                "operationMetadataId": "b7a56ab6-ad03-4b50-a27c-035a8ebdf301"
              },
              "type": "Compose",
              "inputs": "@items('Apply_to_each')?['Billing level']"
            },
            "Billing_Table": {
              "runAfter": {
                "Current_Item": [
                  "Succeeded"
                ]
              },
              "metadata": {
                "operationMetadataId": "d2758bdf-2604-4d4d-b3dc-3cb25a81797c"
              },
              "type": "OpenApiConnection",
              "inputs": {
                "host": {
                  "connectionName": "shared_commondataserviceforapps_1",
                  "operationId": "ListRecords",
                  "apiId": "/providers/Microsoft.PowerApps/apis/shared_commondataserviceforapps"
                },
                "parameters": {
                  "entityName": "new_billingtables",
                  "$filter": "new_name eq '@{outputs('Billing_Level')}'"
                },
                "authentication": {
                  "type": "Raw",
                  "value": "@json(decodeBase64(triggerOutputs().headers['X-MS-APIM-Tokens']))['$ConnectionKey']"
                }
              }
            },
            "Condition": {
              "actions": {
                "Daily_Rate_Excel": {
                  "runAfter": {},
                  "metadata": {
                    "operationMetadataId": "4dd0928c-3f49-4306-b802-de14ceba06b8"
                  },
                  "type": "Compose",
                  "inputs": "@items('Apply_to_each')?['Daily rate']"
                },
                "Add_a_new_row": {
                  "runAfter": {
                    "Compose": [
                      "Succeeded"
                    ]
                  },
                  "metadata": {
                    "operationMetadataId": "8cc62eca-4ceb-4aa5-8c18-e637b8fa92c8"
                  },
                  "type": "OpenApiConnection",
                  "inputs": {
                    "host": {
                      "connectionName": "shared_commondataserviceforapps_1",
                      "operationId": "CreateRecord",
                      "apiId": "/providers/Microsoft.PowerApps/apis/shared_commondataserviceforapps"
                    },
                    "parameters": {
                      "entityName": "new_billingtables",
                      "item/new_name": "@outputs('Billing_Level')",
                      "item/transactioncurrencyid@odata.bind": "/transactioncurrencies(@{outputs('Compose')})",
                      "item/new_rate": "@outputs('Rate')"
                    },
                    "authentication": {
                      "type": "Raw",
                      "value": "@json(decodeBase64(triggerOutputs().headers['X-MS-APIM-Tokens']))['$ConnectionKey']"
                    }
                  }
                },
                "Currency": {
                  "runAfter": {
                    "Daily_Rate_Excel": [
                      "Succeeded"
                    ]
                  },
                  "metadata": {
                    "operationMetadataId": "c436216b-3bee-44d6-86f4-07d009324e77"
                  },
                  "type": "Compose",
                  "inputs": "Euro"
                },
                "Rate": {
                  "runAfter": {
                    "Currency": [
                      "Succeeded"
                    ]
                  },
                  "metadata": {
                    "operationMetadataId": "3d482b79-e98f-4d93-b37a-f29f9f6faf57"
                  },
                  "type": "Compose",
                  "inputs": "@trim(replace(items('Apply_to_each')?['Daily rate'],'€',''))"
                },
                "List_rows_Currencies": {
                  "runAfter": {
                    "Rate": [
                      "Succeeded"
                    ]
                  },
                  "metadata": {
                    "operationMetadataId": "73d431c2-feaf-4141-9e91-f30158a41228"
                  },
                  "type": "OpenApiConnection",
                  "inputs": {
                    "host": {
                      "connectionName": "shared_commondataserviceforapps_1",
                      "operationId": "ListRecords",
                      "apiId": "/providers/Microsoft.PowerApps/apis/shared_commondataserviceforapps"
                    },
                    "parameters": {
                      "entityName": "transactioncurrencies",
                      "$filter": "currencyname eq '@{outputs('Currency')}'"
                    },
                    "authentication": {
                      "type": "Raw",
                      "value": "@json(decodeBase64(triggerOutputs().headers['X-MS-APIM-Tokens']))['$ConnectionKey']"
                    }
                  }
                },
                "Compose": {
                  "runAfter": {
                    "List_rows_Currencies": [
                      "Succeeded"
                    ]
                  },
                  "metadata": {
                    "operationMetadataId": "9f4a9065-5e7d-48c2-81c8-a505b36aaa1f"
                  },
                  "type": "Compose",
                  "inputs": "@first(outputs('List_rows_Currencies')?['body/value'])?['transactioncurrencyid']"
                }
              },
              "runAfter": {
                "Billing_Table": [
                  "Succeeded"
                ]
              },
              "expression": {
                "equals": [
                  "@outputs('Billing_Table')?['body/value']",
                  "@outputs('Empty_Array')"
                ]
              },
              "metadata": {
                "operationMetadataId": "be6e29d4-436c-4c42-b4eb-041f4151c0a3"
              },
              "type": "If"
            },
            "Current_Item": {
              "runAfter": {
                "Billing_Level": [
                  "Succeeded"
                ]
              },
              "metadata": {
                "operationMetadataId": "bc94e46b-09a2-4e47-9e9f-c2b15f9b087b"
              },
              "type": "Compose",
              "inputs": "@item()"
            }
          },
          "runAfter": {
            "Empty_Array": [
              "Succeeded"
            ]
          },
          "metadata": {
            "operationMetadataId": "a9021bba-8639-4f69-b82b-1d4694a1a50c"
          },
          "type": "Foreach",
          "runtimeConfiguration": {
            "concurrency": {
              "repetitions": 50
            }
          }
        }
      }
    },
    "templateName": ""
  },
  "schemaVersion": "1.0.0.0"
}