{
  "properties": {
    "connectionReferences": {
      "shared_excelonlinebusiness": {
        "runtimeSource": "invoker",
        "connection": {
          "connectionReferenceLogicalName": "new_sharedexcelonlinebusiness_b30c0"
        },
        "api": {
          "name": "shared_excelonlinebusiness"
        }
      },
      "shared_commondataserviceforapps_2": {
        "runtimeSource": "embedded",
        "connection": {
          "connectionReferenceLogicalName": "new_sharedcommondataserviceforapps_5201e"
        },
        "api": {
          "name": "shared_commondataserviceforapps"
        }
      }
    },
    "definition": {
      "$schema": "https://schema.management.azure.com/providers/Microsoft.Logic/schemas/2016-06-01/workflowdefinition.json#",
      "contentVersion": "1.0.0.0",
      "parameters": {
        "$connections": {
          "defaultValue": {},
          "type": "Object"
        },
        "$authentication": {
          "defaultValue": {},
          "type": "SecureObject"
        }
      },
      "triggers": {
        "manual": {
          "metadata": {
            "operationMetadataId": "573b8b94-21fa-49c3-ba39-05a35995369e"
          },
          "type": "Request",
          "kind": "Button",
          "inputs": {
            "schema": {
              "type": "object",
              "properties": {},
              "required": []
            }
          }
        }
      },
      "actions": {
        "List_rows_present_in_a_table": {
          "runAfter": {
            "Initialize_variable": [
              "Succeeded"
            ]
          },
          "metadata": {
            "01O6QBFHCZBFHSASVG2ZHK24KYPHCA3V52": "/Documents/2024 Resource Allocation.xlsx",
            "operationMetadataId": "f6883b2b-d07f-4200-9f10-1ac8e3a1bd55",
            "tableId": "{00000000-000C-0000-FFFF-FFFF02000000}",
            "01O6QBFHEIZZSJKPMEH5AKDMFNFE45MORM": "/Documents/2024 Resource Allocation - Download 8 May 2025.xlsx",
            "01O6QBFHDDNN4SK5JFGBBLEL4P2BVXQGMB": "/Documents/2024 Resource Allocation.xlsx"
          },
          "type": "OpenApiConnection",
          "inputs": {
            "host": {
              "connectionName": "shared_excelonlinebusiness",
              "operationId": "GetItems",
              "apiId": "/providers/Microsoft.PowerApps/apis/shared_excelonlinebusiness"
            },
            "parameters": {
              "source": "me",
              "drive": "b!oXrWly2BWEOfMPlXHoBhlm16UEnBDL1GiY_pkKAFd6PJLakLX4MEQaZiflkq1TVM",
              "file": "01O6QBFHDDNN4SK5JFGBBLEL4P2BVXQGMB",
              "table": "{00000000-000C-0000-FFFF-FFFF02000000}"
            },
            "authentication": {
              "type": "Raw",
              "value": "@json(decodeBase64(triggerOutputs().headers['X-MS-APIM-Tokens']))['$ConnectionKey']"
            }
          },
          "runtimeConfiguration": {
            "paginationPolicy": {
              "minimumItemCount": 20000
            }
          }
        },
        "Billing_Table": {
          "runAfter": {
            "List_rows_present_in_a_table": [
              "Succeeded"
            ]
          },
          "metadata": {
            "operationMetadataId": "d2758bdf-2604-4d4d-b3dc-3cb25a81797c"
          },
          "type": "OpenApiConnection",
          "inputs": {
            "host": {
              "connectionName": "shared_commondataserviceforapps_2",
              "operationId": "ListRecords",
              "apiId": "/providers/Microsoft.PowerApps/apis/shared_commondataserviceforapps"
            },
            "parameters": {
              "entityName": "new_billingtables"
            },
            "authentication": {
              "type": "Raw",
              "value": "@json(decodeBase64(triggerOutputs().headers['X-MS-APIM-Tokens']))['$ConnectionKey']"
            }
          }
        },
        "Service_Line": {
          "runAfter": {
            "Billing_Table": [
              "Succeeded"
            ]
          },
          "metadata": {
            "operationMetadataId": "8db3a1ec-d482-47f6-8929-5e0a04601f5e"
          },
          "type": "OpenApiConnection",
          "inputs": {
            "host": {
              "connectionName": "shared_commondataserviceforapps_2",
              "operationId": "ListRecords",
              "apiId": "/providers/Microsoft.PowerApps/apis/shared_commondataserviceforapps"
            },
            "parameters": {
              "entityName": "new_service_lines"
            },
            "authentication": {
              "type": "Raw",
              "value": "@json(decodeBase64(triggerOutputs().headers['X-MS-APIM-Tokens']))['$ConnectionKey']"
            }
          }
        },
        "Practices": {
          "runAfter": {
            "Service_Line": [
              "Succeeded"
            ]
          },
          "metadata": {
            "operationMetadataId": "02df2a35-6556-48a5-bbc8-bbe1a195bf9c"
          },
          "type": "OpenApiConnection",
          "inputs": {
            "host": {
              "connectionName": "shared_commondataserviceforapps_2",
              "operationId": "ListRecords",
              "apiId": "/providers/Microsoft.PowerApps/apis/shared_commondataserviceforapps"
            },
            "parameters": {
              "entityName": "new_practices",
              "$select": "new_practiceid,new_practice"
            },
            "authentication": {
              "type": "Raw",
              "value": "@json(decodeBase64(triggerOutputs().headers['X-MS-APIM-Tokens']))['$ConnectionKey']"
            }
          }
        },
        "Testing_Box": {
          "runAfter": {
            "Practices": [
              "Succeeded"
            ]
          },
          "metadata": {
            "operationMetadataId": "b8006d06-7256-4f28-afb0-71c827be20e0"
          },
          "type": "OpenApiConnection",
          "inputs": {
            "host": {
              "connectionName": "shared_commondataserviceforapps_2",
              "operationId": "ListRecords",
              "apiId": "/providers/Microsoft.PowerApps/apis/shared_commondataserviceforapps"
            },
            "parameters": {
              "entityName": "new_testingboxes",
              "$select": "new_testingboxid,new_testingbox"
            },
            "authentication": {
              "type": "Raw",
              "value": "@json(decodeBase64(triggerOutputs().headers['X-MS-APIM-Tokens']))['$ConnectionKey']"
            }
          }
        },
        "Select": {
          "runAfter": {
            "Testing_Box": [
              "Succeeded"
            ]
          },
          "metadata": {
            "operationMetadataId": "ec12fe3e-ecb2-435c-a1d3-2d5c41b5a6e0"
          },
          "type": "Select",
          "inputs": {
            "from": "@outputs('Billing_Table')?['body/value']",
            "select": "@concat('\"', item()?['new_name'], '\":\"', item()?['new_billingtableid'], '\"')"
          }
        },
        "Compose": {
          "runAfter": {
            "Select": [
              "Succeeded"
            ]
          },
          "metadata": {
            "operationMetadataId": "5d36655c-72aa-4ac7-a045-8cbd6a781ae3"
          },
          "type": "Compose",
          "inputs": "@json(concat('{', join(body('Select'), ','), '}'))"
        },
        "List_rows_2": {
          "runAfter": {
            "Compose": [
              "Succeeded"
            ]
          },
          "metadata": {
            "operationMetadataId": "b4f1c976-906f-4028-9602-196c86008379"
          },
          "type": "OpenApiConnection",
          "inputs": {
            "host": {
              "connectionName": "shared_commondataserviceforapps_2",
              "operationId": "ListRecords",
              "apiId": "/providers/Microsoft.PowerApps/apis/shared_commondataserviceforapps"
            },
            "parameters": {
              "entityName": "new_solutioncenterleads"
            },
            "authentication": {
              "type": "Raw",
              "value": "@json(decodeBase64(triggerOutputs().headers['X-MS-APIM-Tokens']))['$ConnectionKey']"
            }
          }
        },
        "Select_2": {
          "runAfter": {
            "List_rows_2": [
              "Succeeded"
            ]
          },
          "metadata": {
            "operationMetadataId": "dcdf5db4-e035-411c-b8ae-423a8b1cfeb8"
          },
          "type": "Select",
          "inputs": {
            "from": "@outputs('List_rows_2')?['body/value']",
            "select": "@concat('\"', item()?['new_solutioncenter'], '\":\"', item()?['new_solutioncenterleadid'], '\"')"
          }
        },
        "Compose_3": {
          "runAfter": {
            "Select_2": [
              "Succeeded"
            ]
          },
          "metadata": {
            "operationMetadataId": "05a6a7fb-db41-45d1-be3a-b47ba2f1a055"
          },
          "type": "Compose",
          "inputs": "@json(concat('{', join(body('Select_2'), ','), '}'))"
        },
        "Select_Service_line": {
          "runAfter": {
            "Compose_3": [
              "Succeeded"
            ]
          },
          "metadata": {
            "operationMetadataId": "1c1b3460-f5df-4af1-b844-98673f24104b"
          },
          "type": "Select",
          "inputs": {
            "from": "@outputs('Service_Line')?['body/value']",
            "select": "@concat('\"', item()?['new_serviceline'], '\":\"', item()?['new_service_lineid'], '\"')"
          }
        },
        "Service_line_GUID": {
          "runAfter": {
            "Select_Service_line": [
              "Succeeded"
            ]
          },
          "metadata": {
            "operationMetadataId": "53e6a812-9c7d-4c92-97ca-a38c6d7f5302"
          },
          "type": "Compose",
          "inputs": "@json(concat('{', join(body('Select_Service_line'), ','), '}'))"
        },
        "Select_Practice": {
          "runAfter": {
            "Service_line_GUID": [
              "Succeeded"
            ]
          },
          "metadata": {
            "operationMetadataId": "0a75c44b-0f7f-4f4a-b1d6-8e075003739f"
          },
          "type": "Select",
          "inputs": {
            "from": "@outputs('Practices')?['body/value']",
            "select": "@concat('\"', item()?['new_practice'], '\":\"', item()?['new_practiceid'], '\"')"
          }
        },
        "Practice_GUID": {
          "runAfter": {
            "Select_Practice": [
              "Succeeded"
            ]
          },
          "metadata": {
            "operationMetadataId": "220da1d3-b238-45d3-90dd-442075dc92c8"
          },
          "type": "Compose",
          "inputs": "@json(concat('{', join(body('Select_Practice'), ','), '}'))"
        },
        "Select_Testing_Box": {
          "runAfter": {
            "Practice_GUID": [
              "Succeeded"
            ]
          },
          "metadata": {
            "operationMetadataId": "720062f7-565b-403f-8b50-10254fc6c220"
          },
          "type": "Select",
          "inputs": {
            "from": "@outputs('Testing_Box')?['body/value']",
            "select": "@concat('\"', item()?['new_testingbox'], '\":\"', item()?['new_testingboxid'], '\"')"
          }
        },
        "Testing_Box_GUID": {
          "runAfter": {
            "Select_Testing_Box": [
              "Succeeded"
            ]
          },
          "metadata": {
            "operationMetadataId": "bcd4a3d9-fa61-4041-91b0-9df104b22a79"
          },
          "type": "Compose",
          "inputs": "@json(concat('{', join(body('Select_Testing_Box'), ','), '}'))"
        },
        "Empty": {
          "runAfter": {
            "Testing_Box_GUID": [
              "Succeeded"
            ]
          },
          "metadata": {
            "operationMetadataId": "584a2da0-2c98-457a-9969-738963d830fd"
          },
          "type": "Compose",
          "inputs": []
        },
        "Apply_to_each": {
          "foreach": "@outputs('List_rows_present_in_a_table')?['body/value']",
          "actions": {
            "List_rows_3": {
              "runAfter": {
                "Compose_2": [
                  "Succeeded"
                ]
              },
              "metadata": {
                "operationMetadataId": "f163674b-d2b8-4787-841e-0a294e427889"
              },
              "type": "OpenApiConnection",
              "inputs": {
                "host": {
                  "connectionName": "shared_commondataserviceforapps_2",
                  "operationId": "ListRecords",
                  "apiId": "/providers/Microsoft.PowerApps/apis/shared_commondataserviceforapps"
                },
                "parameters": {
                  "entityName": "systemusers",
                  "$select": "systemuserid",
                  "$filter": "internalemailaddress eq '@{items('Apply_to_each')?['Owner ID']}'"
                },
                "authentication": {
                  "type": "Raw",
                  "value": "@json(decodeBase64(triggerOutputs().headers['X-MS-APIM-Tokens']))['$ConnectionKey']"
                }
              }
            },
            "Compose_4": {
              "runAfter": {
                "Compose_7": [
                  "Succeeded"
                ]
              },
              "metadata": {
                "operationMetadataId": "2bbe6b60-a90a-4277-887e-f0d22afca921"
              },
              "type": "Compose",
              "inputs": "@if(equals(length(outputs('List_rows_3')?['body/value']),0),'',outputs('List_rows_3')?['body/value'][0]['@odata.editLink'])"
            },
            "Compose_5": {
              "runAfter": {
                "List_rows_3": [
                  "Succeeded"
                ]
              },
              "metadata": {
                "operationMetadataId": "878c6a8a-08b1-40c9-b76c-13c783482e66"
              },
              "type": "Compose",
              "inputs": "@if(equals(items('Apply_to_each')?['SOLUTION CENTER'], 'AXSC'), 1, if(equals(items('Apply_to_each')?['SOLUTION CENTER'], 'BAI'), 2, if(equals(items('Apply_to_each')?['SOLUTION CENTER'], 'BPU'), 3, if(equals(items('Apply_to_each')?['SOLUTION CENTER'], 'ISC'), 4, if(equals(items('Apply_to_each')?['SOLUTION CENTER'], 'QEC'), 5, if(equals(items('Apply_to_each')?['SOLUTION CENTER'], 'RPA + Mobile'), 6, if(equals(items('Apply_to_each')?['SOLUTION CENTER'], 'SAP'), 7, if(equals(items('Apply_to_each')?['SOLUTION CENTER'], 'Transformation & Governance '), 8, if(equals(items('Apply_to_each')?['SOLUTION CENTER'], 'Workday'), 9, '2,3')))))))))"
            },
            "Compose_7": {
              "runAfter": {
                "leadname": [
                  "Succeeded"
                ]
              },
              "metadata": {
                "operationMetadataId": "6d03d28c-3234-4a47-8472-80c1dc073aa2"
              },
              "type": "Compose",
              "inputs": "@if(equals(outputs('Compose_3')?[concat(outputs('leadname'))], null), null, concat('new_solutioncenterleads(', outputs('Compose_3')?[concat(outputs('leadname'))], ')'))"
            },
            "Condition": {
              "actions": {
                "Add_a_new_row": {
                  "runAfter": {},
                  "metadata": {
                    "operationMetadataId": "107f8acc-e1af-4d3f-b9b5-1aa38336dfc3"
                  },
                  "type": "OpenApiConnection",
                  "inputs": {
                    "host": {
                      "connectionName": "shared_commondataserviceforapps_2",
                      "operationId": "CreateRecord",
                      "apiId": "/providers/Microsoft.PowerApps/apis/shared_commondataserviceforapps"
                    },
                    "parameters": {
                      "entityName": "new_resourcetrackers",
                      "item/new_name": "@items('Apply_to_each')?['Employee Name']",
                      "item/new_axid": "@items('Apply_to_each')?['AX ID']",
                      "item/new_baselocation": "@items('Apply_to_each')?['Base Location']",
                      "item/new_billablestatusbillable": "@if(equals(items('Apply_to_each')?['Billable Status'],'Billable'),1,\r\nif(equals(items('Apply_to_each')?['Billable Status'],'Shadow'),2,'')\r\n)",
                      "item/new_BillingRoledescription@odata.bind": "new_billingtables(@{outputs('Compose_2')})",
                      "item/new_billingstartdate": "@if(equals(items('Apply_to_each')?['Billing start date'],''),null,addDays('1899-12-30',int(items('Apply_to_each')?['Billing start date']),'yyyy-MM-dd'))",
                      "item/new_chanelid": "@items('Apply_to_each')?['Chanel ID']",
                      "item/new_comments": "@items('Apply_to_each')?['Comments']",
                      "item/new_corpid": "@items('Apply_to_each')?['CORP ID']",
                      "item/new_emp_id": "@items('Apply_to_each')?['Emp_x002e_ID']",
                      "item/new_fte": "@items('Apply_to_each')?['FTE']",
                      "item/new_gender": "@if(equals(items('Apply_to_each')?['Gender'],'M'),1,\r\nif(equals(items('Apply_to_each')?['Gender'],'F'),2,'')\r\n)",
                      "item/new_ggid": "@items('Apply_to_each')?['GGID']",
                      "item/new_grade": "@items('Apply_to_each')?['Grade']",
                      "item/new_joiningdate": "@if(equals(items('Apply_to_each')?['Joining date'],''),null,addDays('1899-12-30',int(items('Apply_to_each')?['Joining date']),'yyyy-MM-dd'))",
                      "item/new_LeadName@odata.bind": "@outputs('Compose_7')",
                      "item/new_lwd": "@if(equals(items('Apply_to_each')?['LWD'],''),null,addDays('1899-12-30',int(items('Apply_to_each')?['LWD']),'yyyy-MM-dd'))",
                      "item/new_mailid": "@items('Apply_to_each')?['Mail ID']",
                      "item/new_ownedloaned": "@if(equals(items('Apply_to_each')?['Owned/Loaned'],'Owned'),1,\r\nif(equals(items('Apply_to_each')?['Owned/Loaned'],'Loaned'),2,'')\r\n)",
                      "item/ownerid@odata.bind": "@if(empty(outputs('Compose_4')),null,outputs('Compose_4'))",
                      "item/new_ownerid": "@items('Apply_to_each')?['Owner ID']",
                      "item/new_ownername": "@items('Apply_to_each')?['Owner Name']",
                      "item/new_ownernames": "@items('Apply_to_each')?['Owner Name']",
                      "item/new_Practice@odata.bind": "new_practices(@{outputs('Practice_GUID')?[trim(items('Apply_to_each')?['Practice'])]})",
                      "item/new_resignationdate": "@if(equals(items('Apply_to_each')?['Resignation Date']\r\n,''),null,addDays('1899-12-30',int(items('Apply_to_each')?['Resignation Date']),'yyyy-MM-dd'))",
                      "item/new_resourcecategory": "@if(equals(items('Apply_to_each')?['Resource Category'],'Offshore'),1,\r\nif(equals(items('Apply_to_each')?['Resource Category'],'Onshore'),2,'')\r\n)",
                      "item/new_ServiceLine@odata.bind": "new_service_lines(@{outputs('Service_line_GUID')?[trim(items('Apply_to_each')?['SERVICE_LINE'])]})",
                      "item/new_solutioncenter": "@outputs('Compose_5')",
                      "item/new_status": "@if(equals(items('Apply_to_each')?['Status'],'Active'),1,\r\nif(equals(items('Apply_to_each')?['Status'],'Inactive'),2,\r\nif(equals(items('Apply_to_each')?['Status'],'ML'),3,''\r\n)))",
                      "item/new_TestingBox@odata.bind": "@if(empty(items('Apply_to_each')?['Testing Box']),null,concat('new_testingboxes(',outputs('Testing_Box_GUID')?[trim(items('Apply_to_each')?['Testing Box'])],')'))"
                    },
                    "authentication": {
                      "type": "Raw",
                      "value": "@json(decodeBase64(triggerOutputs().headers['X-MS-APIM-Tokens']))['$ConnectionKey']"
                    }
                  }
                },
                "Increment_variable": {
                  "runAfter": {
                    "Add_a_new_row": [
                      "Succeeded"
                    ]
                  },
                  "metadata": {
                    "operationMetadataId": "7faaec05-e25f-4be4-bd1c-802a34c0bc62"
                  },
                  "type": "IncrementVariable",
                  "inputs": {
                    "name": "varCount",
                    "value": 1
                  }
                }
              },
              "runAfter": {
                "List_rows": [
                  "Succeeded"
                ]
              },
              "else": {
                "actions": {
                  "Apply_to_each_2": {
                    "foreach": "@outputs('List_rows')?['body/value']",
                    "actions": {
                      "Condition_3": {
                        "actions": {},
                        "runAfter": {},
                        "expression": {
                          "equals": [
                            "@items('Apply_to_each_2')?['new_status']",
                            1
                          ]
                        },
                        "metadata": {
                          "operationMetadataId": "f542c1c7-6924-4efe-9e71-57fbb5d69ab7"
                        },
                        "type": "If"
                      }
                    },
                    "runAfter": {},
                    "metadata": {
                      "operationMetadataId": "eecc534f-f6e2-430a-a714-ce8aff45de1b"
                    },
                    "type": "Foreach"
                  }
                }
              },
              "expression": {
                "equals": [
                  "@outputs('List_rows')?['body/value']",
                  "@outputs('Empty')"
                ]
              },
              "metadata": {
                "operationMetadataId": "9edd0107-c40c-4a0c-beef-350577a77e7c"
              },
              "type": "If"
            },
            "List_rows": {
              "runAfter": {
                "Compose_4": [
                  "Succeeded"
                ]
              },
              "metadata": {
                "operationMetadataId": "a4f2488e-b0b8-45b7-87a1-39a7e042f381"
              },
              "type": "OpenApiConnection",
              "inputs": {
                "host": {
                  "connectionName": "shared_commondataserviceforapps_2",
                  "operationId": "ListRecords",
                  "apiId": "/providers/Microsoft.PowerApps/apis/shared_commondataserviceforapps"
                },
                "parameters": {
                  "entityName": "new_resourcetrackers",
                  "$filter": "new_mailid eq '@{items('Apply_to_each')?['Mail ID']}'"
                },
                "authentication": {
                  "type": "Raw",
                  "value": "@json(decodeBase64(triggerOutputs().headers['X-MS-APIM-Tokens']))['$ConnectionKey']"
                }
              }
            },
            "leadname": {
              "runAfter": {
                "Compose_5": [
                  "Succeeded"
                ]
              },
              "metadata": {
                "operationMetadataId": "584c8c7c-d11e-47d0-a72c-336347b79712"
              },
              "type": "Compose",
              "inputs": "@if(equals(items('Apply_to_each')?['SOLUTION CENTER'], 'AXSC'), 1, if(equals(items('Apply_to_each')?['SOLUTION CENTER'], 'BAI'), 2, if(equals(items('Apply_to_each')?['SOLUTION CENTER'], 'BPU'), 3, if(equals(items('Apply_to_each')?['SOLUTION CENTER'], 'ISC'), 6, if(equals(items('Apply_to_each')?['SOLUTION CENTER'], 'QEC'), 5, if(equals(items('Apply_to_each')?['SOLUTION CENTER'], 'RPA + Mobile'), 7, if(equals(items('Apply_to_each')?['SOLUTION CENTER'], 'SAP'), 8, if(equals(items('Apply_to_each')?['SOLUTION CENTER'], 'Workday'), 4, 9))))))))"
            },
            "Compose_6": {
              "runAfter": {},
              "metadata": {
                "operationMetadataId": "1b5ddb01-b3ca-4358-8f3c-58a493605e01"
              },
              "type": "Compose",
              "inputs": "@items('Apply_to_each')?['Billing Role description']"
            },
            "Compose_2": {
              "runAfter": {
                "Current_item": [
                  "Succeeded"
                ]
              },
              "metadata": {
                "operationMetadataId": "032c019b-34eb-4e3b-953e-c321b7351836"
              },
              "type": "Compose",
              "inputs": "@outputs('Compose')?[trim(items('Apply_to_each')?['Billing Role description'])]"
            },
            "Current_item": {
              "runAfter": {
                "Compose_6": [
                  "Succeeded"
                ]
              },
              "metadata": {
                "operationMetadataId": "b8e3ee67-97fb-4121-b8a8-fc01d4d8c529"
              },
              "type": "Compose",
              "inputs": "@item()"
            }
          },
          "runAfter": {
            "Empty": [
              "Succeeded"
            ]
          },
          "metadata": {
            "operationMetadataId": "ad3662dc-be65-4d6b-b040-173be0862648"
          },
          "type": "Foreach",
          "runtimeConfiguration": {
            "concurrency": {
              "repetitions": 50
            }
          }
        },
        "Initialize_variable": {
          "runAfter": {},
          "metadata": {
            "operationMetadataId": "f9de279d-8acb-4763-9936-adf0c0f52d25"
          },
          "type": "InitializeVariable",
          "inputs": {
            "variables": [
              {
                "name": "varCount",
                "type": "integer",
                "value": 0
              }
            ]
          }
        },
        "Number_of_items_added": {
          "runAfter": {
            "Apply_to_each": [
              "Succeeded"
            ]
          },
          "metadata": {
            "operationMetadataId": "e972074b-5a28-4579-a90f-33d99ff79532"
          },
          "type": "Compose",
          "inputs": "@variables('varCount')"
        }
      }
    },
    "templateName": ""
  },
  "schemaVersion": "1.0.0.0"
}