{
  "properties": {
    "connectionReferences": {
      "shared_flowmanagement": {
        "runtimeSource": "invoker",
        "connection": {
          "connectionReferenceLogicalName": "new_sharedflowmanagement_c6199"
        },
        "api": {
          "name": "shared_flowmanagement"
        }
      }
    },
    "definition": {
      "$schema": "https://schema.management.azure.com/providers/Microsoft.Logic/schemas/2016-06-01/workflowdefinition.json#",
      "contentVersion": "1.0.0.0",
      "parameters": {
        "$connections": {
          "defaultValue": {},
          "type": "Object"
        },
        "$authentication": {
          "defaultValue": {},
          "type": "SecureObject"
        }
      },
      "triggers": {
        "manual": {
          "metadata": {
            "operationMetadataId": "5752939e-4896-41a9-9f25-5e112cff0bbe"
          },
          "type": "Request",
          "kind": "PowerAppV2",
          "inputs": {
            "schema": {
              "type": "object",
              "properties": {},
              "required": []
            }
          }
        }
      },
      "actions": {
        "Turn_Off_Flow": {
          "runAfter": {},
          "metadata": {
            "operationMetadataId": "b14b570b-2d8b-448e-9657-9208b822bec4"
          },
          "type": "OpenApiConnection",
          "inputs": {
            "host": {
              "connectionName": "shared_flowmanagement",
              "operationId": "StopFlow",
              "apiId": "/providers/Microsoft.PowerApps/apis/shared_flowmanagement"
            },
            "parameters": {
              "environmentName": "3f91c6f4-6a13-e832-b5c5-ebbf5f0a17f8",
              "flowName": "615c7a15-50ea-0857-7127-5b7eb4ddd53f"
            },
            "authentication": "@parameters('$authentication')"
          }
        }
      }
    },
    "templateName": null
  },
  "schemaVersion": "1.0.0.0"
}