{
  "properties": {
    "connectionReferences": {
      "shared_excelonlinebusiness_1": {
        "runtimeSource": "invoker",
        "connection": {
          "connectionReferenceLogicalName": "new_sharedexcelonlinebusiness_68719"
        },
        "api": {
          "name": "shared_excelonlinebusiness"
        }
      },
      "shared_commondataserviceforapps": {
        "impersonation": {},
        "runtimeSource": "embedded",
        "connection": {
          "connectionReferenceLogicalName": "new_sharedcommondataserviceforapps_5201e"
        },
        "api": {
          "name": "shared_commondataserviceforapps"
        }
      }
    },
    "definition": {
      "$schema": "https://schema.management.azure.com/providers/Microsoft.Logic/schemas/2016-06-01/workflowdefinition.json#",
      "contentVersion": "1.0.0.0",
      "parameters": {
        "$connections": {
          "defaultValue": {},
          "type": "Object"
        },
        "$authentication": {
          "defaultValue": {},
          "type": "SecureObject"
        }
      },
      "triggers": {
        "manual": {
          "metadata": {
            "operationMetadataId": "bd526377-bc52-459d-87b4-37dc4c7174dc"
          },
          "type": "Request",
          "kind": "Button",
          "inputs": {
            "schema": {
              "type": "object",
              "properties": {
                "text": {
                  "title": "Input",
                  "type": "string",
                  "x-ms-dynamically-added": true,
                  "description": "Please enter current year",
                  "x-ms-content-hint": "TEXT"
                }
              },
              "required": [
                "text"
              ]
            }
          }
        }
      },
      "actions": {
        "List_rows_present_in_a_table": {
          "runAfter": {
            "Previous_Email": [
              "Succeeded"
            ]
          },
          "metadata": {
            "01CPMC5SMIWLWA2H5DYZDLPTUT5I26OR2U": "/Copy of 2024 Resource Allocation.xlsx",
            "operationMetadataId": "8eaee30f-28aa-4f7f-aebc-5ad42497129a",
            "tableId": "{00000000-000C-0000-FFFF-FFFF03000000}",
            "01CPMC5SLQUJQOFN2QAVAYCON3DLLFYC22": "/2024 Resource Allocation (1).xlsx",
            "01G3CJ2UELM5VZTLWSLBBJPD7DHTOSQU4P": "/Documents/2024 Resource Allocation (1).xlsx",
            "01G3CJ2UH6FQ7ZUIFIRBCKWLQEJMCQZ6VQ": "/Documents/2024 Resource Allocation (2).xlsx",
            "01O6QBFHCZBFHSASVG2ZHK24KYPHCA3V52": "/Documents/2024 Resource Allocation.xlsx",
            "01O6QBFHDDNN4SK5JFGBBLEL4P2BVXQGMB": "/Documents/2024 Resource Allocation.xlsx"
          },
          "type": "OpenApiConnection",
          "inputs": {
            "host": {
              "connectionName": "shared_excelonlinebusiness_1",
              "operationId": "GetItems",
              "apiId": "/providers/Microsoft.PowerApps/apis/shared_excelonlinebusiness"
            },
            "parameters": {
              "source": "me",
              "drive": "b!oXrWly2BWEOfMPlXHoBhlm16UEnBDL1GiY_pkKAFd6PJLakLX4MEQaZiflkq1TVM",
              "file": "01O6QBFHDDNN4SK5JFGBBLEL4P2BVXQGMB",
              "table": "{00000000-000C-0000-FFFF-FFFF03000000}"
            },
            "authentication": {
              "type": "Raw",
              "value": "@json(decodeBase64(triggerOutputs().headers['X-MS-APIM-Tokens']))['$ConnectionKey']"
            }
          },
          "runtimeConfiguration": {
            "paginationPolicy": {
              "minimumItemCount": 100000
            }
          }
        },
        "List_rows_2": {
          "runAfter": {
            "List_rows_present_in_a_table": [
              "Succeeded"
            ]
          },
          "metadata": {
            "operationMetadataId": "27b2a7fb-b0c9-4e78-afb4-753799e4f62d"
          },
          "type": "OpenApiConnection",
          "inputs": {
            "host": {
              "connectionName": "shared_commondataserviceforapps",
              "operationId": "ListRecords",
              "apiId": "/providers/Microsoft.PowerApps/apis/shared_commondataserviceforapps"
            },
            "parameters": {
              "entityName": "new_resourcetrackers",
              "$select": "new_resourcetrackerid,new_mailid,new_solutioncenter"
            },
            "authentication": {
              "type": "Raw",
              "value": "@json(decodeBase64(triggerOutputs().headers['X-MS-APIM-Tokens']))['$ConnectionKey']"
            }
          },
          "runtimeConfiguration": {
            "paginationPolicy": {
              "minimumItemCount": 100000
            }
          }
        },
        "Select_2": {
          "runAfter": {
            "List_rows_2": [
              "Succeeded"
            ]
          },
          "metadata": {
            "operationMetadataId": "99c5156d-8ec8-4d13-9ea0-92fa3b6830c0"
          },
          "type": "Select",
          "inputs": {
            "from": "@outputs('List_rows_2')?['body/value']",
            "select": "@concat('\"', item()?['new_mailid'], '\":\"', item()?['new_resourcetrackerid'], '\"')"
          }
        },
        "Compose_2": {
          "runAfter": {
            "Select_2": [
              "Succeeded"
            ]
          },
          "metadata": {
            "operationMetadataId": "a2c91da9-7595-4ef8-a6c1-cd04719b3008"
          },
          "type": "Compose",
          "inputs": "@json(concat('{', join(body('Select_2'), ','), '}'))"
        },
        "List_rows_3": {
          "runAfter": {
            "Compose_2": [
              "Succeeded"
            ]
          },
          "metadata": {
            "operationMetadataId": "09642d04-398f-4b99-9e1c-66f3faefc808"
          },
          "type": "OpenApiConnection",
          "inputs": {
            "host": {
              "connectionName": "shared_commondataserviceforapps",
              "operationId": "ListRecords",
              "apiId": "/providers/Microsoft.PowerApps/apis/shared_commondataserviceforapps"
            },
            "parameters": {
              "entityName": "new_referentials",
              "$select": "new_name,new_referentialid"
            },
            "authentication": {
              "type": "Raw",
              "value": "@json(decodeBase64(triggerOutputs().headers['X-MS-APIM-Tokens']))['$ConnectionKey']"
            }
          },
          "runtimeConfiguration": {
            "paginationPolicy": {
              "minimumItemCount": 100000
            }
          }
        },
        "Select": {
          "runAfter": {
            "List_rows_3": [
              "Succeeded"
            ]
          },
          "metadata": {
            "operationMetadataId": "492be63a-05e1-4835-855b-446d9008df7c"
          },
          "type": "Select",
          "inputs": {
            "from": "@outputs('List_rows_3')?['body/value']",
            "select": "@concat('\"', item()?['new_name'], '\":\"', item()?['new_referentialid'], '\"')"
          }
        },
        "Compose": {
          "runAfter": {
            "Select": [
              "Succeeded"
            ]
          },
          "metadata": {
            "operationMetadataId": "27170db8-4c2d-4808-b715-af99e08c5313"
          },
          "type": "Compose",
          "inputs": "@json(concat('{', join(body('Select'), ','), '}'))"
        },
        "Empty": {
          "runAfter": {
            "Compose": [
              "Succeeded"
            ]
          },
          "metadata": {
            "operationMetadataId": "4a5c0352-5332-4f77-b661-cb2bace5cf74"
          },
          "type": "Compose",
          "inputs": []
        },
        "Initialize_variable": {
          "runAfter": {},
          "metadata": {
            "operationMetadataId": "ffd98091-1af1-477c-9d58-392e79e2b47a"
          },
          "type": "InitializeVariable",
          "inputs": {
            "variables": [
              {
                "name": "varRequiredClarityProj",
                "type": "array"
              }
            ]
          }
        },
        "Previous_Email": {
          "runAfter": {
            "Initialize_variable": [
              "Succeeded"
            ]
          },
          "metadata": {
            "operationMetadataId": "d8a2d7c9-c32b-435c-ac65-ee5a4835fa31"
          },
          "type": "InitializeVariable",
          "inputs": {
            "variables": [
              {
                "name": "varPreviousEmail",
                "type": "string"
              }
            ]
          }
        },
        "Apply_to_each": {
          "foreach": "@outputs('List_rows_present_in_a_table')?['body/value']",
          "actions": {
            "CG_Email_ID": {
              "runAfter": {},
              "metadata": {
                "operationMetadataId": "d272f23b-f5b1-476d-9ddf-56cc131a544c"
              },
              "type": "Compose",
              "inputs": "@items('Apply_to_each')?['Resource CGEmailID']"
            },
            "Condition_3": {
              "actions": {
                "Condition": {
                  "actions": {
                    "List_rows_present_in_a_table_2": {
                      "runAfter": {},
                      "metadata": {
                        "01CPMC5SMIWLWA2H5DYZDLPTUT5I26OR2U": "/Copy of 2024 Resource Allocation.xlsx",
                        "operationMetadataId": "8eaee30f-28aa-4f7f-aebc-5ad42497129a",
                        "tableId": "{00000000-000C-0000-FFFF-FFFF03000000}",
                        "01CPMC5SLQUJQOFN2QAVAYCON3DLLFYC22": "/2024 Resource Allocation (1).xlsx",
                        "01G3CJ2UELM5VZTLWSLBBJPD7DHTOSQU4P": "/Documents/2024 Resource Allocation (1).xlsx",
                        "01G3CJ2UH6FQ7ZUIFIRBCKWLQEJMCQZ6VQ": "/Documents/2024 Resource Allocation (2).xlsx",
                        "01O6QBFHCZBFHSASVG2ZHK24KYPHCA3V52": "/Documents/2024 Resource Allocation.xlsx",
                        "01O6QBFHDDNN4SK5JFGBBLEL4P2BVXQGMB": "/Documents/2024 Resource Allocation.xlsx"
                      },
                      "type": "OpenApiConnection",
                      "inputs": {
                        "host": {
                          "connectionName": "shared_excelonlinebusiness_1",
                          "operationId": "GetItems",
                          "apiId": "/providers/Microsoft.PowerApps/apis/shared_excelonlinebusiness"
                        },
                        "parameters": {
                          "source": "me",
                          "drive": "b!oXrWly2BWEOfMPlXHoBhlm16UEnBDL1GiY_pkKAFd6PJLakLX4MEQaZiflkq1TVM",
                          "file": "01O6QBFHDDNN4SK5JFGBBLEL4P2BVXQGMB",
                          "table": "{00000000-000C-0000-FFFF-FFFF03000000}"
                        },
                        "authentication": {
                          "type": "Raw",
                          "value": "@json(decodeBase64(triggerOutputs().headers['X-MS-APIM-Tokens']))['$ConnectionKey']"
                        }
                      },
                      "runtimeConfiguration": {
                        "paginationPolicy": {
                          "minimumItemCount": 100000
                        }
                      }
                    },
                    "Filter_array": {
                      "runAfter": {
                        "Compose_4": [
                          "Succeeded"
                        ]
                      },
                      "metadata": {
                        "operationMetadataId": "d7231dc7-f2f9-417e-afd5-0483b129c82b"
                      },
                      "type": "Query",
                      "inputs": {
                        "from": "@outputs('List_rows_present_in_a_table_2')?['body/value']",
                        "where": "@equals(item()?['Resource CGEmailID'], outputs('CG_Email_ID'))"
                      }
                    },
                    "Parse_JSON": {
                      "runAfter": {
                        "Filter_array": [
                          "Succeeded"
                        ]
                      },
                      "metadata": {
                        "operationMetadataId": "6fe93ad5-b3f6-4e48-a361-18e0fd0bd2da"
                      },
                      "type": "ParseJson",
                      "inputs": {
                        "content": "@body('Filter_array')",
                        "schema": {
                          "type": "array",
                          "items": {
                            "type": "object",
                            "properties": {
                              "@@odata.etag": {
                                "type": "string"
                              },
                              "ItemInternalId": {
                                "type": "string"
                              },
                              "BU": {
                                "type": "string"
                              },
                              "Clarity_Project_Name": {
                                "type": "string"
                              },
                              "Project Group": {
                                "type": "string"
                              },
                              "(CG) Delivery manager": {
                                "type": "string"
                              },
                              "Status": {
                                "type": "string"
                              },
                              "Capgemini Project Type\n": {
                                "type": "string"
                              },
                              "CAPEX OPEX": {
                                "type": "string"
                              },
                              "Project closure date": {
                                "type": "string"
                              },
                              "CHANEL billability": {
                                "type": "string"
                              },
                              "CHANEL Planisware Project Group ID": {
                                "type": "string"
                              },
                              "Invoice Group": {
                                "type": "string"
                              },
                              "Main Planisware Project Code": {
                                "type": "string"
                              },
                              "Status resource": {
                                "type": "string"
                              },
                              "Resource Solution Center": {
                                "type": "string"
                              },
                              "cg_Resource": {
                                "type": "string"
                              },
                              "Resource CGEmailID": {
                                "type": "string"
                              },
                              "Billing level": {
                                "type": "string"
                              },
                              "Daily rate": {
                                "type": "string"
                              },
                              "Active check": {
                                "type": "string"
                              },
                              "Billing StartDate Or Date of Joining": {
                                "type": "string"
                              },
                              "Last Working Day": {
                                "type": "string"
                              },
                              "Dec-22": {
                                "type": "string"
                              },
                              "Jan-23": {
                                "type": "string"
                              },
                              "Feb-23": {
                                "type": "string"
                              },
                              "Mar-23": {
                                "type": "string"
                              },
                              "Apr-23": {
                                "type": "string"
                              },
                              "May-23": {
                                "type": "string"
                              },
                              "Jun-23": {
                                "type": "string"
                              },
                              "Jul-23": {
                                "type": "string"
                              },
                              "Aug-23": {
                                "type": "string"
                              },
                              "Sep-23": {
                                "type": "string"
                              },
                              "Oct-23": {
                                "type": "string"
                              },
                              "Nov-23": {
                                "type": "string"
                              },
                              "Dec-23": {
                                "type": "string"
                              },
                              "Jan-24": {
                                "type": "string"
                              },
                              "Feb-24": {
                                "type": "string"
                              },
                              "Mar-24": {
                                "type": "string"
                              },
                              "Apr-24": {
                                "type": "string"
                              },
                              "May-24": {
                                "type": "string"
                              },
                              "Jun-24": {
                                "type": "string"
                              },
                              "Jul-24": {
                                "type": "string"
                              },
                              "Aug-24": {
                                "type": "string"
                              },
                              "Sep-24": {
                                "type": "string"
                              },
                              "Oct-24": {
                                "type": "string"
                              },
                              "Nov-24": {
                                "type": "string"
                              },
                              "Dec-24": {
                                "type": "string"
                              },
                              "Jan-25": {
                                "type": "string"
                              },
                              "Feb-25": {
                                "type": "string"
                              },
                              "Mar-25": {
                                "type": "string"
                              },
                              "Apr-25": {
                                "type": "string"
                              },
                              "May-25": {
                                "type": "string"
                              },
                              "Jun-25": {
                                "type": "string"
                              },
                              "Jul-25": {
                                "type": "string"
                              },
                              "Aug-25": {
                                "type": "string"
                              },
                              "Sep-25": {
                                "type": "string"
                              },
                              "Oct-25": {
                                "type": "string"
                              },
                              "Shift": {
                                "type": "string"
                              },
                              "forecast remaining allocation": {
                                "type": "string"
                              },
                              "UPDATED GFS NAME WITH REFERENTIAL INFORMATION": {
                                "type": "string"
                              },
                              "Comment": {
                                "type": "string"
                              },
                              "Double check": {
                                "type": "string"
                              }
                            },
                            "required": [
                              "@@odata.etag",
                              "ItemInternalId",
                              "BU",
                              "Clarity_Project_Name",
                              "Project Group",
                              "(CG) Delivery manager",
                              "Status",
                              "Capgemini Project Type\n",
                              "CAPEX OPEX",
                              "Project closure date",
                              "CHANEL billability",
                              "CHANEL Planisware Project Group ID",
                              "Invoice Group",
                              "Main Planisware Project Code",
                              "Status resource",
                              "Resource Solution Center",
                              "cg_Resource",
                              "Resource CGEmailID",
                              "Billing level",
                              "Daily rate",
                              "Active check",
                              "Billing StartDate Or Date of Joining",
                              "Last Working Day",
                              "Dec-22",
                              "Jan-23",
                              "Feb-23",
                              "Mar-23",
                              "Apr-23",
                              "May-23",
                              "Jun-23",
                              "Jul-23",
                              "Aug-23",
                              "Sep-23",
                              "Oct-23",
                              "Nov-23",
                              "Dec-23",
                              "Jan-24",
                              "Feb-24",
                              "Mar-24",
                              "Apr-24",
                              "May-24",
                              "Jun-24",
                              "Jul-24",
                              "Aug-24",
                              "Sep-24",
                              "Oct-24",
                              "Nov-24",
                              "Dec-24",
                              "Jan-25",
                              "Feb-25",
                              "Mar-25",
                              "Apr-25",
                              "May-25",
                              "Jun-25",
                              "Jul-25",
                              "Aug-25",
                              "Sep-25",
                              "Oct-25",
                              "Shift",
                              "forecast remaining allocation",
                              "UPDATED GFS NAME WITH REFERENTIAL INFORMATION",
                              "Comment",
                              "Double check"
                            ]
                          }
                        }
                      }
                    },
                    "Apply_to_each_2": {
                      "foreach": "@body('Parse_JSON')",
                      "actions": {
                        "Clarity_Proj_name": {
                          "runAfter": {},
                          "metadata": {
                            "operationMetadataId": "a2cd023b-da35-4ae1-a3e8-dc95f2e7ba81"
                          },
                          "type": "Compose",
                          "inputs": "@items('Apply_to_each_2')['Clarity_Project_Name']"
                        },
                        "Append_to_array_variable": {
                          "runAfter": {
                            "Clarity_Proj_name": [
                              "Succeeded"
                            ]
                          },
                          "metadata": {
                            "operationMetadataId": "5cc0e87c-a7a0-4d6f-933d-32fb3c287eb1"
                          },
                          "type": "AppendToArrayVariable",
                          "inputs": {
                            "name": "varRequiredClarityProj",
                            "value": "@outputs('Clarity_Proj_name')"
                          }
                        }
                      },
                      "runAfter": {
                        "Parse_JSON": [
                          "Succeeded"
                        ]
                      },
                      "metadata": {
                        "operationMetadataId": "cd2d7ce1-97f3-4ab3-8660-517f237a4c0d"
                      },
                      "type": "Foreach"
                    },
                    "Apply_to_each_3": {
                      "foreach": "@outputs('List_rows_')?['body/value']",
                      "actions": {
                        "Compose_3": {
                          "runAfter": {},
                          "metadata": {
                            "operationMetadataId": "2f020c2c-e2bd-47c7-a88c-4a72a94a108d"
                          },
                          "type": "Compose",
                          "inputs": "@items('Apply_to_each_3')?['new_name']"
                        },
                        "Condition_2": {
                          "actions": {
                            "No_Delete": {
                              "runAfter": {},
                              "metadata": {
                                "operationMetadataId": "419fec72-d40b-4339-8efc-1d054fbf530d"
                              },
                              "type": "Compose",
                              "inputs": "No Delete"
                            }
                          },
                          "runAfter": {
                            "Proj_Name": [
                              "Succeeded"
                            ]
                          },
                          "else": {
                            "actions": {
                              "Delete": {
                                "runAfter": {},
                                "metadata": {
                                  "operationMetadataId": "3f385f43-7b6e-4ef4-904b-edb44bfa53a2"
                                },
                                "type": "Compose",
                                "inputs": "Delete"
                              },
                              "Delete_a_row": {
                                "runAfter": {
                                  "Delete": [
                                    "Succeeded"
                                  ]
                                },
                                "metadata": {
                                  "operationMetadataId": "5751ec13-4e30-4be9-858e-0e2a384b5157"
                                },
                                "type": "OpenApiConnection",
                                "inputs": {
                                  "host": {
                                    "connectionName": "shared_commondataserviceforapps",
                                    "operationId": "DeleteRecord",
                                    "apiId": "/providers/Microsoft.PowerApps/apis/shared_commondataserviceforapps"
                                  },
                                  "parameters": {
                                    "entityName": "new_data_inputs",
                                    "recordId": "@items('Apply_to_each_3')?['new_data_inputid']"
                                  },
                                  "authentication": {
                                    "type": "Raw",
                                    "value": "@json(decodeBase64(triggerOutputs().headers['X-MS-APIM-Tokens']))['$ConnectionKey']"
                                  }
                                }
                              }
                            }
                          },
                          "expression": {
                            "contains": [
                              "@variables('varRequiredClarityProj')",
                              "@outputs('Proj_Name')"
                            ]
                          },
                          "metadata": {
                            "operationMetadataId": "ea1a552d-4d7e-4dbf-9e7d-e2177f889cbc"
                          },
                          "type": "If"
                        },
                        "Proj_Name": {
                          "runAfter": {
                            "Compose_3": [
                              "Succeeded"
                            ]
                          },
                          "metadata": {
                            "operationMetadataId": "74762d32-ad12-48d2-be8d-7c017a48deca"
                          },
                          "type": "Compose",
                          "inputs": "@item()?['_new_clarityprojectname_value@OData.Community.Display.V1.FormattedValue']"
                        }
                      },
                      "runAfter": {
                        "List_rows_": [
                          "Succeeded"
                        ]
                      },
                      "metadata": {
                        "operationMetadataId": "e0e0084c-91d2-4151-997b-9c04125f9e86"
                      },
                      "type": "Foreach"
                    },
                    "Set_variable_2": {
                      "runAfter": {
                        "List_rows_present_in_a_table_2": [
                          "Succeeded"
                        ]
                      },
                      "metadata": {
                        "operationMetadataId": "1154f0b1-3e89-474b-bf7f-863c4290a4fb"
                      },
                      "type": "SetVariable",
                      "inputs": {
                        "name": "varRequiredClarityProj",
                        "value": []
                      }
                    },
                    "Test_Array_Value": {
                      "runAfter": {
                        "Apply_to_each_2": [
                          "Succeeded"
                        ]
                      },
                      "metadata": {
                        "operationMetadataId": "3fc14592-3653-4ac8-85c8-fc506429e6a5"
                      },
                      "type": "Compose",
                      "inputs": "@variables('varRequiredClarityProj')"
                    },
                    "List_rows_": {
                      "runAfter": {
                        "Test_Array_Value": [
                          "Succeeded"
                        ]
                      },
                      "metadata": {
                        "operationMetadataId": "667056a7-4de9-4229-ae18-83636788c80f"
                      },
                      "type": "OpenApiConnection",
                      "inputs": {
                        "host": {
                          "connectionName": "shared_commondataserviceforapps",
                          "operationId": "ListRecords",
                          "apiId": "/providers/Microsoft.PowerApps/apis/shared_commondataserviceforapps"
                        },
                        "parameters": {
                          "entityName": "new_data_inputs",
                          "$filter": "_new_resourcetrackerlookup_value eq @{outputs('Compose_2')?[items('Apply_to_each')?['Resource CGEmailID']]}  and new_year eq @{triggerBody()['text']}"
                        },
                        "authentication": {
                          "type": "Raw",
                          "value": "@json(decodeBase64(triggerOutputs().headers['X-MS-APIM-Tokens']))['$ConnectionKey']"
                        }
                      }
                    },
                    "Compose_4": {
                      "runAfter": {
                        "Set_variable_2": [
                          "Succeeded"
                        ]
                      },
                      "metadata": {
                        "operationMetadataId": "81eb3c73-f5a5-439f-bd55-77f870dae074"
                      },
                      "type": "Compose",
                      "inputs": "@variables('varRequiredClarityProj')"
                    }
                  },
                  "runAfter": {},
                  "expression": {
                    "not": {
                      "equals": [
                        "@variables('varPreviousEmail')",
                        "@outputs('CG_Email_ID')"
                      ]
                    }
                  },
                  "metadata": {
                    "operationMetadataId": "66882b54-e961-489c-b98d-a8b0d04148e5"
                  },
                  "type": "If"
                },
                "Set_variable": {
                  "runAfter": {
                    "Condition": [
                      "Succeeded"
                    ]
                  },
                  "metadata": {
                    "operationMetadataId": "908b3ac6-c2e5-4c34-8197-bad923b270b2"
                  },
                  "type": "SetVariable",
                  "inputs": {
                    "name": "varPreviousEmail",
                    "value": "@{outputs('CG_Email_ID')}"
                  }
                },
                "Set_variable_3": {
                  "runAfter": {
                    "Set_variable": [
                      "Succeeded"
                    ]
                  },
                  "metadata": {
                    "operationMetadataId": "1154f0b1-3e89-474b-bf7f-863c4290a4fb"
                  },
                  "type": "SetVariable",
                  "inputs": {
                    "name": "varRequiredClarityProj",
                    "value": []
                  }
                },
                "Compose_5": {
                  "runAfter": {
                    "Set_variable_3": [
                      "Succeeded"
                    ]
                  },
                  "metadata": {
                    "operationMetadataId": "7adcf98b-96b8-42f6-af8d-f7f27795168b"
                  },
                  "type": "Compose",
                  "inputs": "@variables('varRequiredClarityProj')"
                }
              },
              "runAfter": {
                "CG_Email_ID": [
                  "Succeeded"
                ]
              },
              "expression": {
                "not": {
                  "equals": [
                    "@outputs('CG_Email_ID')",
                    "Resource_Missing"
                  ]
                }
              },
              "metadata": {
                "operationMetadataId": "8a086b68-f674-4e6b-ade0-080df85978a3"
              },
              "type": "If"
            }
          },
          "runAfter": {
            "Empty": [
              "Succeeded"
            ]
          },
          "metadata": {
            "operationMetadataId": "fde4fc3d-d76a-465f-8a0d-9082b675e5a2"
          },
          "type": "Foreach"
        }
      }
    },
    "templateName": ""
  },
  "schemaVersion": "1.0.0.0"
}