{
  "properties": {
    "connectionReferences": {
      "shared_excelonlinebusiness": {
        "runtimeSource": "invoker",
        "connection": {
          "connectionReferenceLogicalName": "new_sharedexcelonlinebusiness_75e58"
        },
        "api": {
          "name": "shared_excelonlinebusiness"
        }
      },
      "shared_commondataserviceforapps_1": {
        "runtimeSource": "embedded",
        "connection": {
          "connectionReferenceLogicalName": "new_sharedcommondataserviceforapps_5201e"
        },
        "api": {
          "name": "shared_commondataserviceforapps"
        }
      },
      "shared_commondataserviceforapps": {
        "runtimeSource": "embedded",
        "connection": {
          "connectionReferenceLogicalName": "new_sharedcommondataserviceforapps_5201e"
        },
        "api": {
          "name": "shared_commondataserviceforapps"
        }
      }
    },
    "definition": {
      "$schema": "https://schema.management.azure.com/providers/Microsoft.Logic/schemas/2016-06-01/workflowdefinition.json#",
      "contentVersion": "1.0.0.0",
      "parameters": {
        "$connections": {
          "defaultValue": {},
          "type": "Object"
        },
        "$authentication": {
          "defaultValue": {},
          "type": "SecureObject"
        }
      },
      "triggers": {
        "manual": {
          "metadata": {
            "operationMetadataId": "e47d3d14-57b6-4e26-817c-4337e3d05d71"
          },
          "type": "Request",
          "kind": "Button",
          "inputs": {
            "schema": {
              "type": "object",
              "properties": {},
              "required": []
            }
          }
        }
      },
      "actions": {
        "Resource_tracker": {
          "runAfter": {},
          "metadata": {
            "01TKOMME4WEEZ5NPFK2ZCJVZIKC3UYWKS7": "/General/6. Time Booking/TheRASolution/2024 Resource Allocation - Copy.xlsx",
            "operationMetadataId": "45b404b9-2853-4742-9659-97fc5b518fad",
            "tableId": "@concat('Resource_Tracker_CHK')",
            "01TKOMME5BCRB7FHDOZ5HZ3SMU66H47F7B": "/General/6. Time Booking/TheRASolution/2024 Resource Allocation.xlsx",
            "01O6QBFHBEFYQKJR737BGLBZSZIVIBIBJ2": "/Documents/2024 Resource Allocation.xlsx"
          },
          "type": "OpenApiConnection",
          "inputs": {
            "host": {
              "connectionName": "shared_excelonlinebusiness",
              "operationId": "GetItems",
              "apiId": "/providers/Microsoft.PowerApps/apis/shared_excelonlinebusiness"
            },
            "parameters": {
              "source": "me",
              "drive": "b!oXrWly2BWEOfMPlXHoBhlm16UEnBDL1GiY_pkKAFd6PJLakLX4MEQaZiflkq1TVM",
              "file": "01O6QBFHBEFYQKJR737BGLBZSZIVIBIBJ2",
              "table": "@concat('Resource_Tracker_CHK')",
              "$top": 35
            },
            "authentication": {
              "type": "Raw",
              "value": "@json(decodeBase64(triggerOutputs().headers['X-MS-APIM-Tokens']))['$ConnectionKey']"
            },
            "retryPolicy": {
              "type": "fixed",
              "count": 10,
              "interval": "PT10S"
            }
          },
          "runtimeConfiguration": {
            "paginationPolicy": {
              "minimumItemCount": 10000
            }
          }
        },
        "Billing_Table": {
          "runAfter": {
            "Resource_tracker": [
              "Succeeded"
            ]
          },
          "metadata": {
            "operationMetadataId": "d2758bdf-2604-4d4d-b3dc-3cb25a81797c"
          },
          "type": "OpenApiConnection",
          "inputs": {
            "host": {
              "connectionName": "shared_commondataserviceforapps_1",
              "operationId": "ListRecords",
              "apiId": "/providers/Microsoft.PowerApps/apis/shared_commondataserviceforapps"
            },
            "parameters": {
              "entityName": "new_billingtables"
            },
            "authentication": {
              "type": "Raw",
              "value": "@json(decodeBase64(triggerOutputs().headers['X-MS-APIM-Tokens']))['$ConnectionKey']"
            }
          }
        },
        "Service_Line": {
          "runAfter": {
            "Billing_Table": [
              "Succeeded"
            ]
          },
          "metadata": {
            "operationMetadataId": "8db3a1ec-d482-47f6-8929-5e0a04601f5e"
          },
          "type": "OpenApiConnection",
          "inputs": {
            "host": {
              "connectionName": "shared_commondataserviceforapps",
              "operationId": "ListRecords",
              "apiId": "/providers/Microsoft.PowerApps/apis/shared_commondataserviceforapps"
            },
            "parameters": {
              "entityName": "new_service_lines"
            },
            "authentication": {
              "type": "Raw",
              "value": "@json(decodeBase64(triggerOutputs().headers['X-MS-APIM-Tokens']))['$ConnectionKey']"
            }
          }
        },
        "Practices": {
          "runAfter": {
            "Service_Line": [
              "Succeeded"
            ]
          },
          "metadata": {
            "operationMetadataId": "02df2a35-6556-48a5-bbc8-bbe1a195bf9c"
          },
          "type": "OpenApiConnection",
          "inputs": {
            "host": {
              "connectionName": "shared_commondataserviceforapps",
              "operationId": "ListRecords",
              "apiId": "/providers/Microsoft.PowerApps/apis/shared_commondataserviceforapps"
            },
            "parameters": {
              "entityName": "new_practices",
              "$select": "new_practiceid,new_practice"
            },
            "authentication": {
              "type": "Raw",
              "value": "@json(decodeBase64(triggerOutputs().headers['X-MS-APIM-Tokens']))['$ConnectionKey']"
            }
          }
        },
        "Testing_Box": {
          "runAfter": {
            "Practices": [
              "Succeeded"
            ]
          },
          "metadata": {
            "operationMetadataId": "b8006d06-7256-4f28-afb0-71c827be20e0"
          },
          "type": "OpenApiConnection",
          "inputs": {
            "host": {
              "connectionName": "shared_commondataserviceforapps",
              "operationId": "ListRecords",
              "apiId": "/providers/Microsoft.PowerApps/apis/shared_commondataserviceforapps"
            },
            "parameters": {
              "entityName": "new_testingboxes",
              "$select": "new_testingboxid,new_testingbox"
            },
            "authentication": {
              "type": "Raw",
              "value": "@json(decodeBase64(triggerOutputs().headers['X-MS-APIM-Tokens']))['$ConnectionKey']"
            }
          }
        },
        "Select": {
          "runAfter": {
            "Testing_Box": [
              "Succeeded"
            ]
          },
          "metadata": {
            "operationMetadataId": "ec12fe3e-ecb2-435c-a1d3-2d5c41b5a6e0"
          },
          "type": "Select",
          "inputs": {
            "from": "@outputs('Billing_Table')?['body/value']",
            "select": "@concat('\"', item()?['new_name'], '\":\"', item()?['new_billingtableid'], '\"')"
          }
        },
        "Compose": {
          "runAfter": {
            "Select": [
              "Succeeded"
            ]
          },
          "metadata": {
            "operationMetadataId": "5d36655c-72aa-4ac7-a045-8cbd6a781ae3"
          },
          "type": "Compose",
          "inputs": "@json(concat('{', join(body('Select'), ','), '}'))"
        },
        "Apply_to_each": {
          "foreach": "@outputs('Resource_tracker')?['body/value']",
          "actions": {
            "Compose_2": {
              "runAfter": {},
              "metadata": {
                "operationMetadataId": "032c019b-34eb-4e3b-953e-c321b7351836"
              },
              "type": "Compose",
              "inputs": "@outputs('Compose')?[trim(items('Apply_to_each')?['Billing Role description'])]"
            },
            "Test_Value": {
              "runAfter": {
                "Compose_2": [
                  "Succeeded"
                ]
              },
              "metadata": {
                "operationMetadataId": "282699de-b349-4462-af28-a4a68f8a03e1"
              },
              "type": "Compose",
              "inputs": "new_billingtables(@{outputs('Compose_2')})"
            }
          },
          "runAfter": {
            "Compose": [
              "Succeeded"
            ]
          },
          "metadata": {
            "operationMetadataId": "0b5e91b2-df3b-4046-9abd-488975247549"
          },
          "type": "Foreach"
        }
      }
    },
    "templateName": null
  },
  "schemaVersion": "1.0.0.0"
}