<ImportExportXml version="9.2.25081.226" SolutionPackageVersion="9.2" languagecode="1033" generatedBy="CrmLive" xmlns:xsi="http://www.w3.org/2001/XMLSchema-instance" OrganizationVersion="9.2.25081.226" OrganizationSchemaType="Standard" CRMServerServiceabilityVersion="9.2.25081.00226">
  <SolutionManifest>
    <UniqueName>CrownPAFlows</UniqueName>
    <LocalizedNames>
      <LocalizedName description="Crown PA Flows" languagecode="1033" />
    </LocalizedNames>
    <Descriptions />
    <Version>1.0.0.1</Version>
    <Managed>0</Managed>
    <Publisher>
      <UniqueName>crownproject</UniqueName>
      <LocalizedNames>
        <LocalizedName description="crownproject" languagecode="1033" />
      </LocalizedNames>
      <Descriptions />
      <EMailAddress xsi:nil="true"></EMailAddress>
      <SupportingWebsiteUrl xsi:nil="true"></SupportingWebsiteUrl>
      <CustomizationPrefix>crownpro</CustomizationPrefix>
      <CustomizationOptionValuePrefix>31578</CustomizationOptionValuePrefix>
      <Addresses>
        <Address>
          <AddressNumber>1</AddressNumber>
          <AddressTypeCode>1</AddressTypeCode>
          <City xsi:nil="true"></City>
          <County xsi:nil="true"></County>
          <Country xsi:nil="true"></Country>
          <Fax xsi:nil="true"></Fax>
          <FreightTermsCode xsi:nil="true"></FreightTermsCode>
          <ImportSequenceNumber xsi:nil="true"></ImportSequenceNumber>
          <Latitude xsi:nil="true"></Latitude>
          <Line1 xsi:nil="true"></Line1>
          <Line2 xsi:nil="true"></Line2>
          <Line3 xsi:nil="true"></Line3>
          <Longitude xsi:nil="true"></Longitude>
          <Name xsi:nil="true"></Name>
          <PostalCode xsi:nil="true"></PostalCode>
          <PostOfficeBox xsi:nil="true"></PostOfficeBox>
          <PrimaryContactName xsi:nil="true"></PrimaryContactName>
          <ShippingMethodCode>1</ShippingMethodCode>
          <StateOrProvince xsi:nil="true"></StateOrProvince>
          <Telephone1 xsi:nil="true"></Telephone1>
          <Telephone2 xsi:nil="true"></Telephone2>
          <Telephone3 xsi:nil="true"></Telephone3>
          <TimeZoneRuleVersionNumber xsi:nil="true"></TimeZoneRuleVersionNumber>
          <UPSZone xsi:nil="true"></UPSZone>
          <UTCOffset xsi:nil="true"></UTCOffset>
          <UTCConversionTimeZoneCode xsi:nil="true"></UTCConversionTimeZoneCode>
        </Address>
        <Address>
          <AddressNumber>2</AddressNumber>
          <AddressTypeCode>1</AddressTypeCode>
          <City xsi:nil="true"></City>
          <County xsi:nil="true"></County>
          <Country xsi:nil="true"></Country>
          <Fax xsi:nil="true"></Fax>
          <FreightTermsCode xsi:nil="true"></FreightTermsCode>
          <ImportSequenceNumber xsi:nil="true"></ImportSequenceNumber>
          <Latitude xsi:nil="true"></Latitude>
          <Line1 xsi:nil="true"></Line1>
          <Line2 xsi:nil="true"></Line2>
          <Line3 xsi:nil="true"></Line3>
          <Longitude xsi:nil="true"></Longitude>
          <Name xsi:nil="true"></Name>
          <PostalCode xsi:nil="true"></PostalCode>
          <PostOfficeBox xsi:nil="true"></PostOfficeBox>
          <PrimaryContactName xsi:nil="true"></PrimaryContactName>
          <ShippingMethodCode>1</ShippingMethodCode>
          <StateOrProvince xsi:nil="true"></StateOrProvince>
          <Telephone1 xsi:nil="true"></Telephone1>
          <Telephone2 xsi:nil="true"></Telephone2>
          <Telephone3 xsi:nil="true"></Telephone3>
          <TimeZoneRuleVersionNumber xsi:nil="true"></TimeZoneRuleVersionNumber>
          <UPSZone xsi:nil="true"></UPSZone>
          <UTCOffset xsi:nil="true"></UTCOffset>
          <UTCConversionTimeZoneCode xsi:nil="true"></UTCConversionTimeZoneCode>
        </Address>
      </Addresses>
    </Publisher>
    <RootComponents>
      <RootComponent type="29" id="{09e91dad-e5cf-ee11-9079-000d3a4751b9}" behavior="0" />
      <RootComponent type="29" id="{0ae91dad-e5cf-ee11-9079-000d3a4751b9}" behavior="0" />
      <RootComponent type="29" id="{0be91dad-e5cf-ee11-9079-000d3a4751b9}" behavior="0" />
      <RootComponent type="29" id="{14ea2734-d687-f011-b4cc-6045bd99a6c6}" behavior="0" />
      <RootComponent type="29" id="{1aea2734-d687-f011-b4cc-6045bd99a6c6}" behavior="0" />
      <RootComponent type="29" id="{1bd7293a-d687-f011-b4cc-6045bd99a6c6}" behavior="0" />
      <RootComponent type="29" id="{23623ff8-7acd-ee11-9079-000d3a4751b9}" behavior="0" />
      <RootComponent type="29" id="{36635179-06cb-ee11-9079-000d3a4751b9}" behavior="0" />
      <RootComponent type="29" id="{3e43cbbb-e4cf-ee11-9079-000d3a4751b9}" behavior="0" />
      <RootComponent type="29" id="{644dd826-accd-ee11-9079-000d3a4751b9}" behavior="0" />
      <RootComponent type="29" id="{6d562f30-73c9-ee11-9079-000d3a4751b9}" behavior="0" />
      <RootComponent type="29" id="{6fdeb965-2ac7-ee11-9079-000d3a4751b9}" behavior="0" />
      <RootComponent type="29" id="{7451c946-54fd-ee11-a1fe-6045bdf32421}" behavior="0" />
      <RootComponent type="29" id="{78abf354-d0cf-ee11-9079-000d3a4751b9}" behavior="0" />
      <RootComponent type="29" id="{8c70b494-d087-f011-b4cc-6045bd99a6c6}" behavior="0" />
      <RootComponent type="29" id="{9d3d9084-d287-f011-b4cc-6045bd99a6c6}" behavior="0" />
      <RootComponent type="29" id="{c5e92734-d687-f011-b4cc-6045bd99a6c6}" behavior="0" />
      <RootComponent type="29" id="{c8e92734-d687-f011-b4cc-6045bd99a6c6}" behavior="0" />
      <RootComponent type="29" id="{d8bae256-29ce-ee11-9079-000d3a4751b9}" behavior="0" />
      <RootComponent type="29" id="{ead6293a-d687-f011-b4cc-6045bd99a6c6}" behavior="0" />
      <RootComponent type="29" id="{ebd6293a-d687-f011-b4cc-6045bd99a6c6}" behavior="0" />
      <RootComponent type="29" id="{ecd6293a-d687-f011-b4cc-6045bd99a6c6}" behavior="0" />
      <RootComponent type="29" id="{edd6293a-d687-f011-b4cc-6045bd99a6c6}" behavior="0" />
      <RootComponent type="29" id="{f8a6fb58-d687-f011-b4cc-6045bd99a6c6}" behavior="0" />
    </RootComponents>
    <MissingDependencies>
      <MissingDependency>
        <Required type="29" displayName="Capgemini_SLA-Live" solution="SLABreach (1.0.0.2)" id="{7451c946-54fd-ee11-a1fe-6045bdf32421}" />
        <Dependent type="29" displayName="Capgemini_SLA-Live" id="{7451c946-54fd-ee11-a1fe-6045bdf32421}" />
      </MissingDependency>
    </MissingDependencies>
  </SolutionManifest>
</ImportExportXml>