<ImportExportXml xmlns:xsi="http://www.w3.org/2001/XMLSchema-instance" OrganizationVersion="9.2.24092.178" OrganizationSchemaType="Standard" CRMServerServiceabilityVersion="9.2.24092.00178">
  <Entities></Entities>
  <Roles></Roles>
  <Workflows>
    <Workflow WorkflowId="{eaa3d1bb-c5d4-ee11-9079-000d3a4751b9}" Name="GeneratePDFfromWord" Description="Create one or more actions to happen when a button or link in Power Apps is selected. To use this flow from a Power App, select the control you want to trigger the flow and go to the Action tab in the Power Apps ribbon and select Flows.">
      <JsonFileName>/Workflows/GeneratePDFfromWord-EAA3D1BB-C5D4-EE11-9079-000D3A4751B9.json</JsonFileName>
      <Type>1</Type>
      <Subprocess>0</Subprocess>
      <Category>5</Category>
      <Mode>0</Mode>
      <Scope>4</Scope>
      <OnDemand>0</OnDemand>
      <TriggerOnCreate>0</TriggerOnCreate>
      <TriggerOnDelete>0</TriggerOnDelete>
      <AsyncAutodelete>0</AsyncAutodelete>
      <SyncWorkflowLogOnFailure>0</SyncWorkflowLogOnFailure>
      <StateCode>0</StateCode>
      <StatusCode>1</StatusCode>
      <RunAs>1</RunAs>
      <IsTransacted>1</IsTransacted>
      <IntroducedVersion>1.0.0.0</IntroducedVersion>
      <IsCustomizable>1</IsCustomizable>
      <IsCustomProcessingStepAllowedForOtherPublishers>1</IsCustomProcessingStepAllowedForOtherPublishers>
      <PrimaryEntity>none</PrimaryEntity>
      <LocalizedNames>
        <LocalizedName languagecode="1033" description="GeneratePDFfromWord" />
      </LocalizedNames>
      <Descriptions>
        <Description languagecode="1033" description="Create one or more actions to happen when a button or link in Power Apps is selected. To use this flow from a Power App, select the control you want to trigger the flow and go to the Action tab in the Power Apps ribbon and select Flows." />
      </Descriptions>
    </Workflow>
    <Workflow WorkflowId="{f83bc5f5-5dd5-ee11-904d-000d3ac717b4}" Name="FA Rework for file upload">
      <JsonFileName>/Workflows/FAReworkforfileupload-F83BC5F5-5DD5-EE11-904D-000D3AC717B4.json</JsonFileName>
      <Type>1</Type>
      <Subprocess>0</Subprocess>
      <Category>5</Category>
      <Mode>0</Mode>
      <Scope>4</Scope>
      <OnDemand>0</OnDemand>
      <TriggerOnCreate>0</TriggerOnCreate>
      <TriggerOnDelete>0</TriggerOnDelete>
      <AsyncAutodelete>0</AsyncAutodelete>
      <SyncWorkflowLogOnFailure>0</SyncWorkflowLogOnFailure>
      <StateCode>0</StateCode>
      <StatusCode>1</StatusCode>
      <RunAs>1</RunAs>
      <IsTransacted>1</IsTransacted>
      <IntroducedVersion>1.0.0.0</IntroducedVersion>
      <IsCustomizable>1</IsCustomizable>
      <BusinessProcessType>0</BusinessProcessType>
      <IsCustomProcessingStepAllowedForOtherPublishers>1</IsCustomProcessingStepAllowedForOtherPublishers>
      <PrimaryEntity>none</PrimaryEntity>
      <LocalizedNames>
        <LocalizedName languagecode="1033" description="FA Rework for file upload" />
      </LocalizedNames>
    </Workflow>
    <Workflow WorkflowId="{fa3bc5f5-5dd5-ee11-904d-000d3ac717b4}" Name="FA Rework for file upload - POC">
      <JsonFileName>/Workflows/FAReworkforfileupload-POC-FA3BC5F5-5DD5-EE11-904D-000D3AC717B4.json</JsonFileName>
      <Type>1</Type>
      <Subprocess>0</Subprocess>
      <Category>5</Category>
      <Mode>0</Mode>
      <Scope>4</Scope>
      <OnDemand>0</OnDemand>
      <TriggerOnCreate>0</TriggerOnCreate>
      <TriggerOnDelete>0</TriggerOnDelete>
      <AsyncAutodelete>0</AsyncAutodelete>
      <SyncWorkflowLogOnFailure>0</SyncWorkflowLogOnFailure>
      <StateCode>0</StateCode>
      <StatusCode>1</StatusCode>
      <RunAs>1</RunAs>
      <IsTransacted>1</IsTransacted>
      <IntroducedVersion>1.0.0.0</IntroducedVersion>
      <IsCustomizable>1</IsCustomizable>
      <BusinessProcessType>0</BusinessProcessType>
      <IsCustomProcessingStepAllowedForOtherPublishers>1</IsCustomProcessingStepAllowedForOtherPublishers>
      <PrimaryEntity>none</PrimaryEntity>
      <LocalizedNames>
        <LocalizedName languagecode="1033" description="FA Rework for file upload - POC" />
      </LocalizedNames>
    </Workflow>
    <Workflow WorkflowId="{df08fbcd-02d6-ee11-904d-000d3ac71cd1}" Name="Generate Excel in Invoice Format">
      <JsonFileName>/Workflows/GenerateExcelinInvoiceFormat-DF08FBCD-02D6-EE11-904D-000D3AC71CD1.json</JsonFileName>
      <Type>1</Type>
      <Subprocess>0</Subprocess>
      <Category>5</Category>
      <Mode>0</Mode>
      <Scope>4</Scope>
      <OnDemand>0</OnDemand>
      <TriggerOnCreate>0</TriggerOnCreate>
      <TriggerOnDelete>0</TriggerOnDelete>
      <AsyncAutodelete>0</AsyncAutodelete>
      <SyncWorkflowLogOnFailure>0</SyncWorkflowLogOnFailure>
      <StateCode>0</StateCode>
      <StatusCode>1</StatusCode>
      <RunAs>1</RunAs>
      <IsTransacted>1</IsTransacted>
      <IntroducedVersion>1.0.0.0</IntroducedVersion>
      <IsCustomizable>1</IsCustomizable>
      <BusinessProcessType>0</BusinessProcessType>
      <IsCustomProcessingStepAllowedForOtherPublishers>1</IsCustomProcessingStepAllowedForOtherPublishers>
      <PrimaryEntity>none</PrimaryEntity>
      <LocalizedNames>
        <LocalizedName languagecode="1033" description="Generate Excel in Invoice Format" />
      </LocalizedNames>
    </Workflow>
    <Workflow WorkflowId="{2ecdafdf-9cdb-ee11-904c-6045bd1b6089}" Name="invoice -- status">
      <JsonFileName>/Workflows/invoice--status-2ECDAFDF-9CDB-EE11-904C-6045BD1B6089.json</JsonFileName>
      <Type>1</Type>
      <Subprocess>0</Subprocess>
      <Category>5</Category>
      <Mode>0</Mode>
      <Scope>4</Scope>
      <OnDemand>0</OnDemand>
      <TriggerOnCreate>0</TriggerOnCreate>
      <TriggerOnDelete>0</TriggerOnDelete>
      <AsyncAutodelete>0</AsyncAutodelete>
      <SyncWorkflowLogOnFailure>0</SyncWorkflowLogOnFailure>
      <StateCode>0</StateCode>
      <StatusCode>1</StatusCode>
      <RunAs>1</RunAs>
      <IsTransacted>1</IsTransacted>
      <IntroducedVersion>1.0.0.0</IntroducedVersion>
      <IsCustomizable>1</IsCustomizable>
      <BusinessProcessType>0</BusinessProcessType>
      <IsCustomProcessingStepAllowedForOtherPublishers>1</IsCustomProcessingStepAllowedForOtherPublishers>
      <PrimaryEntity>none</PrimaryEntity>
      <LocalizedNames>
        <LocalizedName languagecode="1033" description="invoice -- status" />
      </LocalizedNames>
    </Workflow>
    <Workflow WorkflowId="{5cfd7fe1-bddb-ee11-904c-6045bd1b6089}" Name="Generate_Invoice">
      <JsonFileName>/Workflows/Generate_Invoice-5CFD7FE1-BDDB-EE11-904C-6045BD1B6089.json</JsonFileName>
      <Type>1</Type>
      <Subprocess>0</Subprocess>
      <Category>5</Category>
      <Mode>0</Mode>
      <Scope>4</Scope>
      <OnDemand>0</OnDemand>
      <TriggerOnCreate>0</TriggerOnCreate>
      <TriggerOnDelete>0</TriggerOnDelete>
      <AsyncAutodelete>0</AsyncAutodelete>
      <SyncWorkflowLogOnFailure>0</SyncWorkflowLogOnFailure>
      <StateCode>0</StateCode>
      <StatusCode>1</StatusCode>
      <RunAs>1</RunAs>
      <IsTransacted>1</IsTransacted>
      <IntroducedVersion>1.0.0.4</IntroducedVersion>
      <IsCustomizable>1</IsCustomizable>
      <BusinessProcessType>0</BusinessProcessType>
      <IsCustomProcessingStepAllowedForOtherPublishers>1</IsCustomProcessingStepAllowedForOtherPublishers>
      <PrimaryEntity>none</PrimaryEntity>
      <LocalizedNames>
        <LocalizedName languagecode="1033" description="Generate_Invoice" />
      </LocalizedNames>
    </Workflow>
    <Workflow WorkflowId="{64fd7fe1-bddb-ee11-904c-6045bd1b6089}" Name="Execute Stored Procedure and store it into DV">
      <JsonFileName>/Workflows/ExecuteStoredProcedureandstoreitintoDV-64FD7FE1-BDDB-EE11-904C-6045BD1B6089.json</JsonFileName>
      <Type>1</Type>
      <Subprocess>0</Subprocess>
      <Category>5</Category>
      <Mode>0</Mode>
      <Scope>4</Scope>
      <OnDemand>0</OnDemand>
      <TriggerOnCreate>0</TriggerOnCreate>
      <TriggerOnDelete>0</TriggerOnDelete>
      <AsyncAutodelete>0</AsyncAutodelete>
      <SyncWorkflowLogOnFailure>0</SyncWorkflowLogOnFailure>
      <StateCode>0</StateCode>
      <StatusCode>1</StatusCode>
      <RunAs>1</RunAs>
      <IsTransacted>1</IsTransacted>
      <IntroducedVersion>1.0.0.4</IntroducedVersion>
      <IsCustomizable>1</IsCustomizable>
      <BusinessProcessType>0</BusinessProcessType>
      <IsCustomProcessingStepAllowedForOtherPublishers>1</IsCustomProcessingStepAllowedForOtherPublishers>
      <PrimaryEntity>none</PrimaryEntity>
      <LocalizedNames>
        <LocalizedName languagecode="1033" description="Execute Stored Procedure and store it into DV" />
      </LocalizedNames>
    </Workflow>
    <Workflow WorkflowId="{65fd7fe1-bddb-ee11-904c-6045bd1b6089}" Name="Transform Data to DV">
      <JsonFileName>/Workflows/TransformDatatoDV-65FD7FE1-BDDB-EE11-904C-6045BD1B6089.json</JsonFileName>
      <Type>1</Type>
      <Subprocess>0</Subprocess>
      <Category>5</Category>
      <Mode>0</Mode>
      <Scope>4</Scope>
      <OnDemand>0</OnDemand>
      <TriggerOnCreate>0</TriggerOnCreate>
      <TriggerOnDelete>0</TriggerOnDelete>
      <AsyncAutodelete>0</AsyncAutodelete>
      <SyncWorkflowLogOnFailure>0</SyncWorkflowLogOnFailure>
      <StateCode>0</StateCode>
      <StatusCode>1</StatusCode>
      <RunAs>1</RunAs>
      <IsTransacted>1</IsTransacted>
      <IntroducedVersion>1.0.0.4</IntroducedVersion>
      <IsCustomizable>1</IsCustomizable>
      <BusinessProcessType>0</BusinessProcessType>
      <IsCustomProcessingStepAllowedForOtherPublishers>1</IsCustomProcessingStepAllowedForOtherPublishers>
      <PrimaryEntity>none</PrimaryEntity>
      <LocalizedNames>
        <LocalizedName languagecode="1033" description="Transform Data to DV" />
      </LocalizedNames>
    </Workflow>
    <Workflow WorkflowId="{66fd7fe1-bddb-ee11-904c-6045bd1b6089}" Name="Transform Data to DV SP">
      <JsonFileName>/Workflows/TransformDatatoDVSP-66FD7FE1-BDDB-EE11-904C-6045BD1B6089.json</JsonFileName>
      <Type>1</Type>
      <Subprocess>0</Subprocess>
      <Category>5</Category>
      <Mode>0</Mode>
      <Scope>4</Scope>
      <OnDemand>0</OnDemand>
      <TriggerOnCreate>0</TriggerOnCreate>
      <TriggerOnDelete>0</TriggerOnDelete>
      <AsyncAutodelete>0</AsyncAutodelete>
      <SyncWorkflowLogOnFailure>0</SyncWorkflowLogOnFailure>
      <StateCode>0</StateCode>
      <StatusCode>1</StatusCode>
      <RunAs>1</RunAs>
      <IsTransacted>1</IsTransacted>
      <IntroducedVersion>1.0.0.4</IntroducedVersion>
      <IsCustomizable>1</IsCustomizable>
      <BusinessProcessType>0</BusinessProcessType>
      <IsCustomProcessingStepAllowedForOtherPublishers>1</IsCustomProcessingStepAllowedForOtherPublishers>
      <PrimaryEntity>none</PrimaryEntity>
      <LocalizedNames>
        <LocalizedName languagecode="1033" description="Transform Data to DV SP" />
      </LocalizedNames>
    </Workflow>
    <Workflow WorkflowId="{03254a80-afd4-ee11-904d-6045bd1cb9b9}" Name="Export to Excel">
      <JsonFileName>/Workflows/ExporttoExcel-03254A80-AFD4-EE11-904D-6045BD1CB9B9.json</JsonFileName>
      <Type>1</Type>
      <Subprocess>0</Subprocess>
      <Category>5</Category>
      <Mode>0</Mode>
      <Scope>4</Scope>
      <OnDemand>0</OnDemand>
      <TriggerOnCreate>0</TriggerOnCreate>
      <TriggerOnDelete>0</TriggerOnDelete>
      <AsyncAutodelete>0</AsyncAutodelete>
      <SyncWorkflowLogOnFailure>0</SyncWorkflowLogOnFailure>
      <StateCode>0</StateCode>
      <StatusCode>1</StatusCode>
      <RunAs>1</RunAs>
      <IsTransacted>1</IsTransacted>
      <IntroducedVersion>1.0.0.0</IntroducedVersion>
      <IsCustomizable>1</IsCustomizable>
      <BusinessProcessType>0</BusinessProcessType>
      <IsCustomProcessingStepAllowedForOtherPublishers>1</IsCustomProcessingStepAllowedForOtherPublishers>
      <PrimaryEntity>none</PrimaryEntity>
      <LocalizedNames>
        <LocalizedName languagecode="1033" description="Export to Excel" />
      </LocalizedNames>
    </Workflow>
    <Workflow WorkflowId="{44242e52-cad7-ee11-904c-6045bd2070b3}" Name="Generate Excel in Invoice Format V01">
      <JsonFileName>/Workflows/GenerateExcelinInvoiceFormatV01-44242E52-CAD7-EE11-904C-6045BD2070B3.json</JsonFileName>
      <Type>1</Type>
      <Subprocess>0</Subprocess>
      <Category>5</Category>
      <Mode>0</Mode>
      <Scope>4</Scope>
      <OnDemand>0</OnDemand>
      <TriggerOnCreate>0</TriggerOnCreate>
      <TriggerOnDelete>0</TriggerOnDelete>
      <AsyncAutodelete>0</AsyncAutodelete>
      <SyncWorkflowLogOnFailure>0</SyncWorkflowLogOnFailure>
      <StateCode>0</StateCode>
      <StatusCode>1</StatusCode>
      <RunAs>1</RunAs>
      <IsTransacted>1</IsTransacted>
      <IntroducedVersion>1.0</IntroducedVersion>
      <IsCustomizable>1</IsCustomizable>
      <BusinessProcessType>0</BusinessProcessType>
      <IsCustomProcessingStepAllowedForOtherPublishers>1</IsCustomProcessingStepAllowedForOtherPublishers>
      <PrimaryEntity>none</PrimaryEntity>
      <LocalizedNames>
        <LocalizedName languagecode="1033" description="Generate Excel in Invoice Format V01" />
      </LocalizedNames>
    </Workflow>
  </Workflows>
  <FieldSecurityProfiles></FieldSecurityProfiles>
  <Templates />
  <EntityMaps />
  <EntityRelationships />
  <OrganizationSettings />
  <optionsets />
  <CustomControls />
  <EntityDataProviders />
  <CanvasApps>
    <CanvasApp>
      <Name>fadev_fareworkinboundtroubleshoot_c6887</Name>
      <AppVersion>2024-02-29T15:55:29Z</AppVersion>
      <Status>Ready</Status>
      <CreatedByClientVersion>3.24023.11.0</CreatedByClientVersion>
      <MinClientVersion>3.24023.11.0</MinClientVersion>
      <Tags>{"sp-site-id":"https://capgemini.sharepoint.com/sites/AutomationTeam613","sp-list-id":"fc5dd5c3-91e5-47d4-81c2-1d6d41c8ea2c","https://capgemini.sharepoint.com/sites/AutomationTeam613":"fc5dd5c3-91e5-47d4-81c2-1d6d41c8ea2c","primaryDeviceWidth":"3000","primaryDeviceHeight":"1500","supportsPortrait":"true","supportsLandscape":"true","primaryFormFactor":"Phone","showStatusBar":"false","publisherVersion":"3.24023.11","minimumRequiredApiVersion":"2.2.0","hasComponent":"false","hasUnlockedComponent":"false","isUnifiedRootApp":"false","sienaVersion":"20240227T060422Z-3.24022.13.0","offlineLargeFilesSupport":"false"}</Tags>
      <IsCdsUpgraded>0</IsCdsUpgraded>
      <GalleryItemId xsi:nil="true"></GalleryItemId>
      <BackgroundColor>rgba(255, 255, 255, 1)</BackgroundColor>
      <DisplayName>FA REWORK Inbound - Troubleshoot</DisplayName>
      <Description xsi:nil="true"></Description>
      <CommitMessage xsi:nil="true"></CommitMessage>
      <Publisher xsi:nil="true"></Publisher>
      <AuthorizationReferences>[]</AuthorizationReferences>
      <ConnectionReferences>{"c0f5f637-7548-4b4f-8f40-a18925ad23ff":{"id":"/providers/microsoft.powerapps/apis/shared_logicflows","displayName":"Logic flows","iconUri":"https://connectoricons-prod.azureedge.net/releases/v1.0.1680/1.0.1680.3652/logicflows/icon.png","dataSources":["Generate_Invoice"],"dependencies":["0f6e7bdd-d001-4f9a-b328-d5a7921c6901"],"dependents":[],"parameterHints":{"workflowName":{"value":"e35c51e1-14bc-49c4-a85d-3efddbf034d5"},"workflowEntityId":{},"0f6e7bdd-d001-4f9a-b328-d5a7921c6901":{"value":"shared_onedriveforbusiness"}},"parameterHintsV2":{"workflowName":{"value":"e35c51e1-14bc-49c4-a85d-3efddbf034d5"},"workflowEntityId":{},"shared_onedriveforbusiness":{"value":"0f6e7bdd-d001-4f9a-b328-d5a7921c6901"}},"isOnPremiseConnection":false,"bypassConsent":false,"dataSets":{},"apiTier":"Standard"},"0f6e7bdd-d001-4f9a-b328-d5a7921c6901":{"id":"/providers/microsoft.powerapps/apis/shared_onedriveforbusiness","displayName":"OneDrive for Business","iconUri":"https://connectoricons-prod.azureedge.net/releases/v1.0.1669/1.0.1669.3520/onedriveforbusiness/icon.png","dataSources":[],"dependencies":[],"dependents":["c0f5f637-7548-4b4f-8f40-a18925ad23ff"],"parameterHints":{},"parameterHintsV2":{},"isOnPremiseConnection":false,"bypassConsent":false,"dataSets":{},"apiTier":"Standard"},"68261449-d1c8-4fa9-8443-3cf52b87ea13":{"id":"/providers/microsoft.powerapps/apis/shared_logicflows","displayName":"Logic flows","iconUri":"https://connectoricons-prod.azureedge.net/releases/v1.0.1680/1.0.1680.3652/logicflows/icon.png","dataSources":["FAReworkforfileupload-POC"],"dependencies":["f37e8b45-5860-43ec-9ad3-8f47e89d6d71","4e5ed64e-218c-40be-8adf-72d444c0b63a"],"dependents":[],"parameterHints":{"workflowName":{"value":"f64ab315-b4b3-4b3a-b38f-def67e16c6e5"},"workflowEntityId":{},"f37e8b45-5860-43ec-9ad3-8f47e89d6d71":{"value":"shared_sharepointonline"},"4e5ed64e-218c-40be-8adf-72d444c0b63a":{"value":"shared_excelonlinebusiness"}},"parameterHintsV2":{"workflowName":{"value":"f64ab315-b4b3-4b3a-b38f-def67e16c6e5"},"workflowEntityId":{},"shared_sharepointonline":{"value":"f37e8b45-5860-43ec-9ad3-8f47e89d6d71"},"shared_excelonlinebusiness":{"value":"4e5ed64e-218c-40be-8adf-72d444c0b63a"}},"isOnPremiseConnection":false,"bypassConsent":false,"dataSets":{},"apiTier":"Standard","actions":["Run"]},"f37e8b45-5860-43ec-9ad3-8f47e89d6d71":{"id":"/providers/microsoft.powerapps/apis/shared_sharepointonline","displayName":"SharePoint","iconUri":"https://connectoricons-prod.azureedge.net/releases/v1.0.1676/1.0.1676.3617/sharepointonline/icon.png","dataSources":[],"dependencies":[],"dependents":["68261449-d1c8-4fa9-8443-3cf52b87ea13"],"parameterHints":{},"parameterHintsV2":{},"isOnPremiseConnection":false,"bypassConsent":false,"dataSets":{},"apiTier":"Standard"},"4e5ed64e-218c-40be-8adf-72d444c0b63a":{"id":"/providers/microsoft.powerapps/apis/shared_excelonlinebusiness","displayName":"Excel Online (Business)","iconUri":"https://connectoricons-prod.azureedge.net/releases/v1.0.1680/1.0.1680.3652/excelonlinebusiness/icon.png","dataSources":[],"dependencies":[],"dependents":["68261449-d1c8-4fa9-8443-3cf52b87ea13"],"parameterHints":{},"parameterHintsV2":{},"isOnPremiseConnection":false,"bypassConsent":false,"dataSets":{},"apiTier":"Standard"},"ac83ee91-1c6a-48b4-b084-9909716b95ec":{"id":"/providers/microsoft.powerapps/apis/shared_logicflows","displayName":"Logic flows","iconUri":"https://connectoricons-prod.azureedge.net/releases/v1.0.1680/1.0.1680.3652/logicflows/icon.png","dataSources":["ExporttoExcel"],"dependencies":["cfe60777-583b-4967-8872-867fef9b4c22"],"dependents":[],"parameterHints":{"workflowName":{"value":"52699fb5-4ade-410e-bd25-a873d2697876"},"workflowEntityId":{"value":"03254a80-afd4-ee11-904d-6045bd1cb9b9"},"workflowDisplayName":{"value":"Export to Excel"},"cfe60777-583b-4967-8872-867fef9b4c22":{"value":"shared_commondataserviceforapps"}},"parameterHintsV2":{"workflowName":{"value":"52699fb5-4ade-410e-bd25-a873d2697876"},"workflowEntityId":{"value":"03254a80-afd4-ee11-904d-6045bd1cb9b9"},"workflowDisplayName":{"value":"Export to Excel"},"shared_commondataserviceforapps":{"value":"cfe60777-583b-4967-8872-867fef9b4c22"}},"isOnPremiseConnection":false,"bypassConsent":false,"dataSets":{},"apiTier":"Standard"},"cfe60777-583b-4967-8872-867fef9b4c22":{"id":"/providers/microsoft.powerapps/apis/shared_commondataserviceforapps","displayName":"Microsoft Dataverse","iconUri":"https://connectoricons-prod.azureedge.net/releases/v1.0.1679/1.0.1679.3643/commondataserviceforapps/icon.png","dataSources":[],"dependencies":[],"dependents":["ac83ee91-1c6a-48b4-b084-9909716b95ec","456dc1fb-74af-4032-ad0b-f227fb828b97"],"parameterHints":{},"parameterHintsV2":{},"isOnPremiseConnection":false,"bypassConsent":false,"dataSets":{},"apiTier":"Premium"},"c87c16de-d756-4e58-a079-60bb64ea2d12":{"id":"/providers/microsoft.powerapps/apis/shared_logicflows","displayName":"Logic flows","iconUri":"https://connectoricons-prod.azureedge.net/releases/v1.0.1680/1.0.1680.3652/logicflows/icon.png","dataSources":["FAReworkforfileupload"],"dependencies":["1b4127be-3bdd-4010-82bf-8f9f19ba68d5","46e1cda8-61f8-43cf-8075-a6420eafc8e5"],"dependents":[],"parameterHints":{"workflowName":{"value":"89bd363c-85d5-4ab1-a842-982c222ce182"},"workflowEntityId":{"value":"f83bc5f5-5dd5-ee11-904d-000d3ac717b4"},"workflowDisplayName":{"value":"FA Rework for file upload"},"1b4127be-3bdd-4010-82bf-8f9f19ba68d5":{"value":"shared_sharepointonline_1"},"46e1cda8-61f8-43cf-8075-a6420eafc8e5":{"value":"shared_excelonlinebusiness_1"}},"parameterHintsV2":{"workflowName":{"value":"89bd363c-85d5-4ab1-a842-982c222ce182"},"workflowEntityId":{"value":"f83bc5f5-5dd5-ee11-904d-000d3ac717b4"},"workflowDisplayName":{"value":"FA Rework for file upload"},"shared_sharepointonline_1":{"value":"1b4127be-3bdd-4010-82bf-8f9f19ba68d5"},"shared_excelonlinebusiness_1":{"value":"46e1cda8-61f8-43cf-8075-a6420eafc8e5"}},"isOnPremiseConnection":false,"bypassConsent":false,"dataSets":{},"apiTier":"Standard","actions":["Run"]},"1b4127be-3bdd-4010-82bf-8f9f19ba68d5":{"id":"/providers/microsoft.powerapps/apis/shared_sharepointonline","displayName":"SharePoint","iconUri":"https://connectoricons-prod.azureedge.net/releases/v1.0.1676/1.0.1676.3617/sharepointonline/icon.png","dataSources":[],"dependencies":[],"dependents":["c87c16de-d756-4e58-a079-60bb64ea2d12"],"parameterHints":{},"parameterHintsV2":{},"isOnPremiseConnection":false,"bypassConsent":false,"dataSets":{},"apiTier":"Standard"},"46e1cda8-61f8-43cf-8075-a6420eafc8e5":{"id":"/providers/microsoft.powerapps/apis/shared_excelonlinebusiness","displayName":"Excel Online (Business)","iconUri":"https://connectoricons-prod.azureedge.net/releases/v1.0.1680/1.0.1680.3652/excelonlinebusiness/icon.png","dataSources":[],"dependencies":[],"dependents":["c87c16de-d756-4e58-a079-60bb64ea2d12","456dc1fb-74af-4032-ad0b-f227fb828b97"],"parameterHints":{},"parameterHintsV2":{},"isOnPremiseConnection":false,"bypassConsent":false,"dataSets":{},"apiTier":"Standard"},"456dc1fb-74af-4032-ad0b-f227fb828b97":{"id":"/providers/microsoft.powerapps/apis/shared_logicflows","displayName":"Logic flows","iconUri":"https://connectoricons-prod.azureedge.net/releases/v1.0.1680/1.0.1680.3652/logicflows/icon.png","dataSources":["GenerateExcelinInvoiceFormat"],"dependencies":["1a920635-4b3f-49b7-8143-6ad0f0c8262b","46e1cda8-61f8-43cf-8075-a6420eafc8e5","09c4130b-9f05-478b-a42e-dbe778132950","cfe60777-583b-4967-8872-867fef9b4c22","47bd9c3c-07fc-4885-bcb2-2ac0a638792c"],"dependents":[],"parameterHints":{"workflowName":{"value":"47937d64-a68e-4fc0-bfd6-e15423daef67"},"workflowEntityId":{"value":"df08fbcd-02d6-ee11-904d-000d3ac71cd1"},"workflowDisplayName":{"value":"Generate Excel in Invoice Format"},"1a920635-4b3f-49b7-8143-6ad0f0c8262b":{"value":"shared_excelonlinebusiness_2"},"46e1cda8-61f8-43cf-8075-a6420eafc8e5":{"value":"shared_excelonlinebusiness_1"},"09c4130b-9f05-478b-a42e-dbe778132950":{"value":"shared_onedriveforbusiness_1"},"cfe60777-583b-4967-8872-867fef9b4c22":{"value":"shared_commondataserviceforapps"},"47bd9c3c-07fc-4885-bcb2-2ac0a638792c":{"value":"shared_office365"}},"parameterHintsV2":{"workflowName":{"value":"47937d64-a68e-4fc0-bfd6-e15423daef67"},"workflowEntityId":{"value":"df08fbcd-02d6-ee11-904d-000d3ac71cd1"},"workflowDisplayName":{"value":"Generate Excel in Invoice Format"},"shared_excelonlinebusiness_2":{"value":"1a920635-4b3f-49b7-8143-6ad0f0c8262b"},"shared_excelonlinebusiness_1":{"value":"46e1cda8-61f8-43cf-8075-a6420eafc8e5"},"shared_onedriveforbusiness_1":{"value":"09c4130b-9f05-478b-a42e-dbe778132950"},"shared_commondataserviceforapps":{"value":"cfe60777-583b-4967-8872-867fef9b4c22"},"shared_office365":{"value":"47bd9c3c-07fc-4885-bcb2-2ac0a638792c"}},"isOnPremiseConnection":false,"bypassConsent":false,"dataSets":{},"apiTier":"Standard","actions":["Run"]},"1a920635-4b3f-49b7-8143-6ad0f0c8262b":{"id":"/providers/microsoft.powerapps/apis/shared_excelonlinebusiness","displayName":"Excel Online (Business)","iconUri":"https://connectoricons-prod.azureedge.net/releases/v1.0.1680/1.0.1680.3652/excelonlinebusiness/icon.png","dataSources":[],"dependencies":[],"dependents":["456dc1fb-74af-4032-ad0b-f227fb828b97"],"parameterHints":{},"parameterHintsV2":{},"isOnPremiseConnection":false,"bypassConsent":false,"dataSets":{},"apiTier":"Standard"},"09c4130b-9f05-478b-a42e-dbe778132950":{"id":"/providers/microsoft.powerapps/apis/shared_onedriveforbusiness","displayName":"OneDrive for Business","iconUri":"https://connectoricons-prod.azureedge.net/releases/v1.0.1669/1.0.1669.3520/onedriveforbusiness/icon.png","dataSources":[],"dependencies":[],"dependents":["456dc1fb-74af-4032-ad0b-f227fb828b97"],"parameterHints":{},"parameterHintsV2":{},"isOnPremiseConnection":false,"bypassConsent":false,"dataSets":{},"apiTier":"Standard"},"47bd9c3c-07fc-4885-bcb2-2ac0a638792c":{"id":"/providers/microsoft.powerapps/apis/shared_office365","displayName":"Office 365 Outlook","iconUri":"https://connectoricons-prod.azureedge.net/releases/v1.0.1676/1.0.1676.3617/office365/icon.png","dataSources":[],"dependencies":[],"dependents":["456dc1fb-74af-4032-ad0b-f227fb828b97"],"parameterHints":{},"parameterHintsV2":{},"isOnPremiseConnection":false,"bypassConsent":false,"dataSets":{},"apiTier":"Standard"}}</ConnectionReferences>
      <DatabaseReferences>{"default.cds":{"databaseDetails":{"referenceType":"Environmental","environmentName":"default.cds","overrideValues":{"status":"NotSpecified","environmentVariableName":""}},"dataSources":{"Header_Invoice_FA Reworks":{"entitySetName":"cr9ef_header_invoice_fareworks","logicalName":"cr9ef_header_invoice_farework"},"Items_Invoice_FA Reworks":{"entitySetName":"cr9ef_items_invoice_fareworks","logicalName":"cr9ef_items_invoice_farework"},"Users":{"entitySetName":"systemusers","logicalName":"systemuser"},"VendInvoiceShipmentStatuses":{"entitySetName":"fadev_vendinvoiceshipmentstatuses","logicalName":"fadev_vendinvoiceshipmentstatus"}}}}</DatabaseReferences>
      <AppComponents>[]</AppComponents>
      <AppComponentDependencies>[]</AppComponentDependencies>
      <CanConsumeAppPass>1</CanConsumeAppPass>
      <CanvasAppType>0</CanvasAppType>
      <BypassConsent>0</BypassConsent>
      <AdminControlBypassConsent>0</AdminControlBypassConsent>
      <EmbeddedApp xsi:nil="true"></EmbeddedApp>
      <IntroducedVersion>1.0</IntroducedVersion>
      <CdsDependencies>{"cdsdependencies":[{"dependencyid":"03254a80-afd4-ee11-904d-6045bd1cb9b9","componenttype":29,"componenttypeplatformname":"Workflow"},{"dependencyid":"f83bc5f5-5dd5-ee11-904d-000d3ac717b4","componenttype":29,"componenttypeplatformname":"Workflow"},{"dependencyid":"df08fbcd-02d6-ee11-904d-000d3ac71cd1","componenttype":29,"componenttypeplatformname":"Workflow"},{"logicalname":"cr9ef_header_invoice_farework","componenttype":1},{"logicalname":"cr9ef_items_invoice_farework","componenttype":1},{"logicalname":"systemuser","componenttype":1},{"logicalname":"fadev_vendinvoiceshipmentstatus","componenttype":1}]}</CdsDependencies>
      <IsCustomizable>1</IsCustomizable>
      <BackgroundImageUri>/CanvasApps/fadev_fareworkinboundtroubleshoot_c6887_BackgroundImageUri</BackgroundImageUri>
      <DocumentUri>/CanvasApps/fadev_fareworkinboundtroubleshoot_c6887_DocumentUri.msapp</DocumentUri>
      <AdditionalUris>
        <AdditionalUri>/CanvasApps/fadev_fareworkinboundtroubleshoot_c6887_AdditionalUris0_identity.json</AdditionalUri>
      </AdditionalUris>
    </CanvasApp>
    <CanvasApp>
      <Name>fadev_fareworkinboundmultisearchtrobleshoot_4b2e2</Name>
      <AppVersion>2024-03-06T11:10:56Z</AppVersion>
      <Status>Ready</Status>
      <CreatedByClientVersion>3.24023.13.0</CreatedByClientVersion>
      <MinClientVersion>3.24023.13.0</MinClientVersion>
      <Tags>{"sp-site-id":"https://capgemini.sharepoint.com/sites/AutomationTeam613","sp-list-id":"fc5dd5c3-91e5-47d4-81c2-1d6d41c8ea2c","https://capgemini.sharepoint.com/sites/AutomationTeam613":"fc5dd5c3-91e5-47d4-81c2-1d6d41c8ea2c","primaryDeviceWidth":"3000","primaryDeviceHeight":"1500","supportsPortrait":"true","supportsLandscape":"true","primaryFormFactor":"Phone","showStatusBar":"false","publisherVersion":"3.24023.13","minimumRequiredApiVersion":"2.2.0","hasComponent":"false","hasUnlockedComponent":"false","isUnifiedRootApp":"false","sienaVersion":"20240304T071008Z-3.24023.13.0","offlineLargeFilesSupport":"false"}</Tags>
      <IsCdsUpgraded>0</IsCdsUpgraded>
      <GalleryItemId xsi:nil="true"></GalleryItemId>
      <BackgroundColor>rgba(255, 255, 255, 1)</BackgroundColor>
      <DisplayName>FA REWORK Inbound - Multisearch Trobleshoot</DisplayName>
      <Description xsi:nil="true"></Description>
      <CommitMessage xsi:nil="true"></CommitMessage>
      <Publisher xsi:nil="true"></Publisher>
      <AuthorizationReferences>[]</AuthorizationReferences>
      <ConnectionReferences>{"0f9574d9-7ca7-4a24-bab5-49370b02c29a":{"id":"/providers/microsoft.powerapps/apis/shared_logicflows","displayName":"Logic flows","iconUri":"https://connectoricons-prod.azureedge.net/releases/v1.0.1680/1.0.1680.3652/logicflows/icon.png","dataSources":["GeneratePDFfromWord"],"dependencies":["d85b38fe-dbd7-4152-9700-de7a2bc346c3","d3c46221-60e5-4cc1-af44-6c5922df8a0b","0fb5f9da-f6e3-4bbe-8d8e-7b5a863dabd2"],"dependents":[],"parameterHints":{"workflowName":{"value":"58337107-7f0e-4cf3-9031-ebd3c812451e"},"workflowEntityId":{"value":"eaa3d1bb-c5d4-ee11-9079-000d3a4751b9"},"workflowDisplayName":{"value":"GeneratePDFfromWord"},"d85b38fe-dbd7-4152-9700-de7a2bc346c3":{"value":"shared_wordonlinebusiness"},"d3c46221-60e5-4cc1-af44-6c5922df8a0b":{"value":"shared_onedriveforbusiness"},"0fb5f9da-f6e3-4bbe-8d8e-7b5a863dabd2":{"value":"shared_office365"}},"parameterHintsV2":{"workflowName":{"value":"58337107-7f0e-4cf3-9031-ebd3c812451e"},"workflowEntityId":{"value":"eaa3d1bb-c5d4-ee11-9079-000d3a4751b9"},"workflowDisplayName":{"value":"GeneratePDFfromWord"},"shared_wordonlinebusiness":{"value":"d85b38fe-dbd7-4152-9700-de7a2bc346c3"},"shared_onedriveforbusiness":{"value":"d3c46221-60e5-4cc1-af44-6c5922df8a0b"},"shared_office365":{"value":"0fb5f9da-f6e3-4bbe-8d8e-7b5a863dabd2"}},"isOnPremiseConnection":false,"dataSets":{},"apiTier":"Standard","actions":["Run"]},"d85b38fe-dbd7-4152-9700-de7a2bc346c3":{"id":"/providers/microsoft.powerapps/apis/shared_wordonlinebusiness","displayName":"Word Online (Business)","iconUri":"https://connectoricons-prod.azureedge.net/master/1.0.1678.3629/wordonlinebusiness/icon.png","dataSources":[],"dependencies":[],"dependents":["0f9574d9-7ca7-4a24-bab5-49370b02c29a"],"parameterHints":{},"parameterHintsV2":{},"isOnPremiseConnection":false,"dataSets":{},"apiTier":"Premium"},"d3c46221-60e5-4cc1-af44-6c5922df8a0b":{"id":"/providers/microsoft.powerapps/apis/shared_onedriveforbusiness","displayName":"OneDrive for Business","iconUri":"https://connectoricons-prod.azureedge.net/releases/v1.0.1669/1.0.1669.3520/onedriveforbusiness/icon.png","dataSources":[],"dependencies":[],"dependents":["0f9574d9-7ca7-4a24-bab5-49370b02c29a","349238b2-e686-476a-9fc1-c817b68b6823"],"parameterHints":{},"parameterHintsV2":{},"isOnPremiseConnection":false,"dataSets":{},"apiTier":"Standard"},"0fb5f9da-f6e3-4bbe-8d8e-7b5a863dabd2":{"id":"/providers/microsoft.powerapps/apis/shared_office365","displayName":"Office 365 Outlook","iconUri":"https://connectoricons-prod.azureedge.net/releases/v1.0.1676/1.0.1676.3617/office365/icon.png","dataSources":[],"dependencies":[],"dependents":["0f9574d9-7ca7-4a24-bab5-49370b02c29a"],"parameterHints":{},"parameterHintsV2":{},"isOnPremiseConnection":false,"dataSets":{},"apiTier":"Standard"},"99ef0322-96a6-493b-934d-c0a737e47d65":{"id":"/providers/microsoft.powerapps/apis/shared_logicflows","displayName":"Logic flows","iconUri":"https://connectoricons-prod.azureedge.net/releases/v1.0.1680/1.0.1680.3652/logicflows/icon.png","dataSources":["FAReworkforfileupload-POC"],"dependencies":["e3f4e186-2dbd-4d61-ac1f-81f782f6b3fa","776813ae-4a07-40aa-b49e-63b20b26e3f8"],"dependents":[],"parameterHints":{"workflowName":{"value":"9bcd27ca-8a98-408e-8fae-86aa2e3694aa"},"workflowEntityId":{"value":"fa3bc5f5-5dd5-ee11-904d-000d3ac717b4"},"workflowDisplayName":{"value":"FA Rework for file upload - POC"},"e3f4e186-2dbd-4d61-ac1f-81f782f6b3fa":{"value":"shared_sharepointonline"},"776813ae-4a07-40aa-b49e-63b20b26e3f8":{"value":"shared_excelonlinebusiness"}},"parameterHintsV2":{"workflowName":{"value":"9bcd27ca-8a98-408e-8fae-86aa2e3694aa"},"workflowEntityId":{"value":"fa3bc5f5-5dd5-ee11-904d-000d3ac717b4"},"workflowDisplayName":{"value":"FA Rework for file upload - POC"},"shared_sharepointonline":{"value":"e3f4e186-2dbd-4d61-ac1f-81f782f6b3fa"},"shared_excelonlinebusiness":{"value":"776813ae-4a07-40aa-b49e-63b20b26e3f8"}},"isOnPremiseConnection":false,"dataSets":{},"apiTier":"Standard"},"e3f4e186-2dbd-4d61-ac1f-81f782f6b3fa":{"id":"/providers/microsoft.powerapps/apis/shared_sharepointonline","displayName":"SharePoint","iconUri":"https://connectoricons-prod.azureedge.net/u/alexsp/sporelease/1.0.1682.3673/sharepointonline/icon.png","dataSources":[],"dependencies":[],"dependents":["99ef0322-96a6-493b-934d-c0a737e47d65"],"parameterHints":{},"parameterHintsV2":{},"isOnPremiseConnection":false,"dataSets":{},"apiTier":"Standard"},"776813ae-4a07-40aa-b49e-63b20b26e3f8":{"id":"/providers/microsoft.powerapps/apis/shared_excelonlinebusiness","displayName":"Excel Online (Business)","iconUri":"https://connectoricons-prod.azureedge.net/releases/v1.0.1680/1.0.1680.3652/excelonlinebusiness/icon.png","dataSources":[],"dependencies":[],"dependents":["99ef0322-96a6-493b-934d-c0a737e47d65"],"parameterHints":{},"parameterHintsV2":{},"isOnPremiseConnection":false,"dataSets":{},"apiTier":"Standard"},"e35c9b97-df43-4dbf-b3f5-ebdf35d153b9":{"id":"/providers/microsoft.powerapps/apis/shared_logicflows","displayName":"Logic flows","iconUri":"https://connectoricons-prod.azureedge.net/releases/v1.0.1680/1.0.1680.3652/logicflows/icon.png","dataSources":["FAReworkforfileupload"],"dependencies":["ac868ded-0557-4940-82d3-146364bd6e4c","917f8968-f6d6-4d8d-98ed-18dbf478f73a"],"dependents":[],"parameterHints":{"workflowName":{"value":"237b68b2-3885-40cd-a6e2-a277d0aff0a9"},"workflowEntityId":{"value":"f83bc5f5-5dd5-ee11-904d-000d3ac717b4"},"workflowDisplayName":{"value":"FA Rework for file upload"},"ac868ded-0557-4940-82d3-146364bd6e4c":{"value":"shared_sharepointonline_1"},"917f8968-f6d6-4d8d-98ed-18dbf478f73a":{"value":"shared_excelonlinebusiness_1"}},"parameterHintsV2":{"workflowName":{"value":"237b68b2-3885-40cd-a6e2-a277d0aff0a9"},"workflowEntityId":{"value":"f83bc5f5-5dd5-ee11-904d-000d3ac717b4"},"workflowDisplayName":{"value":"FA Rework for file upload"},"shared_sharepointonline_1":{"value":"ac868ded-0557-4940-82d3-146364bd6e4c"},"shared_excelonlinebusiness_1":{"value":"917f8968-f6d6-4d8d-98ed-18dbf478f73a"}},"isOnPremiseConnection":false,"dataSets":{},"apiTier":"Standard","actions":["Run"]},"ac868ded-0557-4940-82d3-146364bd6e4c":{"id":"/providers/microsoft.powerapps/apis/shared_sharepointonline","displayName":"SharePoint","iconUri":"https://connectoricons-prod.azureedge.net/u/alexsp/sporelease/1.0.1682.3673/sharepointonline/icon.png","dataSources":[],"dependencies":[],"dependents":["e35c9b97-df43-4dbf-b3f5-ebdf35d153b9"],"parameterHints":{},"parameterHintsV2":{},"isOnPremiseConnection":false,"dataSets":{},"apiTier":"Standard"},"917f8968-f6d6-4d8d-98ed-18dbf478f73a":{"id":"/providers/microsoft.powerapps/apis/shared_excelonlinebusiness","displayName":"Excel Online (Business)","iconUri":"https://connectoricons-prod.azureedge.net/releases/v1.0.1680/1.0.1680.3652/excelonlinebusiness/icon.png","dataSources":[],"dependencies":[],"dependents":["e35c9b97-df43-4dbf-b3f5-ebdf35d153b9","349238b2-e686-476a-9fc1-c817b68b6823"],"parameterHints":{},"parameterHintsV2":{},"isOnPremiseConnection":false,"dataSets":{},"apiTier":"Standard"},"349238b2-e686-476a-9fc1-c817b68b6823":{"id":"/providers/microsoft.powerapps/apis/shared_logicflows","displayName":"Logic flows","iconUri":"https://connectoricons-prod.azureedge.net/releases/v1.0.1680/1.0.1680.3652/logicflows/icon.png","dataSources":["GenerateExcelinInvoiceFormat"],"dependencies":["208b207b-c4a5-4a90-a0c1-e0bf43c58563","917f8968-f6d6-4d8d-98ed-18dbf478f73a","d3c46221-60e5-4cc1-af44-6c5922df8a0b","e77ffb85-4e31-493b-91dd-2f4610a8a8a8","1f528f45-adf6-4f05-8963-c0de7dec5fb0","26e11293-59aa-4a62-9d5e-54b0e8aa8812"],"dependents":[],"parameterHints":{"workflowName":{"value":"0491dd6c-a201-46fc-a14c-4ddddbae1be3"},"workflowEntityId":{"value":"df08fbcd-02d6-ee11-904d-000d3ac71cd1"},"workflowDisplayName":{"value":"Generate Excel in Invoice Format"},"208b207b-c4a5-4a90-a0c1-e0bf43c58563":{"value":"shared_excelonlinebusiness_2"},"917f8968-f6d6-4d8d-98ed-18dbf478f73a":{"value":"shared_excelonlinebusiness_1"},"d3c46221-60e5-4cc1-af44-6c5922df8a0b":{"value":"shared_onedriveforbusiness_1"},"e77ffb85-4e31-493b-91dd-2f4610a8a8a8":{"value":"shared_commondataserviceforapps"},"1f528f45-adf6-4f05-8963-c0de7dec5fb0":{"value":"shared_office365"},"26e11293-59aa-4a62-9d5e-54b0e8aa8812":{"value":"shared_onedriveforbusiness"}},"parameterHintsV2":{"workflowName":{"value":"0491dd6c-a201-46fc-a14c-4ddddbae1be3"},"workflowEntityId":{"value":"df08fbcd-02d6-ee11-904d-000d3ac71cd1"},"workflowDisplayName":{"value":"Generate Excel in Invoice Format"},"shared_excelonlinebusiness_2":{"value":"208b207b-c4a5-4a90-a0c1-e0bf43c58563"},"shared_excelonlinebusiness_1":{"value":"917f8968-f6d6-4d8d-98ed-18dbf478f73a"},"shared_onedriveforbusiness_1":{"value":"d3c46221-60e5-4cc1-af44-6c5922df8a0b"},"shared_commondataserviceforapps":{"value":"e77ffb85-4e31-493b-91dd-2f4610a8a8a8"},"shared_office365":{"value":"1f528f45-adf6-4f05-8963-c0de7dec5fb0"},"shared_onedriveforbusiness":{"value":"26e11293-59aa-4a62-9d5e-54b0e8aa8812"}},"isOnPremiseConnection":false,"dataSets":{},"apiTier":"Standard","actions":["Run"]},"208b207b-c4a5-4a90-a0c1-e0bf43c58563":{"id":"/providers/microsoft.powerapps/apis/shared_excelonlinebusiness","displayName":"Excel Online (Business)","iconUri":"https://connectoricons-prod.azureedge.net/releases/v1.0.1680/1.0.1680.3652/excelonlinebusiness/icon.png","dataSources":[],"dependencies":[],"dependents":["349238b2-e686-476a-9fc1-c817b68b6823"],"parameterHints":{},"parameterHintsV2":{},"isOnPremiseConnection":false,"dataSets":{},"apiTier":"Standard"},"e77ffb85-4e31-493b-91dd-2f4610a8a8a8":{"id":"/providers/microsoft.powerapps/apis/shared_commondataserviceforapps","displayName":"Microsoft Dataverse","iconUri":"https://connectoricons-prod.azureedge.net/releases/v1.0.1679/1.0.1679.3643/commondataserviceforapps/icon.png","dataSources":[],"dependencies":[],"dependents":["349238b2-e686-476a-9fc1-c817b68b6823","e94e8fbe-6e13-49fe-abb9-5f19a6e13bf0"],"parameterHints":{},"parameterHintsV2":{},"isOnPremiseConnection":false,"dataSets":{},"apiTier":"Premium"},"1f528f45-adf6-4f05-8963-c0de7dec5fb0":{"id":"/providers/microsoft.powerapps/apis/shared_office365","displayName":"Office 365 Outlook","iconUri":"https://connectoricons-prod.azureedge.net/releases/v1.0.1676/1.0.1676.3617/office365/icon.png","dataSources":[],"dependencies":[],"dependents":["349238b2-e686-476a-9fc1-c817b68b6823","e94e8fbe-6e13-49fe-abb9-5f19a6e13bf0"],"parameterHints":{},"parameterHintsV2":{},"isOnPremiseConnection":false,"dataSets":{},"apiTier":"Standard"},"26e11293-59aa-4a62-9d5e-54b0e8aa8812":{"id":"/providers/microsoft.powerapps/apis/shared_onedriveforbusiness","displayName":"OneDrive for Business","iconUri":"https://connectoricons-prod.azureedge.net/releases/v1.0.1669/1.0.1669.3520/onedriveforbusiness/icon.png","dataSources":[],"dependencies":[],"dependents":["349238b2-e686-476a-9fc1-c817b68b6823","e94e8fbe-6e13-49fe-abb9-5f19a6e13bf0"],"parameterHints":{},"parameterHintsV2":{},"isOnPremiseConnection":false,"dataSets":{},"apiTier":"Standard"},"e94e8fbe-6e13-49fe-abb9-5f19a6e13bf0":{"id":"/providers/microsoft.powerapps/apis/shared_logicflows","displayName":"Logic flows","iconUri":"https://connectoricons-prod.azureedge.net/releases/v1.0.1680/1.0.1680.3652/logicflows/icon.png","dataSources":["ExporttoExcel"],"dependencies":["e77ffb85-4e31-493b-91dd-2f4610a8a8a8","26e11293-59aa-4a62-9d5e-54b0e8aa8812","1f528f45-adf6-4f05-8963-c0de7dec5fb0","d3a6de9e-3a0b-4d4b-a1f8-6e26b44780ff"],"dependents":[],"parameterHints":{"workflowName":{"value":"72f0575f-cc59-42a3-8c5f-806d69c3580c"},"workflowEntityId":{"value":"03254a80-afd4-ee11-904d-6045bd1cb9b9"},"workflowDisplayName":{"value":"Export to Excel"},"e77ffb85-4e31-493b-91dd-2f4610a8a8a8":{"value":"shared_commondataserviceforapps"},"26e11293-59aa-4a62-9d5e-54b0e8aa8812":{"value":"shared_onedriveforbusiness"},"1f528f45-adf6-4f05-8963-c0de7dec5fb0":{"value":"shared_office365"},"d3a6de9e-3a0b-4d4b-a1f8-6e26b44780ff":{"value":"shared_excelonlinebusiness"}},"parameterHintsV2":{"workflowName":{"value":"72f0575f-cc59-42a3-8c5f-806d69c3580c"},"workflowEntityId":{"value":"03254a80-afd4-ee11-904d-6045bd1cb9b9"},"workflowDisplayName":{"value":"Export to Excel"},"shared_commondataserviceforapps":{"value":"e77ffb85-4e31-493b-91dd-2f4610a8a8a8"},"shared_onedriveforbusiness":{"value":"26e11293-59aa-4a62-9d5e-54b0e8aa8812"},"shared_office365":{"value":"1f528f45-adf6-4f05-8963-c0de7dec5fb0"},"shared_excelonlinebusiness":{"value":"d3a6de9e-3a0b-4d4b-a1f8-6e26b44780ff"}},"isOnPremiseConnection":false,"dataSets":{},"apiTier":"Standard"},"d3a6de9e-3a0b-4d4b-a1f8-6e26b44780ff":{"id":"/providers/microsoft.powerapps/apis/shared_excelonlinebusiness","displayName":"Excel Online (Business)","iconUri":"https://connectoricons-prod.azureedge.net/releases/v1.0.1680/1.0.1680.3652/excelonlinebusiness/icon.png","dataSources":[],"dependencies":[],"dependents":["e94e8fbe-6e13-49fe-abb9-5f19a6e13bf0"],"parameterHints":{},"parameterHintsV2":{},"isOnPremiseConnection":false,"dataSets":{},"apiTier":"Standard"}}</ConnectionReferences>
      <DatabaseReferences>{"default.cds":{"databaseDetails":{"referenceType":"NotSpecified","environmentName":"default.cds","overrideValues":{"status":"NotSpecified","environmentVariableName":""}},"dataSources":{"Header_Invoice_FA Reworks":{"entitySetName":"cr9ef_header_invoice_fareworks","logicalName":"cr9ef_header_invoice_farework"},"Items_Invoice_FA Reworks":{"entitySetName":"cr9ef_items_invoice_fareworks","logicalName":"cr9ef_items_invoice_farework"},"Users":{"entitySetName":"systemusers","logicalName":"systemuser"},"VendInvoiceShipmentStatuses":{"entitySetName":"fadev_vendinvoiceshipmentstatuses","logicalName":"fadev_vendinvoiceshipmentstatus"}}}}</DatabaseReferences>
      <AppComponents>[]</AppComponents>
      <AppComponentDependencies>[]</AppComponentDependencies>
      <CanConsumeAppPass>1</CanConsumeAppPass>
      <CanvasAppType>0</CanvasAppType>
      <BypassConsent>0</BypassConsent>
      <AdminControlBypassConsent>0</AdminControlBypassConsent>
      <EmbeddedApp xsi:nil="true"></EmbeddedApp>
      <IntroducedVersion>1.0</IntroducedVersion>
      <CdsDependencies>{"cdsdependencies":[{"dependencyid":"eaa3d1bb-c5d4-ee11-9079-000d3a4751b9","componenttype":29,"componenttypeplatformname":"Workflow"},{"dependencyid":"fa3bc5f5-5dd5-ee11-904d-000d3ac717b4","componenttype":29,"componenttypeplatformname":"Workflow"},{"dependencyid":"f83bc5f5-5dd5-ee11-904d-000d3ac717b4","componenttype":29,"componenttypeplatformname":"Workflow"},{"dependencyid":"df08fbcd-02d6-ee11-904d-000d3ac71cd1","componenttype":29,"componenttypeplatformname":"Workflow"},{"dependencyid":"03254a80-afd4-ee11-904d-6045bd1cb9b9","componenttype":29,"componenttypeplatformname":"Workflow"},{"logicalname":"cr9ef_header_invoice_farework","componenttype":1},{"logicalname":"cr9ef_items_invoice_farework","componenttype":1},{"logicalname":"systemuser","componenttype":1},{"logicalname":"fadev_vendinvoiceshipmentstatus","componenttype":1}]}</CdsDependencies>
      <IsCustomizable>1</IsCustomizable>
      <BackgroundImageUri>/CanvasApps/fadev_fareworkinboundmultisearchtrobleshoot_4b2e2_BackgroundImageUri</BackgroundImageUri>
      <DocumentUri>/CanvasApps/fadev_fareworkinboundmultisearchtrobleshoot_4b2e2_DocumentUri.msapp</DocumentUri>
      <AdditionalUris>
        <AdditionalUri>/CanvasApps/fadev_fareworkinboundmultisearchtrobleshoot_4b2e2_AdditionalUris0_identity.json</AdditionalUri>
      </AdditionalUris>
    </CanvasApp>
    <CanvasApp>
      <Name>fadev_fareworkinbound_95a83</Name>
      <AppVersion>2024-04-05T10:44:30Z</AppVersion>
      <Status>Ready</Status>
      <CreatedByClientVersion>3.24034.17.0</CreatedByClientVersion>
      <MinClientVersion>3.24034.17.0</MinClientVersion>
      <Tags>{"sp-site-id":"https://capgemini.sharepoint.com/sites/AutomationTeam613","sp-list-id":"fc5dd5c3-91e5-47d4-81c2-1d6d41c8ea2c","https://capgemini.sharepoint.com/sites/AutomationTeam613":"fc5dd5c3-91e5-47d4-81c2-1d6d41c8ea2c","primaryDeviceWidth":"3000","primaryDeviceHeight":"1500","supportsPortrait":"true","supportsLandscape":"true","primaryFormFactor":"Phone","showStatusBar":"false","publisherVersion":"3.24034.17","minimumRequiredApiVersion":"2.2.0","hasComponent":"false","hasUnlockedComponent":"false","isUnifiedRootApp":"false","sienaVersion":"20240403T104642Z-3.24032.26.0","offlineLargeFilesSupport":"false"}</Tags>
      <IsCdsUpgraded>0</IsCdsUpgraded>
      <GalleryItemId xsi:nil="true"></GalleryItemId>
      <BackgroundColor>rgba(255, 255, 255, 1)</BackgroundColor>
      <DisplayName>FA REWORK Inbound</DisplayName>
      <Description xsi:nil="true"></Description>
      <CommitMessage xsi:nil="true"></CommitMessage>
      <Publisher xsi:nil="true"></Publisher>
      <AuthorizationReferences>[]</AuthorizationReferences>
      <ConnectionReferences>{"0f9574d9-7ca7-4a24-bab5-49370b02c29a":{"id":"/providers/microsoft.powerapps/apis/shared_logicflows","displayName":"Logic flows","iconUri":"https://connectoricons-prod.azureedge.net/releases/v1.0.1680/1.0.1680.3652/logicflows/icon.png","dataSources":["GeneratePDFfromWord"],"dependencies":["d85b38fe-dbd7-4152-9700-de7a2bc346c3","d3c46221-60e5-4cc1-af44-6c5922df8a0b","0fb5f9da-f6e3-4bbe-8d8e-7b5a863dabd2"],"dependents":[],"parameterHints":{"workflowName":{"value":"13c28a94-0749-45ee-9b9f-be472d7f748a"},"workflowEntityId":{"value":"eaa3d1bb-c5d4-ee11-9079-000d3a4751b9"},"workflowDisplayName":{"value":"GeneratePDFfromWord"},"d85b38fe-dbd7-4152-9700-de7a2bc346c3":{"value":"shared_wordonlinebusiness"},"d3c46221-60e5-4cc1-af44-6c5922df8a0b":{"value":"shared_onedriveforbusiness"},"0fb5f9da-f6e3-4bbe-8d8e-7b5a863dabd2":{"value":"shared_office365"}},"parameterHintsV2":{"workflowName":{"value":"13c28a94-0749-45ee-9b9f-be472d7f748a"},"workflowEntityId":{"value":"eaa3d1bb-c5d4-ee11-9079-000d3a4751b9"},"workflowDisplayName":{"value":"GeneratePDFfromWord"},"shared_wordonlinebusiness":{"value":"d85b38fe-dbd7-4152-9700-de7a2bc346c3"},"shared_onedriveforbusiness":{"value":"d3c46221-60e5-4cc1-af44-6c5922df8a0b"},"shared_office365":{"value":"0fb5f9da-f6e3-4bbe-8d8e-7b5a863dabd2"}},"isOnPremiseConnection":false,"bypassConsent":false,"dataSets":{},"apiTier":"Standard","actions":["Run"]},"d85b38fe-dbd7-4152-9700-de7a2bc346c3":{"id":"/providers/microsoft.powerapps/apis/shared_wordonlinebusiness","displayName":"Word Online (Business)","iconUri":"https://connectoricons-prod.azureedge.net/releases/v1.0.1678/1.0.1678.3641/wordonlinebusiness/icon.png","dataSources":[],"dependencies":[],"dependents":["0f9574d9-7ca7-4a24-bab5-49370b02c29a"],"parameterHints":{},"parameterHintsV2":{},"isOnPremiseConnection":false,"bypassConsent":false,"dataSets":{},"apiTier":"Premium"},"d3c46221-60e5-4cc1-af44-6c5922df8a0b":{"id":"/providers/microsoft.powerapps/apis/shared_onedriveforbusiness","displayName":"OneDrive for Business","iconUri":"https://connectoricons-prod.azureedge.net/releases/v1.0.1669/1.0.1669.3520/onedriveforbusiness/icon.png","dataSources":[],"dependencies":[],"dependents":["0f9574d9-7ca7-4a24-bab5-49370b02c29a","349238b2-e686-476a-9fc1-c817b68b6823"],"parameterHints":{},"parameterHintsV2":{},"isOnPremiseConnection":false,"bypassConsent":false,"dataSets":{},"apiTier":"Standard"},"0fb5f9da-f6e3-4bbe-8d8e-7b5a863dabd2":{"id":"/providers/microsoft.powerapps/apis/shared_office365","displayName":"Office 365 Outlook","iconUri":"https://connectoricons-prod.azureedge.net/releases/v1.0.1677/1.0.1677.3637/office365/icon.png","dataSources":[],"dependencies":[],"dependents":["0f9574d9-7ca7-4a24-bab5-49370b02c29a"],"parameterHints":{},"parameterHintsV2":{},"isOnPremiseConnection":false,"bypassConsent":false,"dataSets":{},"apiTier":"Standard"},"99ef0322-96a6-493b-934d-c0a737e47d65":{"id":"/providers/microsoft.powerapps/apis/shared_logicflows","displayName":"Logic flows","iconUri":"https://connectoricons-prod.azureedge.net/releases/v1.0.1680/1.0.1680.3652/logicflows/icon.png","dataSources":["FAReworkforfileupload-POC"],"dependencies":["e3f4e186-2dbd-4d61-ac1f-81f782f6b3fa","776813ae-4a07-40aa-b49e-63b20b26e3f8"],"dependents":[],"parameterHints":{"workflowName":{"value":"68f773fc-43f9-4cb5-a8b2-84316b86dba4"},"workflowEntityId":{"value":"fa3bc5f5-5dd5-ee11-904d-000d3ac717b4"},"workflowDisplayName":{"value":"FA Rework for file upload - POC"},"e3f4e186-2dbd-4d61-ac1f-81f782f6b3fa":{"value":"shared_sharepointonline"},"776813ae-4a07-40aa-b49e-63b20b26e3f8":{"value":"shared_excelonlinebusiness"}},"parameterHintsV2":{"workflowName":{"value":"68f773fc-43f9-4cb5-a8b2-84316b86dba4"},"workflowEntityId":{"value":"fa3bc5f5-5dd5-ee11-904d-000d3ac717b4"},"workflowDisplayName":{"value":"FA Rework for file upload - POC"},"shared_sharepointonline":{"value":"e3f4e186-2dbd-4d61-ac1f-81f782f6b3fa"},"shared_excelonlinebusiness":{"value":"776813ae-4a07-40aa-b49e-63b20b26e3f8"}},"isOnPremiseConnection":false,"bypassConsent":false,"dataSets":{},"apiTier":"Standard"},"e3f4e186-2dbd-4d61-ac1f-81f782f6b3fa":{"id":"/providers/microsoft.powerapps/apis/shared_sharepointonline","displayName":"SharePoint","iconUri":"https://connectoricons-prod.azureedge.net/releases/v1.0.1682/1.0.1682.3675/sharepointonline/icon.png","dataSources":[],"dependencies":[],"dependents":["99ef0322-96a6-493b-934d-c0a737e47d65"],"parameterHints":{},"parameterHintsV2":{},"isOnPremiseConnection":false,"bypassConsent":false,"dataSets":{},"apiTier":"Standard"},"776813ae-4a07-40aa-b49e-63b20b26e3f8":{"id":"/providers/microsoft.powerapps/apis/shared_excelonlinebusiness","displayName":"Excel Online (Business)","iconUri":"https://connectoricons-prod.azureedge.net/releases/v1.0.1680/1.0.1680.3652/excelonlinebusiness/icon.png","dataSources":[],"dependencies":[],"dependents":["99ef0322-96a6-493b-934d-c0a737e47d65"],"parameterHints":{},"parameterHintsV2":{},"isOnPremiseConnection":false,"bypassConsent":false,"dataSets":{},"apiTier":"Standard"},"e35c9b97-df43-4dbf-b3f5-ebdf35d153b9":{"id":"/providers/microsoft.powerapps/apis/shared_logicflows","displayName":"Logic flows","iconUri":"https://connectoricons-prod.azureedge.net/releases/v1.0.1680/1.0.1680.3652/logicflows/icon.png","dataSources":["FAReworkforfileupload"],"dependencies":["ac868ded-0557-4940-82d3-146364bd6e4c","917f8968-f6d6-4d8d-98ed-18dbf478f73a"],"dependents":[],"parameterHints":{"workflowName":{"value":"c092be8c-a1bd-4792-8ff3-623350ec86f0"},"workflowEntityId":{"value":"f83bc5f5-5dd5-ee11-904d-000d3ac717b4"},"workflowDisplayName":{"value":"FA Rework for file upload"},"ac868ded-0557-4940-82d3-146364bd6e4c":{"value":"shared_sharepointonline_1"},"917f8968-f6d6-4d8d-98ed-18dbf478f73a":{"value":"shared_excelonlinebusiness_1"}},"parameterHintsV2":{"workflowName":{"value":"c092be8c-a1bd-4792-8ff3-623350ec86f0"},"workflowEntityId":{"value":"f83bc5f5-5dd5-ee11-904d-000d3ac717b4"},"workflowDisplayName":{"value":"FA Rework for file upload"},"shared_sharepointonline_1":{"value":"ac868ded-0557-4940-82d3-146364bd6e4c"},"shared_excelonlinebusiness_1":{"value":"917f8968-f6d6-4d8d-98ed-18dbf478f73a"}},"isOnPremiseConnection":false,"bypassConsent":false,"dataSets":{},"apiTier":"Standard","actions":["Run"]},"ac868ded-0557-4940-82d3-146364bd6e4c":{"id":"/providers/microsoft.powerapps/apis/shared_sharepointonline","displayName":"SharePoint","iconUri":"https://connectoricons-prod.azureedge.net/releases/v1.0.1682/1.0.1682.3675/sharepointonline/icon.png","dataSources":[],"dependencies":[],"dependents":["e35c9b97-df43-4dbf-b3f5-ebdf35d153b9"],"parameterHints":{},"parameterHintsV2":{},"isOnPremiseConnection":false,"bypassConsent":false,"dataSets":{},"apiTier":"Standard"},"917f8968-f6d6-4d8d-98ed-18dbf478f73a":{"id":"/providers/microsoft.powerapps/apis/shared_excelonlinebusiness","displayName":"Excel Online (Business)","iconUri":"https://connectoricons-prod.azureedge.net/releases/v1.0.1680/1.0.1680.3652/excelonlinebusiness/icon.png","dataSources":[],"dependencies":[],"dependents":["e35c9b97-df43-4dbf-b3f5-ebdf35d153b9","349238b2-e686-476a-9fc1-c817b68b6823"],"parameterHints":{},"parameterHintsV2":{},"isOnPremiseConnection":false,"bypassConsent":false,"dataSets":{},"apiTier":"Standard"},"349238b2-e686-476a-9fc1-c817b68b6823":{"id":"/providers/microsoft.powerapps/apis/shared_logicflows","displayName":"Logic flows","iconUri":"https://connectoricons-prod.azureedge.net/releases/v1.0.1680/1.0.1680.3652/logicflows/icon.png","dataSources":["GenerateExcelinInvoiceFormat"],"dependencies":["208b207b-c4a5-4a90-a0c1-e0bf43c58563","917f8968-f6d6-4d8d-98ed-18dbf478f73a","d3c46221-60e5-4cc1-af44-6c5922df8a0b","e77ffb85-4e31-493b-91dd-2f4610a8a8a8","1f528f45-adf6-4f05-8963-c0de7dec5fb0","26e11293-59aa-4a62-9d5e-54b0e8aa8812"],"dependents":[],"parameterHints":{"workflowName":{"value":"ee9d2848-c69a-412d-85ef-14eb150c8879"},"workflowEntityId":{"value":"df08fbcd-02d6-ee11-904d-000d3ac71cd1"},"workflowDisplayName":{"value":"Generate Excel in Invoice Format"},"208b207b-c4a5-4a90-a0c1-e0bf43c58563":{"value":"shared_excelonlinebusiness_2"},"917f8968-f6d6-4d8d-98ed-18dbf478f73a":{"value":"shared_excelonlinebusiness_1"},"d3c46221-60e5-4cc1-af44-6c5922df8a0b":{"value":"shared_onedriveforbusiness_1"},"e77ffb85-4e31-493b-91dd-2f4610a8a8a8":{"value":"shared_commondataserviceforapps"},"1f528f45-adf6-4f05-8963-c0de7dec5fb0":{"value":"shared_office365"},"26e11293-59aa-4a62-9d5e-54b0e8aa8812":{"value":"shared_onedriveforbusiness"}},"parameterHintsV2":{"workflowName":{"value":"ee9d2848-c69a-412d-85ef-14eb150c8879"},"workflowEntityId":{"value":"df08fbcd-02d6-ee11-904d-000d3ac71cd1"},"workflowDisplayName":{"value":"Generate Excel in Invoice Format"},"shared_excelonlinebusiness_2":{"value":"208b207b-c4a5-4a90-a0c1-e0bf43c58563"},"shared_excelonlinebusiness_1":{"value":"917f8968-f6d6-4d8d-98ed-18dbf478f73a"},"shared_onedriveforbusiness_1":{"value":"d3c46221-60e5-4cc1-af44-6c5922df8a0b"},"shared_commondataserviceforapps":{"value":"e77ffb85-4e31-493b-91dd-2f4610a8a8a8"},"shared_office365":{"value":"1f528f45-adf6-4f05-8963-c0de7dec5fb0"},"shared_onedriveforbusiness":{"value":"26e11293-59aa-4a62-9d5e-54b0e8aa8812"}},"isOnPremiseConnection":false,"bypassConsent":false,"dataSets":{},"apiTier":"Standard","actions":["Run"]},"208b207b-c4a5-4a90-a0c1-e0bf43c58563":{"id":"/providers/microsoft.powerapps/apis/shared_excelonlinebusiness","displayName":"Excel Online (Business)","iconUri":"https://connectoricons-prod.azureedge.net/releases/v1.0.1680/1.0.1680.3652/excelonlinebusiness/icon.png","dataSources":[],"dependencies":[],"dependents":["349238b2-e686-476a-9fc1-c817b68b6823"],"parameterHints":{},"parameterHintsV2":{},"isOnPremiseConnection":false,"bypassConsent":false,"dataSets":{},"apiTier":"Standard"},"e77ffb85-4e31-493b-91dd-2f4610a8a8a8":{"id":"/providers/microsoft.powerapps/apis/shared_commondataserviceforapps","displayName":"Microsoft Dataverse","iconUri":"https://connectoricons-prod.azureedge.net/releases/v1.0.1684/1.0.1684.3697/commondataserviceforapps/icon.png","dataSources":[],"dependencies":[],"dependents":["349238b2-e686-476a-9fc1-c817b68b6823","e94e8fbe-6e13-49fe-abb9-5f19a6e13bf0"],"parameterHints":{},"parameterHintsV2":{},"isOnPremiseConnection":false,"bypassConsent":false,"dataSets":{},"apiTier":"Premium"},"1f528f45-adf6-4f05-8963-c0de7dec5fb0":{"id":"/providers/microsoft.powerapps/apis/shared_office365","displayName":"Office 365 Outlook","iconUri":"https://connectoricons-prod.azureedge.net/releases/v1.0.1677/1.0.1677.3637/office365/icon.png","dataSources":[],"dependencies":[],"dependents":["349238b2-e686-476a-9fc1-c817b68b6823","e94e8fbe-6e13-49fe-abb9-5f19a6e13bf0"],"parameterHints":{},"parameterHintsV2":{},"isOnPremiseConnection":false,"bypassConsent":false,"dataSets":{},"apiTier":"Standard"},"26e11293-59aa-4a62-9d5e-54b0e8aa8812":{"id":"/providers/microsoft.powerapps/apis/shared_onedriveforbusiness","displayName":"OneDrive for Business","iconUri":"https://connectoricons-prod.azureedge.net/releases/v1.0.1669/1.0.1669.3520/onedriveforbusiness/icon.png","dataSources":[],"dependencies":[],"dependents":["349238b2-e686-476a-9fc1-c817b68b6823","e94e8fbe-6e13-49fe-abb9-5f19a6e13bf0"],"parameterHints":{},"parameterHintsV2":{},"isOnPremiseConnection":false,"bypassConsent":false,"dataSets":{},"apiTier":"Standard"},"e94e8fbe-6e13-49fe-abb9-5f19a6e13bf0":{"id":"/providers/microsoft.powerapps/apis/shared_logicflows","displayName":"Logic flows","iconUri":"https://connectoricons-prod.azureedge.net/releases/v1.0.1680/1.0.1680.3652/logicflows/icon.png","dataSources":["ExporttoExcel"],"dependencies":["e77ffb85-4e31-493b-91dd-2f4610a8a8a8","26e11293-59aa-4a62-9d5e-54b0e8aa8812","1f528f45-adf6-4f05-8963-c0de7dec5fb0","d3a6de9e-3a0b-4d4b-a1f8-6e26b44780ff"],"dependents":[],"parameterHints":{"workflowName":{"value":"5706d3a0-3e00-4b37-87b0-ae23cde5f3ef"},"workflowEntityId":{"value":"03254a80-afd4-ee11-904d-6045bd1cb9b9"},"workflowDisplayName":{"value":"Export to Excel"},"e77ffb85-4e31-493b-91dd-2f4610a8a8a8":{"value":"shared_commondataserviceforapps"},"26e11293-59aa-4a62-9d5e-54b0e8aa8812":{"value":"shared_onedriveforbusiness"},"1f528f45-adf6-4f05-8963-c0de7dec5fb0":{"value":"shared_office365"},"d3a6de9e-3a0b-4d4b-a1f8-6e26b44780ff":{"value":"shared_excelonlinebusiness"}},"parameterHintsV2":{"workflowName":{"value":"5706d3a0-3e00-4b37-87b0-ae23cde5f3ef"},"workflowEntityId":{"value":"03254a80-afd4-ee11-904d-6045bd1cb9b9"},"workflowDisplayName":{"value":"Export to Excel"},"shared_commondataserviceforapps":{"value":"e77ffb85-4e31-493b-91dd-2f4610a8a8a8"},"shared_onedriveforbusiness":{"value":"26e11293-59aa-4a62-9d5e-54b0e8aa8812"},"shared_office365":{"value":"1f528f45-adf6-4f05-8963-c0de7dec5fb0"},"shared_excelonlinebusiness":{"value":"d3a6de9e-3a0b-4d4b-a1f8-6e26b44780ff"}},"isOnPremiseConnection":false,"bypassConsent":false,"dataSets":{},"apiTier":"Standard"},"d3a6de9e-3a0b-4d4b-a1f8-6e26b44780ff":{"id":"/providers/microsoft.powerapps/apis/shared_excelonlinebusiness","displayName":"Excel Online (Business)","iconUri":"https://connectoricons-prod.azureedge.net/releases/v1.0.1680/1.0.1680.3652/excelonlinebusiness/icon.png","dataSources":[],"dependencies":[],"dependents":["e94e8fbe-6e13-49fe-abb9-5f19a6e13bf0"],"parameterHints":{},"parameterHintsV2":{},"isOnPremiseConnection":false,"bypassConsent":false,"dataSets":{},"apiTier":"Standard"}}</ConnectionReferences>
      <DatabaseReferences>{"default.cds":{"databaseDetails":{"referenceType":"Environmental","environmentName":"default.cds","overrideValues":{"status":"NotSpecified","environmentVariableName":""}},"dataSources":{"Header_Invoice_FA Reworks":{"entitySetName":"cr9ef_header_invoice_fareworks","logicalName":"cr9ef_header_invoice_farework"},"Items_Invoice_FA Reworks":{"entitySetName":"cr9ef_items_invoice_fareworks","logicalName":"cr9ef_items_invoice_farework"},"Users":{"entitySetName":"systemusers","logicalName":"systemuser"},"VendInvoiceShipmentStatuses":{"entitySetName":"fadev_vendinvoiceshipmentstatuses","logicalName":"fadev_vendinvoiceshipmentstatus"}}}}</DatabaseReferences>
      <AppComponents>[]</AppComponents>
      <AppComponentDependencies>[]</AppComponentDependencies>
      <CanConsumeAppPass>0</CanConsumeAppPass>
      <CanvasAppType>0</CanvasAppType>
      <BypassConsent>0</BypassConsent>
      <AdminControlBypassConsent>0</AdminControlBypassConsent>
      <EmbeddedApp xsi:nil="true"></EmbeddedApp>
      <IntroducedVersion>1.0</IntroducedVersion>
      <CdsDependencies>{"cdsdependencies":[{"dependencyid":"eaa3d1bb-c5d4-ee11-9079-000d3a4751b9","componenttype":29,"componenttypeplatformname":"Workflow"},{"dependencyid":"fa3bc5f5-5dd5-ee11-904d-000d3ac717b4","componenttype":29,"componenttypeplatformname":"Workflow"},{"dependencyid":"f83bc5f5-5dd5-ee11-904d-000d3ac717b4","componenttype":29,"componenttypeplatformname":"Workflow"},{"dependencyid":"df08fbcd-02d6-ee11-904d-000d3ac71cd1","componenttype":29,"componenttypeplatformname":"Workflow"},{"dependencyid":"03254a80-afd4-ee11-904d-6045bd1cb9b9","componenttype":29,"componenttypeplatformname":"Workflow"},{"logicalname":"cr9ef_header_invoice_farework","componenttype":1},{"logicalname":"cr9ef_items_invoice_farework","componenttype":1},{"logicalname":"systemuser","componenttype":1},{"logicalname":"fadev_vendinvoiceshipmentstatus","componenttype":1}]}</CdsDependencies>
      <IsCustomizable>1</IsCustomizable>
      <BackgroundImageUri>/CanvasApps/fadev_fareworkinbound_95a83_BackgroundImageUri</BackgroundImageUri>
      <DocumentUri>/CanvasApps/fadev_fareworkinbound_95a83_DocumentUri.msapp</DocumentUri>
      <AdditionalUris>
        <AdditionalUri>/CanvasApps/fadev_fareworkinbound_95a83_AdditionalUris0_identity.json</AdditionalUri>
      </AdditionalUris>
    </CanvasApp>
    <CanvasApp>
      <Name>fadev_fareworkinboundbackup_79a3c</Name>
      <AppVersion>2024-01-11T12:25:53Z</AppVersion>
      <Status>Ready</Status>
      <CreatedByClientVersion>3.23123.14.0</CreatedByClientVersion>
      <MinClientVersion>3.23123.14.0</MinClientVersion>
      <Tags>{"sp-site-id":"https://capgemini.sharepoint.com/sites/AutomationTeam613","sp-list-id":"fc5dd5c3-91e5-47d4-81c2-1d6d41c8ea2c","https://capgemini.sharepoint.com/sites/AutomationTeam613":"fc5dd5c3-91e5-47d4-81c2-1d6d41c8ea2c","primaryDeviceWidth":"3000","primaryDeviceHeight":"1500","supportsPortrait":"true","supportsLandscape":"true","primaryFormFactor":"Phone","showStatusBar":"false","publisherVersion":"3.23123.14","minimumRequiredApiVersion":"2.2.0","hasComponent":"false","hasUnlockedComponent":"false","isUnifiedRootApp":"false","sienaVersion":"20240108T092100Z-3.23122.17.0","offlineLargeFilesSupport":"false"}</Tags>
      <IsCdsUpgraded>0</IsCdsUpgraded>
      <GalleryItemId xsi:nil="true"></GalleryItemId>
      <BackgroundColor>rgba(255, 255, 255, 1)</BackgroundColor>
      <DisplayName>FA REWORK Inbound - Backup</DisplayName>
      <Description xsi:nil="true"></Description>
      <CommitMessage xsi:nil="true"></CommitMessage>
      <Publisher xsi:nil="true"></Publisher>
      <AuthorizationReferences>[]</AuthorizationReferences>
      <ConnectionReferences>{"7b90f18c-6069-4a79-933b-89820915df12":{"id":"/providers/microsoft.powerapps/apis/shared_sharepointonline","displayName":"SharePoint","iconUri":"https://connectoricons-prod.azureedge.net/releases/v1.0.1670/1.0.1670.3526/sharepointonline/icon.png","dataSources":["Header_Invoice_FA Rework","Items for FA Rework Inbound Vendor"],"dependencies":[],"dependents":["c1a9d2c7-90fb-4983-a010-8105f2f97adc"],"parameterHints":{},"parameterHintsV2":{},"isOnPremiseConnection":false,"dataSets":{"https://capgemini.sharepoint.com/sites/AutomationTeam613":{"dataSources":{"Header_Invoice_FA Rework":{"tableName":"fc5dd5c3-91e5-47d4-81c2-1d6d41c8ea2c"},"Items for FA Rework Inbound Vendor":{"tableName":"228e5b39-207f-4587-b721-5e1ee67fca0c"}}}},"apiTier":"Standard","actions":["providers/PowerPlatform.Governance/Operations/Read","providers/PowerPlatform.Governance/Operations/Write"]},"c0f5f637-7548-4b4f-8f40-a18925ad23ff":{"id":"/providers/microsoft.powerapps/apis/shared_logicflows","displayName":"Logic flows","iconUri":"https://connectoricons-prod.azureedge.net/releases/v1.0.1664/1.0.1664.3477/logicflows/icon.png","dataSources":["Generate_Invoice"],"dependencies":["0f6e7bdd-d001-4f9a-b328-d5a7921c6901"],"dependents":[],"parameterHints":{"workflowName":{"value":"d917b762-3bda-4ffb-886b-16f674a4dab1"},"workflowEntityId":{},"0f6e7bdd-d001-4f9a-b328-d5a7921c6901":{"value":"shared_onedriveforbusiness"}},"parameterHintsV2":{"workflowName":{"value":"d917b762-3bda-4ffb-886b-16f674a4dab1"},"workflowEntityId":{},"shared_onedriveforbusiness":{"value":"0f6e7bdd-d001-4f9a-b328-d5a7921c6901"}},"isOnPremiseConnection":false,"dataSets":{},"apiTier":"Standard","actions":["Run"]},"0f6e7bdd-d001-4f9a-b328-d5a7921c6901":{"id":"/providers/microsoft.powerapps/apis/shared_onedriveforbusiness","displayName":"OneDrive for Business","iconUri":"https://connectoricons-prod.azureedge.net/releases/v1.0.1669/1.0.1669.3520/onedriveforbusiness/icon.png","dataSources":[],"dependencies":[],"dependents":["c0f5f637-7548-4b4f-8f40-a18925ad23ff"],"parameterHints":{},"parameterHintsV2":{},"isOnPremiseConnection":false,"dataSets":{},"apiTier":"Standard"},"aebcaf94-e025-470c-a2a4-397c85f62c3f":{"id":"/providers/microsoft.powerapps/apis/shared_office365","displayName":"Office 365 Outlook","iconUri":"https://connectoricons-prod.azureedge.net/releases/v1.0.1669/1.0.1669.3520/office365/icon.png","dataSources":["Office365Outlook"],"dependencies":[],"dependents":[],"parameterHints":{},"parameterHintsV2":{},"isOnPremiseConnection":false,"dataSets":{},"apiTier":"Standard","actions":["SendEmailV2"]},"68261449-d1c8-4fa9-8443-3cf52b87ea13":{"id":"/providers/microsoft.powerapps/apis/shared_logicflows","displayName":"Logic flows","iconUri":"https://connectoricons-prod.azureedge.net/releases/v1.0.1664/1.0.1664.3477/logicflows/icon.png","dataSources":["FAReworkforfileupload-POC"],"dependencies":["f37e8b45-5860-43ec-9ad3-8f47e89d6d71","4e5ed64e-218c-40be-8adf-72d444c0b63a"],"dependents":[],"parameterHints":{"workflowName":{"value":"8631be58-0c11-4b60-859c-340db5fdfe9b"},"workflowEntityId":{},"f37e8b45-5860-43ec-9ad3-8f47e89d6d71":{"value":"shared_sharepointonline"},"4e5ed64e-218c-40be-8adf-72d444c0b63a":{"value":"shared_excelonlinebusiness"}},"parameterHintsV2":{"workflowName":{"value":"8631be58-0c11-4b60-859c-340db5fdfe9b"},"workflowEntityId":{},"shared_sharepointonline":{"value":"f37e8b45-5860-43ec-9ad3-8f47e89d6d71"},"shared_excelonlinebusiness":{"value":"4e5ed64e-218c-40be-8adf-72d444c0b63a"}},"isOnPremiseConnection":false,"dataSets":{},"apiTier":"Standard","actions":["Run"]},"f37e8b45-5860-43ec-9ad3-8f47e89d6d71":{"id":"/providers/microsoft.powerapps/apis/shared_sharepointonline","displayName":"SharePoint","iconUri":"https://connectoricons-prod.azureedge.net/releases/v1.0.1670/1.0.1670.3526/sharepointonline/icon.png","dataSources":[],"dependencies":[],"dependents":["68261449-d1c8-4fa9-8443-3cf52b87ea13"],"parameterHints":{},"parameterHintsV2":{},"isOnPremiseConnection":false,"dataSets":{},"apiTier":"Standard"},"4e5ed64e-218c-40be-8adf-72d444c0b63a":{"id":"/providers/microsoft.powerapps/apis/shared_excelonlinebusiness","displayName":"Excel Online (Business)","iconUri":"https://connectoricons-prod.azureedge.net/releases/v1.0.1658/1.0.1658.3452/excelonlinebusiness/icon.png","dataSources":[],"dependencies":[],"dependents":["68261449-d1c8-4fa9-8443-3cf52b87ea13","c1a9d2c7-90fb-4983-a010-8105f2f97adc"],"parameterHints":{},"parameterHintsV2":{},"isOnPremiseConnection":false,"dataSets":{},"apiTier":"Standard"},"c1a9d2c7-90fb-4983-a010-8105f2f97adc":{"id":"/providers/microsoft.powerapps/apis/shared_logicflows","displayName":"Logic flows","iconUri":"https://connectoricons-prod.azureedge.net/releases/v1.0.1664/1.0.1664.3477/logicflows/icon.png","dataSources":["FAReworkforfileupload"],"dependencies":["7b90f18c-6069-4a79-933b-89820915df12","4e5ed64e-218c-40be-8adf-72d444c0b63a"],"dependents":[],"parameterHints":{"workflowName":{"value":"d2fd29ed-5824-4715-a98b-2390c5e313ea"},"workflowEntityId":{},"7b90f18c-6069-4a79-933b-89820915df12":{"value":"shared_sharepointonline"},"4e5ed64e-218c-40be-8adf-72d444c0b63a":{"value":"shared_excelonlinebusiness"}},"parameterHintsV2":{"workflowName":{"value":"d2fd29ed-5824-4715-a98b-2390c5e313ea"},"workflowEntityId":{},"shared_sharepointonline":{"value":"7b90f18c-6069-4a79-933b-89820915df12"},"shared_excelonlinebusiness":{"value":"4e5ed64e-218c-40be-8adf-72d444c0b63a"}},"isOnPremiseConnection":false,"dataSets":{},"apiTier":"Standard","actions":["Run"]}}</ConnectionReferences>
      <DatabaseReferences>{"default.cds":{"databaseDetails":{"referenceType":"NotSpecified","environmentName":"default.cds","overrideValues":{"status":"NotSpecified","environmentVariableName":""}},"dataSources":{"Header_Invoice_FA Reworks":{"entitySetName":"cr9ef_header_invoice_fareworks","logicalName":"cr9ef_header_invoice_farework"},"Items_Invoice_FA Reworks":{"entitySetName":"cr9ef_items_invoice_fareworks","logicalName":"cr9ef_items_invoice_farework"}}}}</DatabaseReferences>
      <AppComponents>[]</AppComponents>
      <AppComponentDependencies>[]</AppComponentDependencies>
      <CanConsumeAppPass>1</CanConsumeAppPass>
      <CanvasAppType>0</CanvasAppType>
      <BypassConsent>0</BypassConsent>
      <AdminControlBypassConsent>0</AdminControlBypassConsent>
      <EmbeddedApp xsi:nil="true"></EmbeddedApp>
      <IntroducedVersion>1.0</IntroducedVersion>
      <CdsDependencies>{"cdsdependencies":[{"logicalname":"cr9ef_header_invoice_farework","componenttype":1},{"logicalname":"cr9ef_items_invoice_farework","componenttype":1}]}</CdsDependencies>
      <IsCustomizable>1</IsCustomizable>
      <BackgroundImageUri>/CanvasApps/fadev_fareworkinboundbackup_79a3c_BackgroundImageUri</BackgroundImageUri>
      <DocumentUri>/CanvasApps/fadev_fareworkinboundbackup_79a3c_DocumentUri.msapp</DocumentUri>
      <AdditionalUris>
        <AdditionalUri>/CanvasApps/fadev_fareworkinboundbackup_79a3c_AdditionalUris0_identity.json</AdditionalUri>
      </AdditionalUris>
    </CanvasApp>
  </CanvasApps>
  <connectionreferences>
    <connectionreference connectionreferencelogicalname="Crb333e_shared_sharepointonline_0ac9fdc58640409599c5e4f2bd7ba181">
      <connectionreferencedisplayname>Crb333e_shared_sharepointonline_0ac9fdc5</connectionreferencedisplayname>
      <connectorid>/providers/Microsoft.PowerApps/apis/shared_sharepointonline</connectorid>
      <description>Crb333e_shared_sharepointonline_0ac9fdc58640409599c5e4f2bd7ba181</description>
      <iscustomizable>1</iscustomizable>
      <statecode>0</statecode>
      <statuscode>1</statuscode>
    </connectionreference>
    <connectionreference connectionreferencelogicalname="farework_OneDrive">
      <connectionreferencedisplayname>OneDrive</connectionreferencedisplayname>
      <connectorid>/providers/Microsoft.PowerApps/apis/shared_onedriveforbusiness</connectorid>
      <description>OneDriveConnection reference</description>
      <iscustomizable>1</iscustomizable>
      <statecode>0</statecode>
      <statuscode>1</statuscode>
    </connectionreference>
    <connectionreference connectionreferencelogicalname="farework_sharedcommondataserviceforapps_4f852">
      <connectionreferencedisplayname>Microsoft Dataverse FAReworkPAInvoice-4f852</connectionreferencedisplayname>
      <connectorid>/providers/Microsoft.PowerApps/apis/shared_commondataserviceforapps</connectorid>
      <iscustomizable>1</iscustomizable>
      <statecode>0</statecode>
      <statuscode>1</statuscode>
    </connectionreference>
    <connectionreference connectionreferencelogicalname="farework_sharedcommondataserviceforapps_b3b88">
      <connectionreferencedisplayname>Microsoft Dataverse FAReworkPAInvoice-b3b88</connectionreferencedisplayname>
      <connectorid>/providers/Microsoft.PowerApps/apis/shared_commondataserviceforapps</connectorid>
      <iscustomizable>1</iscustomizable>
      <statecode>0</statecode>
      <statuscode>1</statuscode>
    </connectionreference>
    <connectionreference connectionreferencelogicalname="farework_sharedoffice365_02fc3">
      <connectionreferencedisplayname>Office 365 Outlook FARework-02fc3</connectionreferencedisplayname>
      <connectorid>/providers/Microsoft.PowerApps/apis/shared_office365</connectorid>
      <iscustomizable>1</iscustomizable>
      <statecode>0</statecode>
      <statuscode>1</statuscode>
    </connectionreference>
    <connectionreference connectionreferencelogicalname="farework_sharedonedriveforbusiness_21c05">
      <connectionreferencedisplayname>OneDrive for Business FAReworkPAInvoice-21c05</connectionreferencedisplayname>
      <connectorid>/providers/Microsoft.PowerApps/apis/shared_onedriveforbusiness</connectorid>
      <iscustomizable>1</iscustomizable>
      <statecode>0</statecode>
      <statuscode>1</statuscode>
    </connectionreference>
    <connectionreference connectionreferencelogicalname="farework_sharedonedriveforbusiness_430b3">
      <connectionreferencedisplayname>OneDrive for Business FAReworkPAInvoice-430b3</connectionreferencedisplayname>
      <connectorid>/providers/Microsoft.PowerApps/apis/shared_onedriveforbusiness</connectorid>
      <iscustomizable>1</iscustomizable>
      <statecode>0</statecode>
      <statuscode>1</statuscode>
    </connectionreference>
    <connectionreference connectionreferencelogicalname="farework_sharedonedriveforbusiness_49576">
      <connectionreferencedisplayname>OneDrive for Business FARework-49576</connectionreferencedisplayname>
      <connectorid>/providers/Microsoft.PowerApps/apis/shared_onedriveforbusiness</connectorid>
      <iscustomizable>1</iscustomizable>
      <statecode>0</statecode>
      <statuscode>1</statuscode>
    </connectionreference>
    <connectionreference connectionreferencelogicalname="farework_sharedsql_46866">
      <connectionreferencedisplayname>SQL Server FAReworkPAInvoice-46866</connectionreferencedisplayname>
      <connectorid>/providers/Microsoft.PowerApps/apis/shared_sql</connectorid>
      <iscustomizable>1</iscustomizable>
      <statecode>0</statecode>
      <statuscode>1</statuscode>
    </connectionreference>
    <connectionreference connectionreferencelogicalname="farework_sharedwordonlinebusiness_3caad">
      <connectionreferencedisplayname>Word Online (Business) FARework-3caad</connectionreferencedisplayname>
      <connectorid>/providers/Microsoft.PowerApps/apis/shared_wordonlinebusiness</connectorid>
      <iscustomizable>1</iscustomizable>
      <statecode>0</statecode>
      <statuscode>1</statuscode>
    </connectionreference>
    <connectionreference connectionreferencelogicalname="farework_sharedwordonlinebusiness_add78">
      <connectionreferencedisplayname>Word Online (Business) FARework-add78</connectionreferencedisplayname>
      <connectorid>/providers/Microsoft.PowerApps/apis/shared_wordonlinebusiness</connectorid>
      <iscustomizable>1</iscustomizable>
      <statecode>0</statecode>
      <statuscode>1</statuscode>
    </connectionreference>
    <connectionreference connectionreferencelogicalname="farework_Sharepoint">
      <connectionreferencedisplayname>Sharepoint</connectionreferencedisplayname>
      <connectorid>/providers/Microsoft.PowerApps/apis/shared_sharepointonline</connectorid>
      <description>Sharepoint connection reference</description>
      <iscustomizable>1</iscustomizable>
      <statecode>0</statecode>
      <statuscode>1</statuscode>
    </connectionreference>
    <connectionreference connectionreferencelogicalname="farework_WordPopulate">
      <connectionreferencedisplayname>Word Populate</connectionreferencedisplayname>
      <connectorid>/providers/Microsoft.PowerApps/apis/shared_wordonlinebusiness</connectorid>
      <description>word to pdf</description>
      <iscustomizable>1</iscustomizable>
      <statecode>0</statecode>
      <statuscode>1</statuscode>
    </connectionreference>
  </connectionreferences>
  <Languages>
    <Language>1033</Language>
  </Languages>
</ImportExportXml>