<ImportExportXml version="9.2.24092.178" SolutionPackageVersion="9.2" languagecode="1033" generatedBy="CrmLive" xmlns:xsi="http://www.w3.org/2001/XMLSchema-instance" OrganizationVersion="9.2.24092.178" OrganizationSchemaType="Standard" CRMServerServiceabilityVersion="9.2.24092.00178">
  <SolutionManifest>
    <UniqueName>FAReworkPAInvoice</UniqueName>
    <LocalizedNames>
      <LocalizedName description="FAReworkPAInvoice" languagecode="1033" />
    </LocalizedNames>
    <Descriptions />
    <Version>1.0.0.5</Version>
    <Managed>0</Managed>
    <Publisher>
      <UniqueName>FA_Rework</UniqueName>
      <LocalizedNames>
        <LocalizedName description="FA Rework" languagecode="1033" />
      </LocalizedNames>
      <Descriptions />
      <EMailAddress xsi:nil="true"></EMailAddress>
      <SupportingWebsiteUrl xsi:nil="true"></SupportingWebsiteUrl>
      <CustomizationPrefix>farework</CustomizationPrefix>
      <CustomizationOptionValuePrefix>99967</CustomizationOptionValuePrefix>
      <Addresses>
        <Address>
          <AddressNumber>1</AddressNumber>
          <AddressTypeCode>1</AddressTypeCode>
          <City xsi:nil="true"></City>
          <County xsi:nil="true"></County>
          <Country xsi:nil="true"></Country>
          <Fax xsi:nil="true"></Fax>
          <FreightTermsCode xsi:nil="true"></FreightTermsCode>
          <ImportSequenceNumber xsi:nil="true"></ImportSequenceNumber>
          <Latitude xsi:nil="true"></Latitude>
          <Line1 xsi:nil="true"></Line1>
          <Line2 xsi:nil="true"></Line2>
          <Line3 xsi:nil="true"></Line3>
          <Longitude xsi:nil="true"></Longitude>
          <Name xsi:nil="true"></Name>
          <PostalCode xsi:nil="true"></PostalCode>
          <PostOfficeBox xsi:nil="true"></PostOfficeBox>
          <PrimaryContactName xsi:nil="true"></PrimaryContactName>
          <ShippingMethodCode>1</ShippingMethodCode>
          <StateOrProvince xsi:nil="true"></StateOrProvince>
          <Telephone1 xsi:nil="true"></Telephone1>
          <Telephone2 xsi:nil="true"></Telephone2>
          <Telephone3 xsi:nil="true"></Telephone3>
          <TimeZoneRuleVersionNumber xsi:nil="true"></TimeZoneRuleVersionNumber>
          <UPSZone xsi:nil="true"></UPSZone>
          <UTCOffset xsi:nil="true"></UTCOffset>
          <UTCConversionTimeZoneCode xsi:nil="true"></UTCConversionTimeZoneCode>
        </Address>
        <Address>
          <AddressNumber>2</AddressNumber>
          <AddressTypeCode>1</AddressTypeCode>
          <City xsi:nil="true"></City>
          <County xsi:nil="true"></County>
          <Country xsi:nil="true"></Country>
          <Fax xsi:nil="true"></Fax>
          <FreightTermsCode xsi:nil="true"></FreightTermsCode>
          <ImportSequenceNumber xsi:nil="true"></ImportSequenceNumber>
          <Latitude xsi:nil="true"></Latitude>
          <Line1 xsi:nil="true"></Line1>
          <Line2 xsi:nil="true"></Line2>
          <Line3 xsi:nil="true"></Line3>
          <Longitude xsi:nil="true"></Longitude>
          <Name xsi:nil="true"></Name>
          <PostalCode xsi:nil="true"></PostalCode>
          <PostOfficeBox xsi:nil="true"></PostOfficeBox>
          <PrimaryContactName xsi:nil="true"></PrimaryContactName>
          <ShippingMethodCode>1</ShippingMethodCode>
          <StateOrProvince xsi:nil="true"></StateOrProvince>
          <Telephone1 xsi:nil="true"></Telephone1>
          <Telephone2 xsi:nil="true"></Telephone2>
          <Telephone3 xsi:nil="true"></Telephone3>
          <TimeZoneRuleVersionNumber xsi:nil="true"></TimeZoneRuleVersionNumber>
          <UPSZone xsi:nil="true"></UPSZone>
          <UTCOffset xsi:nil="true"></UTCOffset>
          <UTCConversionTimeZoneCode xsi:nil="true"></UTCConversionTimeZoneCode>
        </Address>
      </Addresses>
    </Publisher>
    <RootComponents>
      <RootComponent type="29" id="{03254a80-afd4-ee11-904d-6045bd1cb9b9}" behavior="0" />
      <RootComponent type="29" id="{2ecdafdf-9cdb-ee11-904c-6045bd1b6089}" behavior="0" />
      <RootComponent type="29" id="{44242e52-cad7-ee11-904c-6045bd2070b3}" behavior="0" />
      <RootComponent type="29" id="{5cfd7fe1-bddb-ee11-904c-6045bd1b6089}" behavior="0" />
      <RootComponent type="29" id="{64fd7fe1-bddb-ee11-904c-6045bd1b6089}" behavior="0" />
      <RootComponent type="29" id="{65fd7fe1-bddb-ee11-904c-6045bd1b6089}" behavior="0" />
      <RootComponent type="29" id="{66fd7fe1-bddb-ee11-904c-6045bd1b6089}" behavior="0" />
      <RootComponent type="29" id="{df08fbcd-02d6-ee11-904d-000d3ac71cd1}" behavior="0" />
      <RootComponent type="29" id="{eaa3d1bb-c5d4-ee11-9079-000d3a4751b9}" behavior="0" />
      <RootComponent type="29" id="{f83bc5f5-5dd5-ee11-904d-000d3ac717b4}" behavior="0" />
      <RootComponent type="29" id="{fa3bc5f5-5dd5-ee11-904d-000d3ac717b4}" behavior="0" />
      <RootComponent type="300" schemaName="fadev_fareworkinboundbackup_79a3c" behavior="0" />
      <RootComponent type="300" schemaName="fadev_fareworkinboundmultisearchtrobleshoot_4b2e2" behavior="0" />
      <RootComponent type="300" schemaName="fadev_fareworkinboundtroubleshoot_c6887" behavior="0" />
      <RootComponent type="300" schemaName="fadev_fareworkinbound_95a83" behavior="0" />
    </RootComponents>
    <MissingDependencies>
      <MissingDependency>
        <Required type="1" schemaName="cr9ef_header_invoice_farework" displayName="Header_Invoice_FA Rework" solution="Active" />
        <Dependent type="29" displayName="Export to Excel" id="{03254a80-afd4-ee11-904d-6045bd1cb9b9}" />
      </MissingDependency>
      <MissingDependency>
        <Required type="1" schemaName="cr9ef_header_invoice_farework" displayName="Header_Invoice_FA Rework" solution="Active" />
        <Dependent type="29" displayName="Generate Excel in Invoice Format V01" id="{44242e52-cad7-ee11-904c-6045bd2070b3}" />
      </MissingDependency>
      <MissingDependency>
        <Required type="1" schemaName="cr9ef_header_invoice_farework" displayName="Header_Invoice_FA Rework" solution="Active" />
        <Dependent type="29" displayName="Transform Data to DV" id="{65fd7fe1-bddb-ee11-904c-6045bd1b6089}" />
      </MissingDependency>
      <MissingDependency>
        <Required type="1" schemaName="cr9ef_header_invoice_farework" displayName="Header_Invoice_FA Rework" solution="Active" />
        <Dependent type="29" displayName="Transform Data to DV SP" id="{66fd7fe1-bddb-ee11-904c-6045bd1b6089}" />
      </MissingDependency>
      <MissingDependency>
        <Required type="1" schemaName="cr9ef_header_invoice_farework" displayName="Header_Invoice_FA Rework" solution="Active" />
        <Dependent type="29" displayName="Generate Excel in Invoice Format" id="{df08fbcd-02d6-ee11-904d-000d3ac71cd1}" />
      </MissingDependency>
      <MissingDependency>
        <Required type="1" schemaName="cr9ef_header_invoice_farework" displayName="Header_Invoice_FA Rework" solution="Active" />
        <Dependent type="300" schemaName="fadev_fareworkinbound_95a83" displayName="FA REWORK Inbound" />
      </MissingDependency>
      <MissingDependency>
        <Required type="1" schemaName="cr9ef_header_invoice_farework" displayName="Header_Invoice_FA Rework" solution="Active" />
        <Dependent type="300" schemaName="fadev_fareworkinboundbackup_79a3c" displayName="FA REWORK Inbound - Backup" />
      </MissingDependency>
      <MissingDependency>
        <Required type="1" schemaName="cr9ef_header_invoice_farework" displayName="Header_Invoice_FA Rework" solution="Active" />
        <Dependent type="300" schemaName="fadev_fareworkinboundmultisearchtrobleshoot_4b2e2" displayName="FA REWORK Inbound - Multisearch Trobleshoot" />
      </MissingDependency>
      <MissingDependency>
        <Required type="1" schemaName="cr9ef_header_invoice_farework" displayName="Header_Invoice_FA Rework" solution="Active" />
        <Dependent type="300" schemaName="fadev_fareworkinboundtroubleshoot_c6887" displayName="FA REWORK Inbound - Troubleshoot" />
      </MissingDependency>
      <MissingDependency>
        <Required type="1" schemaName="cr9ef_items_invoice_farework" displayName="Items_Invoice_FA Rework" solution="Active" />
        <Dependent type="29" displayName="Export to Excel" id="{03254a80-afd4-ee11-904d-6045bd1cb9b9}" />
      </MissingDependency>
      <MissingDependency>
        <Required type="1" schemaName="cr9ef_items_invoice_farework" displayName="Items_Invoice_FA Rework" solution="Active" />
        <Dependent type="29" displayName="Generate Excel in Invoice Format V01" id="{44242e52-cad7-ee11-904c-6045bd2070b3}" />
      </MissingDependency>
      <MissingDependency>
        <Required type="1" schemaName="cr9ef_items_invoice_farework" displayName="Items_Invoice_FA Rework" solution="Active" />
        <Dependent type="29" displayName="Transform Data to DV" id="{65fd7fe1-bddb-ee11-904c-6045bd1b6089}" />
      </MissingDependency>
      <MissingDependency>
        <Required type="1" schemaName="cr9ef_items_invoice_farework" displayName="Items_Invoice_FA Rework" solution="Active" />
        <Dependent type="29" displayName="Transform Data to DV SP" id="{66fd7fe1-bddb-ee11-904c-6045bd1b6089}" />
      </MissingDependency>
      <MissingDependency>
        <Required type="1" schemaName="cr9ef_items_invoice_farework" displayName="Items_Invoice_FA Rework" solution="Active" />
        <Dependent type="29" displayName="Generate Excel in Invoice Format" id="{df08fbcd-02d6-ee11-904d-000d3ac71cd1}" />
      </MissingDependency>
      <MissingDependency>
        <Required type="1" schemaName="cr9ef_items_invoice_farework" displayName="Items_Invoice_FA Rework" solution="Active" />
        <Dependent type="300" schemaName="fadev_fareworkinbound_95a83" displayName="FA REWORK Inbound" />
      </MissingDependency>
      <MissingDependency>
        <Required type="1" schemaName="cr9ef_items_invoice_farework" displayName="Items_Invoice_FA Rework" solution="Active" />
        <Dependent type="300" schemaName="fadev_fareworkinboundbackup_79a3c" displayName="FA REWORK Inbound - Backup" />
      </MissingDependency>
      <MissingDependency>
        <Required type="1" schemaName="cr9ef_items_invoice_farework" displayName="Items_Invoice_FA Rework" solution="Active" />
        <Dependent type="300" schemaName="fadev_fareworkinboundmultisearchtrobleshoot_4b2e2" displayName="FA REWORK Inbound - Multisearch Trobleshoot" />
      </MissingDependency>
      <MissingDependency>
        <Required type="1" schemaName="cr9ef_items_invoice_farework" displayName="Items_Invoice_FA Rework" solution="Active" />
        <Dependent type="300" schemaName="fadev_fareworkinboundtroubleshoot_c6887" displayName="FA REWORK Inbound - Troubleshoot" />
      </MissingDependency>
      <MissingDependency>
        <Required type="1" schemaName="fadev_invoicestatushistory" displayName="Invoice-status-history" solution="Active" />
        <Dependent type="29" displayName="invoice -- status" id="{2ecdafdf-9cdb-ee11-904c-6045bd1b6089}" />
      </MissingDependency>
      <MissingDependency>
        <Required type="1" schemaName="fadev_vendinvoiceshipmentstatus" displayName="VendInvoiceShipmentStatus" solution="Active" />
        <Dependent type="29" displayName="invoice -- status" id="{2ecdafdf-9cdb-ee11-904c-6045bd1b6089}" />
      </MissingDependency>
      <MissingDependency>
        <Required type="1" schemaName="fadev_vendinvoiceshipmentstatus" displayName="VendInvoiceShipmentStatus" solution="Active" />
        <Dependent type="29" displayName="Execute Stored Procedure and store it into DV" id="{64fd7fe1-bddb-ee11-904c-6045bd1b6089}" />
      </MissingDependency>
      <MissingDependency>
        <Required type="1" schemaName="fadev_vendinvoiceshipmentstatus" displayName="VendInvoiceShipmentStatus" solution="Active" />
        <Dependent type="300" schemaName="fadev_fareworkinbound_95a83" displayName="FA REWORK Inbound" />
      </MissingDependency>
      <MissingDependency>
        <Required type="1" schemaName="fadev_vendinvoiceshipmentstatus" displayName="VendInvoiceShipmentStatus" solution="Active" />
        <Dependent type="300" schemaName="fadev_fareworkinboundmultisearchtrobleshoot_4b2e2" displayName="FA REWORK Inbound - Multisearch Trobleshoot" />
      </MissingDependency>
      <MissingDependency>
        <Required type="1" schemaName="fadev_vendinvoiceshipmentstatus" displayName="VendInvoiceShipmentStatus" solution="Active" />
        <Dependent type="300" schemaName="fadev_fareworkinboundtroubleshoot_c6887" displayName="FA REWORK Inbound - Troubleshoot" />
      </MissingDependency>
      <MissingDependency>
        <Required type="connectionreference" displayName="fadev_sharedcommondataserviceforapps_989b6" solution="Active" id.connectionreferencelogicalname="fadev_sharedcommondataserviceforapps_989b6" />
        <Dependent type="29" displayName="Export to Excel" id="{03254a80-afd4-ee11-904d-6045bd1cb9b9}" />
      </MissingDependency>
      <MissingDependency>
        <Required type="connectionreference" displayName="fadev_sharedcommondataserviceforapps_989b6" solution="Active" id.connectionreferencelogicalname="fadev_sharedcommondataserviceforapps_989b6" />
        <Dependent type="29" displayName="invoice -- status" id="{2ecdafdf-9cdb-ee11-904c-6045bd1b6089}" />
      </MissingDependency>
      <MissingDependency>
        <Required type="connectionreference" displayName="fadev_sharedcommondataserviceforapps_989b6" solution="Active" id.connectionreferencelogicalname="fadev_sharedcommondataserviceforapps_989b6" />
        <Dependent type="29" displayName="Generate Excel in Invoice Format V01" id="{44242e52-cad7-ee11-904c-6045bd2070b3}" />
      </MissingDependency>
      <MissingDependency>
        <Required type="connectionreference" displayName="fadev_sharedcommondataserviceforapps_989b6" solution="Active" id.connectionreferencelogicalname="fadev_sharedcommondataserviceforapps_989b6" />
        <Dependent type="29" displayName="Generate Excel in Invoice Format" id="{df08fbcd-02d6-ee11-904d-000d3ac71cd1}" />
      </MissingDependency>
      <MissingDependency>
        <Required type="connectionreference" displayName="fadev_sharedexcelonlinebusiness_68c00" solution="Active" id.connectionreferencelogicalname="fadev_sharedexcelonlinebusiness_68c00" />
        <Dependent type="29" displayName="Generate Excel in Invoice Format V01" id="{44242e52-cad7-ee11-904c-6045bd2070b3}" />
      </MissingDependency>
      <MissingDependency>
        <Required type="connectionreference" displayName="fadev_sharedexcelonlinebusiness_68c00" solution="Active" id.connectionreferencelogicalname="fadev_sharedexcelonlinebusiness_68c00" />
        <Dependent type="29" displayName="Generate Excel in Invoice Format" id="{df08fbcd-02d6-ee11-904d-000d3ac71cd1}" />
      </MissingDependency>
      <MissingDependency>
        <Required type="connectionreference" displayName="fadev_sharedexcelonlinebusiness_68c00" solution="Active" id.connectionreferencelogicalname="fadev_sharedexcelonlinebusiness_68c00" />
        <Dependent type="29" displayName="FA Rework for file upload" id="{f83bc5f5-5dd5-ee11-904d-000d3ac717b4}" />
      </MissingDependency>
      <MissingDependency>
        <Required type="connectionreference" displayName="fadev_sharedexcelonlinebusiness_d0fa5" solution="Active" id.connectionreferencelogicalname="fadev_sharedexcelonlinebusiness_d0fa5" />
        <Dependent type="29" displayName="Generate Excel in Invoice Format V01" id="{44242e52-cad7-ee11-904c-6045bd2070b3}" />
      </MissingDependency>
      <MissingDependency>
        <Required type="connectionreference" displayName="fadev_sharedexcelonlinebusiness_d0fa5" solution="Active" id.connectionreferencelogicalname="fadev_sharedexcelonlinebusiness_d0fa5" />
        <Dependent type="29" displayName="Generate Excel in Invoice Format" id="{df08fbcd-02d6-ee11-904d-000d3ac71cd1}" />
      </MissingDependency>
      <MissingDependency>
        <Required type="connectionreference" displayName="fadev_sharedexcelonlinebusiness_e5647" solution="Active" id.connectionreferencelogicalname="fadev_sharedexcelonlinebusiness_e5647" />
        <Dependent type="29" displayName="Export to Excel" id="{03254a80-afd4-ee11-904d-6045bd1cb9b9}" />
      </MissingDependency>
      <MissingDependency>
        <Required type="connectionreference" displayName="fadev_sharedexcelonlinebusiness_f4b30" solution="Active" id.connectionreferencelogicalname="fadev_sharedexcelonlinebusiness_f4b30" />
        <Dependent type="29" displayName="FA Rework for file upload - POC" id="{fa3bc5f5-5dd5-ee11-904d-000d3ac717b4}" />
      </MissingDependency>
      <MissingDependency>
        <Required type="connectionreference" displayName="fadev_sharedoffice365_0efbf" solution="Active" id.connectionreferencelogicalname="fadev_sharedoffice365_0efbf" />
        <Dependent type="29" displayName="GeneratePDFfromWord" id="{eaa3d1bb-c5d4-ee11-9079-000d3a4751b9}" />
      </MissingDependency>
      <MissingDependency>
        <Required type="connectionreference" displayName="fadev_sharedonedriveforbusiness_e8ae8" solution="Active" id.connectionreferencelogicalname="fadev_sharedonedriveforbusiness_e8ae8" />
        <Dependent type="29" displayName="Generate Excel in Invoice Format V01" id="{44242e52-cad7-ee11-904c-6045bd2070b3}" />
      </MissingDependency>
      <MissingDependency>
        <Required type="connectionreference" displayName="fadev_sharedonedriveforbusiness_e8ae8" solution="Active" id.connectionreferencelogicalname="fadev_sharedonedriveforbusiness_e8ae8" />
        <Dependent type="29" displayName="Generate Excel in Invoice Format" id="{df08fbcd-02d6-ee11-904d-000d3ac71cd1}" />
      </MissingDependency>
      <MissingDependency>
        <Required type="connectionreference" displayName="fadev_sharedonedriveforbusiness_e8ae8" solution="Active" id.connectionreferencelogicalname="fadev_sharedonedriveforbusiness_e8ae8" />
        <Dependent type="29" displayName="GeneratePDFfromWord" id="{eaa3d1bb-c5d4-ee11-9079-000d3a4751b9}" />
      </MissingDependency>
      <MissingDependency>
        <Required type="connectionreference" displayName="fadev_sharedsharepointonline_8b3bb" solution="Active" id.connectionreferencelogicalname="fadev_sharedsharepointonline_8b3bb" />
        <Dependent type="29" displayName="FA Rework for file upload - POC" id="{fa3bc5f5-5dd5-ee11-904d-000d3ac717b4}" />
      </MissingDependency>
      <MissingDependency>
        <Required type="connectionreference" displayName="fadev_sharedsql_8500c" solution="Active" id.connectionreferencelogicalname="fadev_sharedsql_8500c" />
        <Dependent type="29" displayName="invoice -- status" id="{2ecdafdf-9cdb-ee11-904c-6045bd1b6089}" />
      </MissingDependency>
      <MissingDependency>
        <Required type="connectionreference" displayName="fadev_sharedwordonlinebusiness_48702" solution="Active" id.connectionreferencelogicalname="fadev_sharedwordonlinebusiness_48702" />
        <Dependent type="29" displayName="GeneratePDFfromWord" id="{eaa3d1bb-c5d4-ee11-9079-000d3a4751b9}" />
      </MissingDependency>
      <MissingDependency>
        <Required type="connectionreference" displayName="new_sharedoffice365_61d15" solution="Active" id.connectionreferencelogicalname="new_sharedoffice365_61d15" />
        <Dependent type="29" displayName="Export to Excel" id="{03254a80-afd4-ee11-904d-6045bd1cb9b9}" />
      </MissingDependency>
      <MissingDependency>
        <Required type="connectionreference" displayName="new_sharedoffice365_61d15" solution="Active" id.connectionreferencelogicalname="new_sharedoffice365_61d15" />
        <Dependent type="29" displayName="Generate Excel in Invoice Format V01" id="{44242e52-cad7-ee11-904c-6045bd2070b3}" />
      </MissingDependency>
      <MissingDependency>
        <Required type="connectionreference" displayName="new_sharedoffice365_61d15" solution="Active" id.connectionreferencelogicalname="new_sharedoffice365_61d15" />
        <Dependent type="29" displayName="Generate Excel in Invoice Format" id="{df08fbcd-02d6-ee11-904d-000d3ac71cd1}" />
      </MissingDependency>
      <MissingDependency>
        <Required type="connectionreference" displayName="new_sharedonedriveforbusiness_c133c" solution="Active" id.connectionreferencelogicalname="new_sharedonedriveforbusiness_c133c" />
        <Dependent type="29" displayName="Export to Excel" id="{03254a80-afd4-ee11-904d-6045bd1cb9b9}" />
      </MissingDependency>
      <MissingDependency>
        <Required type="connectionreference" displayName="new_sharedsharepointonline_8f4f6" solution="Active" id.connectionreferencelogicalname="new_sharedsharepointonline_8f4f6" />
        <Dependent type="29" displayName="FA Rework for file upload" id="{f83bc5f5-5dd5-ee11-904d-000d3ac717b4}" />
      </MissingDependency>
    </MissingDependencies>
  </SolutionManifest>
</ImportExportXml>