<environmentvariabledefinition schemaname="cr3ab_C2XInitialtags">
  <defaultvalue>&lt;DTCC_Wrapper xmlns="DTCC_Wrapper" xmlns:xsi="http://www.w3.org/2001/XMLSchema-instance" xsi:schemaLocation="DTCC_Wrapper DTCC_Wrapper_V0.5.xsd"&gt;DDRIE     &lt;ExecutionAgentRCP&gt;5493004V6A3Z027YT216&lt;/ExecutionAgentRCP&gt;     &lt;BizData xmlns="urn:iso:std:iso:20022:tech:xsd:head.003.001.01" xmlns:xsi="http://www.w3.org/2001/XMLSchema-instance" xmlns:n1="urn:iso:std:iso:20022:tech:xsd:head.001.001.02" xsi:schemaLocation="urn:iso:std:iso:20022:tech:xsd:head.003.001.01 head.003.001.02_DTCC.xsd"&gt;         &lt;Hdr&gt;             &lt;AppHdr xmlns="urn:iso:std:iso:20022:tech:xsd:head.001.001.02" xmlns:xsi="http://www.w3.org/2001/XMLSchema-instance" xsi:schemaLocation="urn:iso:std:iso:20022:tech:xsd:head.001.001.02 head.001.001.02.xsd"&gt;                 &lt;Fr&gt;                     &lt;OrgId&gt;                         &lt;Id&gt;                             &lt;OrgId&gt;                                 &lt;Othr&gt;                                     &lt;Id&gt;84J1&lt;/Id&gt;                                 &lt;/Othr&gt;                             &lt;/OrgId&gt;                         &lt;/Id&gt;                     &lt;/OrgId&gt;                 &lt;/Fr&gt;                 &lt;To&gt;                     &lt;OrgId&gt;                         &lt;Id&gt;                             &lt;OrgId&gt;                                 &lt;Othr&gt;                                     &lt;Id&gt;DDRIE&lt;/Id&gt;</defaultvalue>
  <displayname default="C2X Initial tags">
    <label description="C2X Initial tags" languagecode="1033" />
  </displayname>
  <introducedversion>1.0.0.0</introducedversion>
  <iscustomizable>1</iscustomizable>
  <isrequired>0</isrequired>
  <secretstore>0</secretstore>
  <type>100000000</type>
</environmentvariabledefinition>