<ImportExportXml xmlns:xsi="http://www.w3.org/2001/XMLSchema-instance">
  <Entities></Entities>
  <Roles></Roles>
  <Workflows></Workflows>
  <FieldSecurityProfiles></FieldSecurityProfiles>
  <Templates />
  <EntityMaps />
  <EntityRelationships />
  <OrganizationSettings />
  <optionsets />
  <CustomControls />
  <EntityDataProviders />
  <connectionreferences>
    <connectionreference connectionreferencelogicalname="cr5e0_itHelpdeskTicketAssistant.cr.fVEf12rg">
      <connectionreferencedisplayname>cr5e0_itHelpdeskTicketAssistant.cr.fVEf12rg</connectionreferencedisplayname>
      <connectorid>/providers/Microsoft.PowerApps/apis/shared_msnweather</connectorid>
      <iscustomizable>0</iscustomizable>
      <promptingbehavior>0</promptingbehavior>
      <statecode>0</statecode>
      <statuscode>1</statuscode>
    </connectionreference>
    <connectionreference connectionreferencelogicalname="cr5e0_itHelpdeskTicketAssistant.cr.gMQxUFXM">
      <connectionreferencedisplayname>cr5e0_itHelpdeskTicketAssistant.cr.gMQxUFXM</connectionreferencedisplayname>
      <connectorid>/providers/Microsoft.PowerApps/apis/shared_service-now</connectorid>
      <iscustomizable>0</iscustomizable>
      <promptingbehavior>0</promptingbehavior>
      <statecode>0</statecode>
      <statuscode>1</statuscode>
    </connectionreference>
    <connectionreference connectionreferencelogicalname="cr5e0_itHelpdeskTicketAssistant.cr.InzBnX6Z">
      <connectionreferencedisplayname>cr5e0_itHelpdeskTicketAssistant.cr.InzBnX6Z</connectionreferencedisplayname>
      <connectorid>/providers/Microsoft.PowerApps/apis/shared_service-now</connectorid>
      <iscustomizable>0</iscustomizable>
      <promptingbehavior>0</promptingbehavior>
      <statecode>0</statecode>
      <statuscode>1</statuscode>
    </connectionreference>
    <connectionreference connectionreferencelogicalname="cr5e0_itHelpdeskTicketAssistant.cr.pgq7R_31">
      <connectionreferencedisplayname>cr5e0_itHelpdeskTicketAssistant.cr.pgq7R_31</connectionreferencedisplayname>
      <connectorid>/providers/Microsoft.PowerApps/apis/shared_service-now</connectorid>
      <iscustomizable>0</iscustomizable>
      <promptingbehavior>0</promptingbehavior>
      <statecode>0</statecode>
      <statuscode>1</statuscode>
    </connectionreference>
  </connectionreferences>
  <Languages>
    <Language>1033</Language>
  </Languages>
</ImportExportXml>