<botcomponent schemaname="crbed_userSupport.knowledge.httpsinbookmyshowcom_tggE_yktHRpN9UaL0WdLQ">
  <componenttype>16</componenttype>
  <description>This knowledge source searches information on the web found in https://in.bookmyshow.com/ website</description>
  <iscustomizable>0</iscustomizable>
  <name>https://in.bookmyshow.com/</name>
  <parentbotid>
    <schemaname>crbed_userSupport</schemaname>
  </parentbotid>
  <statecode>0</statecode>
  <statuscode>1</statuscode>
</botcomponent>