<botcomponent_connectionreferenceset>
  <botcomponent_connectionreference botcomponentid.schemaname="cr3ab_agent3_CyhwH4.topic.Fallback" connectionreferenceid.connectionreferencelogicalname="cr3ab_agent3_CyhwH4.shared_office365.shared-office365-c1fafdbb-7c3d-447b-b2d8-ca8537da55c1">
    <iscustomizable>1</iscustomizable>
  </botcomponent_connectionreference>
  <botcomponent_connectionreference botcomponentid.schemaname="cr3ab_agent3_CyhwH4.topic.OnError" connectionreferenceid.connectionreferencelogicalname="cr3ab_agent3_CyhwH4.shared_office365.shared-office365-c1fafdbb-7c3d-447b-b2d8-ca8537da55c1">
    <iscustomizable>1</iscustomizable>
  </botcomponent_connectionreference>
</botcomponent_connectionreferenceset>