<botcomponent_environmentvariabledefinitionset>
  <botcomponent_environmentvariabledefinition botcomponentid.schemaname="cr3ab_agent3_CyhwH4.topic.Fallback" environmentvariabledefinitionid.schemaname="bloom_BLOOMSupportUser1">
    <iscustomizable>1</iscustomizable>
  </botcomponent_environmentvariabledefinition>
  <botcomponent_environmentvariabledefinition botcomponentid.schemaname="cr3ab_agent3_CyhwH4.topic.OnError" environmentvariabledefinitionid.schemaname="bloom_BLOOMSupportUser1">
    <iscustomizable>1</iscustomizable>
  </botcomponent_environmentvariabledefinition>
</botcomponent_environmentvariabledefinitionset>