{
  "properties": {
    "connectionReferences": {
      "shared_sharepointonline": {
        "runtimeSource": "invoker",
        "connection": {
          "connectionReferenceLogicalName": "farework_sharedsharepointonline_6381b"
        },
        "api": {
          "name": "shared_sharepointonline"
        }
      },
      "shared_onedriveforbusiness_1": {
        "runtimeSource": "invoker",
        "connection": {
          "connectionReferenceLogicalName": "farework_sharedonedriveforbusiness_cacea"
        },
        "api": {
          "name": "shared_onedriveforbusiness"
        }
      },
      "shared_excelonlinebusiness": {
        "runtimeSource": "invoker",
        "connection": {
          "connectionReferenceLogicalName": "farework_sharedexcelonlinebusiness_d6568"
        },
        "api": {
          "name": "shared_excelonlinebusiness"
        }
      }
    },
    "definition": {
      "$schema": "https://schema.management.azure.com/providers/Microsoft.Logic/schemas/2016-06-01/workflowdefinition.json#",
      "contentVersion": "1.0.0.0",
      "parameters": {
        "$connections": {
          "defaultValue": {},
          "type": "Object"
        },
        "$authentication": {
          "defaultValue": {},
          "type": "SecureObject"
        }
      },
      "triggers": {
        "manual": {
          "metadata": {
            "operationMetadataId": "3f69a9e8-9b2f-4f23-b462-dd1033ff1632"
          },
          "type": "Request",
          "kind": "Button",
          "inputs": {
            "schema": {
              "type": "object",
              "properties": {},
              "required": []
            }
          }
        }
      },
      "actions": {
        "330": {
          "runAfter": {
            "0313": [
              "Succeeded"
            ]
          },
          "metadata": {
            "operationMetadataId": "1799399f-556d-45d3-a2e2-7bb4ded45057"
          },
          "type": "OpenApiConnection",
          "inputs": {
            "host": {
              "connectionName": "shared_sharepointonline",
              "operationId": "GetItems",
              "apiId": "/providers/Microsoft.PowerApps/apis/shared_sharepointonline"
            },
            "parameters": {
              "dataset": "https://capgemini.sharepoint.com/sites/Mysite993",
              "table": "df49d078-9d1b-4dd9-ad25-3e7cc699f782"
            },
            "authentication": {
              "type": "Raw",
              "value": "@json(decodeBase64(triggerOutputs().headers['X-MS-APIM-Tokens']))['$ConnectionKey']"
            }
          }
        },
        "0313": {
          "actions": {
            "Get_file_content": {
              "runAfter": {},
              "metadata": {
                "b!GBbiBUOS202Mvt16kKu4fvomkfNOuXVKqO6Jvd2tWjhoSN6OwAu0QoEKkH-BVK8x.01DQRZCDLBXAE6IRQMF5A2X5MBSE77LIQW": "/Desktop/NLY_CHK_FASH_INVOICE_CH_20230905082641.csv",
                "operationMetadataId": "991a1f13-8cdf-4102-b17a-8a88802fe710",
                "b!GBbiBUOS202Mvt16kKu4fvomkfNOuXVKqO6Jvd2tWjhoSN6OwAu0QoEKkH-BVK8x.01DQRZCDLTDVBNR2TTWVB3L6BXMBY2M66R": "/Documents/Crown Project/ORDER_CROWN_GEN_THA029_20230419033200.csv"
              },
              "type": "OpenApiConnection",
              "inputs": {
                "host": {
                  "connectionName": "shared_onedriveforbusiness_1",
                  "operationId": "GetFileContent",
                  "apiId": "/providers/Microsoft.PowerApps/apis/shared_onedriveforbusiness"
                },
                "parameters": {
                  "id": "b!GBbiBUOS202Mvt16kKu4fvomkfNOuXVKqO6Jvd2tWjhoSN6OwAu0QoEKkH-BVK8x.01DQRZCDLTDVBNR2TTWVB3L6BXMBY2M66R",
                  "inferContentType": true
                },
                "authentication": {
                  "type": "Raw",
                  "value": "@json(decodeBase64(triggerOutputs().headers['X-MS-APIM-Tokens']))['$ConnectionKey']"
                }
              }
            },
            "NewLine": {
              "runAfter": {
                "Get_file_content": [
                  "Succeeded"
                ]
              },
              "metadata": {
                "operationMetadataId": "cb496a59-73f3-4e8e-ba0b-f1799f376beb"
              },
              "type": "Compose",
              "inputs": "\n"
            },
            "SplitByLine": {
              "runAfter": {
                "NewLine": [
                  "Succeeded"
                ]
              },
              "metadata": {
                "operationMetadataId": "7cddf335-cd91-4193-9cd9-8676d20028ac"
              },
              "type": "Compose",
              "inputs": "@split(outputs('Get_file_content')?['body'], 'Header')"
            },
            "Remove_First_Line": {
              "runAfter": {
                "SplitByLine": [
                  "Succeeded"
                ]
              },
              "metadata": {
                "operationMetadataId": "914347f8-7311-41f3-86fe-a522632a66c3"
              },
              "type": "Compose",
              "inputs": "@skip(outputs('SplitByLine'),1)"
            },
            "Apply_to_each_3": {
              "foreach": "@outputs('Remove_First_Line')",
              "actions": {
                "HeaderItems": {
                  "runAfter": {},
                  "metadata": {
                    "operationMetadataId": "b70d7c09-42ea-4b8e-a7f6-4235468923f1"
                  },
                  "type": "Compose",
                  "inputs": "@items('Apply_to_each_3')"
                },
                "spl": {
                  "runAfter": {
                    "Compose": [
                      "Succeeded"
                    ]
                  },
                  "metadata": {
                    "operationMetadataId": "e4779a24-2639-43d8-80d3-9c1b1f9e1c60"
                  },
                  "type": "Compose",
                  "inputs": "@split(outputs('HeaderItems'), outputs('NewLine'))"
                },
                "Header": {
                  "runAfter": {
                    "Filter_array": [
                      "Succeeded"
                    ]
                  },
                  "metadata": {
                    "operationMetadataId": "6568990a-cde3-40e5-8103-1d32309a59ab"
                  },
                  "type": "Compose",
                  "inputs": "@outputs('spl')?[0]"
                },
                "Compose": {
                  "runAfter": {
                    "HeaderItems": [
                      "Succeeded"
                    ]
                  },
                  "metadata": {
                    "operationMetadataId": "abfc34af-4fae-4903-8305-3e97caf6fb48"
                  },
                  "type": "Compose",
                  "inputs": "@first(split(outputs('HeaderItems'),'\\n'))"
                },
                "Filter_array": {
                  "runAfter": {
                    "spl": [
                      "Succeeded"
                    ]
                  },
                  "metadata": {
                    "operationMetadataId": "a57e0299-95bf-4bdd-a4a9-96f3dc352e93"
                  },
                  "type": "Query",
                  "inputs": {
                    "from": "@outputs('spl')",
                    "where": "@startsWith(item(), 'Item')"
                  }
                },
                "Splitbycomma": {
                  "runAfter": {
                    "Header": [
                      "Succeeded"
                    ]
                  },
                  "metadata": {
                    "operationMetadataId": "2db6bf4d-996b-473e-ba80-0df542a096c5"
                  },
                  "type": "Compose",
                  "inputs": "@split(outputs('Header'),';')"
                },
                "Json_for_Header": {
                  "runAfter": {
                    "Splitbycomma": [
                      "Succeeded"
                    ]
                  },
                  "metadata": {
                    "operationMetadataId": "e4bb2a64-4cda-4942-839e-9fd31cb1ee9f"
                  },
                  "type": "Compose",
                  "inputs": {
                    "TABNAME": "Header",
                    "VENDORREF": "@{outputs('Splitbycomma')?[1]}",
                    "CNLCUSTORDERREF": "@{outputs('Splitbycomma')?[2]}",
                    "AFTERSALES ORDER": "@{outputs('Splitbycomma')?[3]}",
                    "CREDIT NOTE": "@{outputs('Splitbycomma')?[4]}",
                    "ORDER ACCOUNT": "@{outputs('Splitbycomma')?[5]}",
                    "PURCHID": "@{outputs('Splitbycomma')?[6]}",
                    "PURCHASE TYPE": "@{outputs('Splitbycomma')?[7]}",
                    "CANCELED FLAG": "@{outputs('Splitbycomma')?[8]}",
                    "CNLORDERNATUREID": "@{outputs('Splitbycomma')?[9]}",
                    "CNLORDERSEASONID": "@{outputs('Splitbycomma')?[10]}",
                    "CNLORDERTYPEID": "@{outputs('Splitbycomma')?[11]}",
                    "DELIVERYDATE": "@{outputs('Splitbycomma')?[12]}",
                    "ORDER CLIENT CODE": "@{outputs('Splitbycomma')?[13]}",
                    "INVOICED CLIENT CODE": "@{outputs('Splitbycomma')?[14]}",
                    "DELIVERY CLIENT CODE": "@{outputs('Splitbycomma')?[15]}",
                    "CURRENCYCODE": "@{outputs('Splitbycomma')?[16]}",
                    "DELIVERYNAME": "@{outputs('Splitbycomma')?[17]}",
                    "DELIVERY ADDRESS LINE1": "@{outputs('Splitbycomma')?[18]}",
                    "DELIVERY ADDRESS LINE2": "@{outputs('Splitbycomma')?[19]}",
                    "DELIVERY ADDRESS ZIPCODE TOWN": "@{outputs('Splitbycomma')?[20]}",
                    "DELIVERY ADDRESS COUNTRY": "@{outputs('Splitbycomma')?[21]}",
                    "DISCPERCENT": "@{outputs('Splitbycomma')?[22]}",
                    "DLVTERM": "@{outputs('Splitbycomma')?[23]}",
                    "DLVMODE": "@{outputs('Splitbycomma')?[24]}",
                    "RETURNITEMNUM": "@{outputs('Splitbycomma')?[25]}",
                    "RETURNREASONCODEID": "@{outputs('Splitbycomma')?[26]}",
                    "ALLOCATIONREF": "@{outputs('Splitbycomma')?[27]}",
                    "BOUTIQUEID": "@{outputs('Splitbycomma')?[28]}",
                    "CAMPAIGNID": "@{outputs('Splitbycomma')?[29]}",
                    "CENTRALCAMPAIGNID": "@{outputs('Splitbycomma')?[30]}",
                    "SOURCEENTITY": "@{outputs('Splitbycomma')?[31]}",
                    "CNLORDERNATUREDESCRIPTION": "@{outputs('Splitbycomma')?[32]}",
                    "CNLORDERSEASONDESCRIPTION": "@{outputs('Splitbycomma')?[33]}",
                    "CNLORDERTYPEDESCRIPTION": "@{outputs('Splitbycomma')?[34]}",
                    "FILLER 1": "@{outputs('Splitbycomma')?[35]}",
                    "FILLER 2": "@{outputs('Splitbycomma')?[36]}",
                    "FILLER 3": "@{outputs('Splitbycomma')?[37]}",
                    "FILLER 4": "@{outputs('Splitbycomma')?[38]}",
                    "FILLER 5": "@{outputs('Splitbycomma')?[39]}"
                  }
                },
                "Apply_to_each_for_ItemTracking_": {
                  "foreach": "@outputs('ItemswithTracking')",
                  "actions": {
                    "ItemsTrackingSingleline": {
                      "runAfter": {},
                      "metadata": {
                        "operationMetadataId": "ec66595d-de73-4c39-bba7-501bfadc2a2f"
                      },
                      "type": "Compose",
                      "inputs": "@items('Apply_to_each_for_ItemTracking_')"
                    },
                    "SplitItemsTracking": {
                      "runAfter": {
                        "ItemsTrackingSingleline": [
                          "Succeeded"
                        ]
                      },
                      "metadata": {
                        "operationMetadataId": "74c75738-c611-4e19-950f-dcad14c2d212"
                      },
                      "type": "Compose",
                      "inputs": "@split(outputs('ItemsTrackingSingleline'),';')"
                    },
                    "JsonforLines": {
                      "runAfter": {
                        "SplitItemsTracking": [
                          "Succeeded"
                        ]
                      },
                      "metadata": {
                        "operationMetadataId": "8d173352-b6df-4b70-9dd2-eb507013f8de"
                      },
                      "type": "Compose",
                      "inputs": {
                        "TABNAME": "Item",
                        "LINENUMBER": "@{outputs('SplitItemsTracking')?[1]}",
                        "ITEMID": "@{outputs('SplitItemsTracking')?[2]}",
                        "BARCODE": "@{outputs('SplitItemsTracking')?[3]}",
                        "ITEM SEASON": "@{outputs('SplitItemsTracking')?[4]}",
                        "PROCUREMENTCATEGORY": "@{outputs('SplitItemsTracking')?[5]}",
                        "CANCELED FLAG": "@{outputs('SplitItemsTracking')?[6]}",
                        "CNLSEASONTARIFFID": "@{outputs('SplitItemsTracking')?[7]}",
                        "PURCHQTY": "@{outputs('SplitItemsTracking')?[8]}",
                        "PURCHUNIT": "@{outputs('SplitItemsTracking')?[9]}",
                        "PURCHPRICE": "@{outputs('SplitItemsTracking')?[10]}",
                        "PRICEUNIT": "@{outputs('SplitItemsTracking')?[11]}",
                        "LINEAMOUNT": "@{outputs('SplitItemsTracking')?[12]}",
                        "LINEDISC": "@{outputs('SplitItemsTracking')?[13]}",
                        "LINEPERCENT": "@{outputs('SplitItemsTracking')?[14]}",
                        "PURCHMARKUP": "@{outputs('SplitItemsTracking')?[15]}",
                        "CONFIRMEDTAXAMOUNT": "@{outputs('SplitItemsTracking')?[16]}",
                        "DELIVERYDATE": "@{outputs('SplitItemsTracking')?[17]}",
                        "DELIVERYNAME": "@{outputs('SplitItemsTracking')?[18]}",
                        "DELIVERY ADDRESS LINE1": "@{outputs('SplitItemsTracking')?[19]}",
                        "DELIVERY ADDRESS LINE2": "@{outputs('SplitItemsTracking')?[20]}",
                        "DELIVERY ADDRESS ZIPCODE TOWN": "@{outputs('SplitItemsTracking')?[21]}",
                        "DELIVERY ADDRESS COUNTRY": "@{outputs('SplitItemsTracking')?[22]}",
                        "Reason Code": "@{outputs('SplitItemsTracking')?[23]}",
                        "Reason Comment": "@{outputs('SplitItemsTracking')?[24]}",
                        "FILLER 3": "@{outputs('SplitItemsTracking')?[25]}",
                        "FILLER 4": "@{outputs('SplitItemsTracking')?[26]}",
                        "FILLER 5": "@{outputs('SplitItemsTracking')?[27]}",
                        "FILLER 6": "@{outputs('SplitItemsTracking')?[28]}"
                      }
                    },
                    "ParseJSONforLines": {
                      "runAfter": {
                        "JsonforLines": [
                          "Succeeded"
                        ]
                      },
                      "metadata": {
                        "operationMetadataId": "743ff5a1-e378-4626-b8f5-8a73b105fa0a"
                      },
                      "type": "ParseJson",
                      "inputs": {
                        "content": "@outputs('JsonforLines')",
                        "schema": {
                          "type": "object",
                          "properties": {
                            "TABNAME": {
                              "type": "string"
                            },
                            "LINENUMBER": {
                              "type": "string"
                            },
                            "ITEMID": {
                              "type": "string"
                            },
                            "BARCODE": {
                              "type": "string"
                            },
                            "ITEM SEASON": {
                              "type": "string"
                            },
                            "PROCUREMENTCATEGORY": {
                              "type": "string"
                            },
                            "CANCELED FLAG": {
                              "type": "string"
                            },
                            "CNLSEASONTARIFFID": {
                              "type": "string"
                            },
                            "PURCHQTY": {
                              "type": "string"
                            },
                            "PURCHUNIT": {
                              "type": "string"
                            },
                            "PURCHPRICE": {
                              "type": "string"
                            },
                            "PRICEUNIT": {
                              "type": "string"
                            },
                            "LINEAMOUNT": {
                              "type": "string"
                            },
                            "LINEDISC": {
                              "type": "string"
                            },
                            "LINEPERCENT": {
                              "type": "string"
                            },
                            "PURCHMARKUP": {
                              "type": "string"
                            },
                            "CONFIRMEDTAXAMOUNT": {
                              "type": "string"
                            },
                            "DELIVERYDATE": {
                              "type": "string"
                            },
                            "DELIVERYNAME": {
                              "type": "string"
                            },
                            "DELIVERY ADDRESS LINE1": {
                              "type": "string"
                            },
                            "DELIVERY ADDRESS LINE2": {
                              "type": "string"
                            },
                            "DELIVERY ADDRESS ZIPCODE TOWN": {
                              "type": "string"
                            },
                            "DELIVERY ADDRESS COUNTRY": {
                              "type": "string"
                            },
                            "Reason Code": {
                              "type": "string"
                            },
                            "Reason Comment": {
                              "type": "string"
                            },
                            "FILLER 3": {
                              "type": "string"
                            },
                            "FILLER 4": {
                              "type": "string"
                            },
                            "FILLER 5": {
                              "type": "string"
                            },
                            "FILLER 6": {
                              "type": "string"
                            }
                          }
                        }
                      }
                    },
                    "For_Lines": {
                      "runAfter": {
                        "Create_item": [
                          "Succeeded"
                        ]
                      },
                      "metadata": {
                        "01DQRZCDJIVGKBDB7D5VD3QO5QMZBFNSXL": "/313_Calculations.xlsx",
                        "operationMetadataId": "77f24fb4-511b-4a9c-a433-ed252eedfe04",
                        "tableId": "{9C3044E0-3600-49AC-BE7B-6E6AE8318585}"
                      },
                      "type": "OpenApiConnection",
                      "inputs": {
                        "host": {
                          "connectionName": "shared_excelonlinebusiness",
                          "operationId": "AddRowV2",
                          "apiId": "/providers/Microsoft.PowerApps/apis/shared_excelonlinebusiness"
                        },
                        "parameters": {
                          "source": "me",
                          "drive": "b!GBbiBUOS202Mvt16kKu4fvomkfNOuXVKqO6Jvd2tWjhoSN6OwAu0QoEKkH-BVK8x",
                          "file": "01DQRZCDJIVGKBDB7D5VD3QO5QMZBFNSXL",
                          "table": "{9C3044E0-3600-49AC-BE7B-6E6AE8318585}",
                          "item/TABNAME": "@body('ParseJSONforLines')?['TABNAME']",
                          "item/Purch ID": "@body('ParseJSONforHeader')?['PURCHID']",
                          "item/LINENUMBER": "@body('ParseJSONforLines')?['LINENUMBER']",
                          "item/ITEMID": "@body('ParseJSONforLines')?['ITEMID']",
                          "item/BARCODE": "@body('ParseJSONforLines')?['BARCODE']",
                          "item/ITEM SEASON": "@body('ParseJSONforLines')?['ITEM SEASON']",
                          "item/PROCUREMENTCATEGORY": "@body('ParseJSONforLines')?['PROCUREMENTCATEGORY']",
                          "item/CANCELED FLAG": "@body('ParseJSONforLines')?['CANCELED FLAG']",
                          "item/CNLSEASONTARIFFID": "@body('ParseJSONforLines')?['CNLSEASONTARIFFID']",
                          "item/PURCHQTY": "@body('ParseJSONforLines')?['PURCHQTY']",
                          "item/PURCHUNIT": "@body('ParseJSONforLines')?['PURCHUNIT']",
                          "item/PURCHPRICE": "@body('ParseJSONforLines')?['PURCHPRICE']",
                          "item/PRICEUNIT": "@body('ParseJSONforLines')?['PRICEUNIT']",
                          "item/LINEAMOUNT": "@body('ParseJSONforLines')?['LINEAMOUNT']",
                          "item/LINEDISC": "@body('ParseJSONforLines')?['LINEDISC']",
                          "item/LINEPERCENT": "@body('ParseJSONforLines')?['LINEPERCENT']",
                          "item/PURCHMARKUP": "@body('ParseJSONforLines')?['PURCHMARKUP']",
                          "item/CONFIRMEDTAXAMOUNT": "@body('ParseJSONforLines')?['CONFIRMEDTAXAMOUNT']",
                          "item/DELIVERYDATE": "@body('ParseJSONforLines')?['DELIVERYDATE']",
                          "item/DELIVERYNAME": "@body('ParseJSONforLines')?['DELIVERYNAME']",
                          "item/DELIVERY ADDRESS LINE1": "@body('ParseJSONforLines')?['DELIVERY ADDRESS LINE1']",
                          "item/DELIVERY ADDRESS LINE2": "@body('ParseJSONforLines')?['DELIVERY ADDRESS LINE2']",
                          "item/DELIVERY ADDRESS ZIPCODE TOWN": "@body('ParseJSONforLines')?['DELIVERY ADDRESS ZIPCODE TOWN']",
                          "item/DELIVERY ADDRESS COUNTRY": "@body('ParseJSONforLines')?['DELIVERY ADDRESS COUNTRY']",
                          "item/Reason Code": "@body('ParseJSONforLines')?['Reason Code']",
                          "item/Reason Comment": "@body('ParseJSONforLines')?['Reason Comment']",
                          "item/FILLER 3": "@body('ParseJSONforLines')?['FILLER 3']",
                          "item/FILLER 4": "@body('ParseJSONforLines')?['FILLER 4']",
                          "item/FILLER 5": "@body('ParseJSONforLines')?['FILLER 5']",
                          "item/FILLER 6": "@body('ParseJSONforLines')?['FILLER 6']"
                        },
                        "authentication": {
                          "type": "Raw",
                          "value": "@json(decodeBase64(triggerOutputs().headers['X-MS-APIM-Tokens']))['$ConnectionKey']"
                        }
                      }
                    },
                    "Create_item": {
                      "runAfter": {
                        "ParseJSONforLines": [
                          "Succeeded"
                        ]
                      },
                      "metadata": {
                        "operationMetadataId": "9370fecb-f280-4b2e-a3f3-1be1191d71d0"
                      },
                      "type": "OpenApiConnection",
                      "inputs": {
                        "host": {
                          "connectionName": "shared_sharepointonline",
                          "operationId": "PostItem",
                          "apiId": "/providers/Microsoft.PowerApps/apis/shared_sharepointonline"
                        },
                        "parameters": {
                          "dataset": "https://capgemini.sharepoint.com/sites/Mysite993",
                          "table": "82cf10cd-e726-4ea7-8040-c1bf5acb2743",
                          "item/PurchID": "@body('ParseJSONforHeader')?['PURCHID']",
                          "item/ItemID": "@body('ParseJSONforLines')?['ITEMID']",
                          "item/Barcode": "@body('ParseJSONforLines')?['BARCODE']",
                          "item/CancelledFlag": "@body('ParseJSONforLines')?['CANCELED FLAG']",
                          "item/PurchQty": "@body('ParseJSONforLines')?['PURCHQTY']"
                        },
                        "authentication": {
                          "type": "Raw",
                          "value": "@json(decodeBase64(triggerOutputs().headers['X-MS-APIM-Tokens']))['$ConnectionKey']"
                        }
                      }
                    }
                  },
                  "runAfter": {
                    "ItemswithTracking": [
                      "Succeeded"
                    ]
                  },
                  "metadata": {
                    "operationMetadataId": "a4e7680d-380a-4b8e-a358-69a88dc27631"
                  },
                  "type": "Foreach"
                },
                "ITEMSHEADER": {
                  "runAfter": {
                    "Items": [
                      "Succeeded"
                    ]
                  },
                  "metadata": {
                    "operationMetadataId": "9a194c6c-f456-4ad4-81ec-70953c982632"
                  },
                  "type": "Compose",
                  "inputs": "@split(outputs('HeaderItems'),'Item')"
                },
                "Items": {
                  "runAfter": {
                    "For_Header": [
                      "Succeeded"
                    ]
                  },
                  "metadata": {
                    "operationMetadataId": "6fde636c-631d-491c-a209-bb2078f91923"
                  },
                  "type": "Compose",
                  "inputs": "@skip(outputs('spl'),1)"
                },
                "ItemswithTracking": {
                  "runAfter": {
                    "ITEMSHEADER": [
                      "Succeeded"
                    ]
                  },
                  "metadata": {
                    "operationMetadataId": "efe3e546-7f19-40c5-a1aa-8461c2fc6a6a"
                  },
                  "type": "Compose",
                  "inputs": "@skip(outputs('ITEMSHEADER'), 1)"
                },
                "ParseJSONforHeader": {
                  "runAfter": {
                    "Json_for_Header": [
                      "Succeeded"
                    ]
                  },
                  "metadata": {
                    "operationMetadataId": "7e86a162-ff65-45af-a7a8-2ff43770f68c"
                  },
                  "type": "ParseJson",
                  "inputs": {
                    "content": "@outputs('Json_for_Header')",
                    "schema": {
                      "type": "object",
                      "properties": {
                        "TABNAME": {
                          "type": "string"
                        },
                        "VENDORREF": {
                          "type": "string"
                        },
                        "CNLCUSTORDERREF": {
                          "type": "string"
                        },
                        "AFTERSALES ORDER": {
                          "type": "string"
                        },
                        "CREDIT NOTE": {
                          "type": "string"
                        },
                        "ORDER ACCOUNT": {
                          "type": "string"
                        },
                        "PURCHID": {
                          "type": "string"
                        },
                        "PURCHASE TYPE": {
                          "type": "string"
                        },
                        "CANCELED FLAG": {
                          "type": "string"
                        },
                        "CNLORDERNATUREID": {
                          "type": "string"
                        },
                        "CNLORDERSEASONID": {
                          "type": "string"
                        },
                        "CNLORDERTYPEID": {
                          "type": "string"
                        },
                        "DELIVERYDATE": {
                          "type": "string"
                        },
                        "ORDER CLIENT CODE": {
                          "type": "string"
                        },
                        "INVOICED CLIENT CODE": {
                          "type": "string"
                        },
                        "DELIVERY CLIENT CODE": {
                          "type": "string"
                        },
                        "CURRENCYCODE": {
                          "type": "string"
                        },
                        "DELIVERYNAME": {
                          "type": "string"
                        },
                        "DELIVERY ADDRESS LINE1": {
                          "type": "string"
                        },
                        "DELIVERY ADDRESS LINE2": {
                          "type": "string"
                        },
                        "DELIVERY ADDRESS ZIPCODE TOWN": {
                          "type": "string"
                        },
                        "DELIVERY ADDRESS COUNTRY": {
                          "type": "string"
                        },
                        "DISCPERCENT": {
                          "type": "string"
                        },
                        "DLVTERM": {
                          "type": "string"
                        },
                        "DLVMODE": {
                          "type": "string"
                        },
                        "RETURNITEMNUM": {
                          "type": "string"
                        },
                        "RETURNREASONCODEID": {
                          "type": "string"
                        },
                        "ALLOCATIONREF": {
                          "type": "string"
                        },
                        "BOUTIQUEID": {
                          "type": "string"
                        },
                        "CAMPAIGNID": {
                          "type": "string"
                        },
                        "CENTRALCAMPAIGNID": {
                          "type": "string"
                        },
                        "SOURCEENTITY": {
                          "type": "string"
                        },
                        "CNLORDERNATUREDESCRIPTION": {
                          "type": "string"
                        },
                        "CNLORDERSEASONDESCRIPTION": {
                          "type": "string"
                        },
                        "CNLORDERTYPEDESCRIPTION": {
                          "type": "string"
                        },
                        "FILLER 1": {
                          "type": "string"
                        },
                        "FILLER 2": {
                          "type": "string"
                        },
                        "FILLER 3": {
                          "type": "string"
                        },
                        "FILLER 4": {
                          "type": "string"
                        },
                        "FILLER 5": {
                          "type": "string"
                        }
                      }
                    }
                  }
                },
                "For_Header": {
                  "runAfter": {
                    "For_Header_Item": [
                      "Succeeded"
                    ]
                  },
                  "metadata": {
                    "01DQRZCDJIVGKBDB7D5VD3QO5QMZBFNSXL": "/313_Calculations.xlsx",
                    "operationMetadataId": "21da77ce-018f-4be5-81ec-992155f14efa",
                    "tableId": "{018C9F59-A797-46B5-9AA0-2518FD6EB64E}"
                  },
                  "type": "OpenApiConnection",
                  "inputs": {
                    "host": {
                      "connectionName": "shared_excelonlinebusiness",
                      "operationId": "AddRowV2",
                      "apiId": "/providers/Microsoft.PowerApps/apis/shared_excelonlinebusiness"
                    },
                    "parameters": {
                      "source": "me",
                      "drive": "b!GBbiBUOS202Mvt16kKu4fvomkfNOuXVKqO6Jvd2tWjhoSN6OwAu0QoEKkH-BVK8x",
                      "file": "01DQRZCDJIVGKBDB7D5VD3QO5QMZBFNSXL",
                      "table": "{018C9F59-A797-46B5-9AA0-2518FD6EB64E}"
                    },
                    "authentication": {
                      "type": "Raw",
                      "value": "@json(decodeBase64(triggerOutputs().headers['X-MS-APIM-Tokens']))['$ConnectionKey']"
                    }
                  }
                },
                "For_Header_Item": {
                  "runAfter": {
                    "ParseJSONforHeader": [
                      "Succeeded"
                    ]
                  },
                  "metadata": {
                    "operationMetadataId": "29119d6f-fad4-48cb-9fd4-1b61fc0d91f7"
                  },
                  "type": "OpenApiConnection",
                  "inputs": {
                    "host": {
                      "connectionName": "shared_sharepointonline",
                      "operationId": "PostItem",
                      "apiId": "/providers/Microsoft.PowerApps/apis/shared_sharepointonline"
                    },
                    "parameters": {
                      "dataset": "https://capgemini.sharepoint.com/sites/Mysite993",
                      "table": "9b969557-3e46-4157-bc0a-e796314e5ab0",
                      "item/TabName": "@body('ParseJSONforHeader')?['TABNAME']",
                      "item/VendorRef": "@body('ParseJSONforHeader')?['VENDORREF']",
                      "item/PurchID": "@body('ParseJSONforHeader')?['PURCHID']",
                      "item/CancelledFlag": "@body('ParseJSONforHeader')?['CANCELED FLAG']"
                    },
                    "authentication": {
                      "type": "Raw",
                      "value": "@json(decodeBase64(triggerOutputs().headers['X-MS-APIM-Tokens']))['$ConnectionKey']"
                    }
                  }
                }
              },
              "runAfter": {
                "Remove_First_Line": [
                  "Succeeded"
                ]
              },
              "metadata": {
                "operationMetadataId": "fcafaf8f-4774-45d5-ad38-ed28e686fc29"
              },
              "type": "Foreach"
            }
          },
          "runAfter": {},
          "metadata": {
            "operationMetadataId": "ec161f23-6b82-43e0-a1f0-6e19a52ff0c7"
          },
          "type": "Scope"
        },
        "Apply_to_each": {
          "foreach": "@outputs('330')?['body/value']",
          "actions": {
            "313_Items": {
              "runAfter": {},
              "metadata": {
                "operationMetadataId": "11da3f91-641a-493c-ad5e-8ac5321296a6"
              },
              "type": "OpenApiConnection",
              "inputs": {
                "host": {
                  "connectionName": "shared_sharepointonline",
                  "operationId": "GetItems",
                  "apiId": "/providers/Microsoft.PowerApps/apis/shared_sharepointonline"
                },
                "parameters": {
                  "dataset": "https://capgemini.sharepoint.com/sites/Mysite993",
                  "table": "82cf10cd-e726-4ea7-8040-c1bf5acb2743",
                  "$filter": "PurchID eq '@{items('Apply_to_each')?['PurchID']}'"
                },
                "authentication": {
                  "type": "Raw",
                  "value": "@json(decodeBase64(triggerOutputs().headers['X-MS-APIM-Tokens']))['$ConnectionKey']"
                }
              }
            },
            "Apply_to_each_2": {
              "foreach": "@outputs('313_Items')?['body/value']",
              "actions": {
                "Condition": {
                  "actions": {
                    "Barcode_Y": {
                      "runAfter": {},
                      "metadata": {
                        "operationMetadataId": "237d3fe8-507e-4861-82a6-0988def3ef19"
                      },
                      "type": "Compose",
                      "inputs": "@items('Apply_to_each_2')?['Barcode']"
                    },
                    "Append_to_string_variable": {
                      "runAfter": {
                        "Barcode_Y": [
                          "Succeeded"
                        ]
                      },
                      "metadata": {
                        "operationMetadataId": "8ed7d204-5285-4191-92e0-b4b68db59959"
                      },
                      "type": "AppendToStringVariable",
                      "inputs": {
                        "name": "Barcodes",
                        "value": "@outputs('Barcode_Y')"
                      }
                    }
                  },
                  "runAfter": {},
                  "expression": {
                    "equals": [
                      "@items('Apply_to_each_2')?['CancelledFlag']",
                      "Y"
                    ]
                  },
                  "metadata": {
                    "operationMetadataId": "44e8be9a-b5c2-4d63-a34f-4d72ac07313c"
                  },
                  "type": "If"
                }
              },
              "runAfter": {
                "Apply_to_each_5": [
                  "Succeeded"
                ]
              },
              "metadata": {
                "operationMetadataId": "1acdd393-f3e4-404e-ad00-e684aa56c137"
              },
              "type": "Foreach"
            },
            "Apply_to_each_4": {
              "foreach": "@outputs('313_Items')?['body/value']",
              "actions": {
                "Condition_2": {
                  "actions": {
                    "Compose_2": {
                      "runAfter": {},
                      "metadata": {
                        "operationMetadataId": "a6e92eac-01cf-40cb-a9e4-ac7fbc475a33"
                      },
                      "type": "Compose",
                      "inputs": [
                        {
                          "Cancelled Flag": "@{items('Apply_to_each_4')?['CancelledFlag']}",
                          "Barcode": "@{items('Apply_to_each_4')?['Barcode']}",
                          "Purch Qty": "@{items('Apply_to_each_4')?['PurchQty']}"
                        }
                      ]
                    }
                  },
                  "runAfter": {},
                  "expression": {
                    "and": [
                      {
                        "equals": [
                          "@variables('Barcodes')",
                          "@items('Apply_to_each_4')?['Barcode']"
                        ]
                      },
                      {
                        "equals": [
                          "@items('Apply_to_each_4')?['CancelledFlag']",
                          "Y"
                        ]
                      }
                    ]
                  },
                  "metadata": {
                    "operationMetadataId": "5da0e301-dda2-42bc-8aaf-58cc8d887ecb"
                  },
                  "type": "If"
                }
              },
              "runAfter": {
                "Apply_to_each_2": [
                  "Succeeded"
                ]
              },
              "metadata": {
                "operationMetadataId": "be3142b2-2be3-4c99-bf1f-5e3c52b920ac"
              },
              "type": "Foreach"
            },
            "Apply_to_each_5": {
              "foreach": "@outputs('313_Items')?['body/value']",
              "actions": {
                "Select": {
                  "runAfter": {},
                  "metadata": {
                    "operationMetadataId": "28632542-c999-4b63-91d3-121e64218af0"
                  },
                  "type": "Select",
                  "inputs": {
                    "from": "@outputs('330')?['body/value']",
                    "select": {
                      "Barcode": "@items('Apply_to_each_5')?['Barcode']",
                      "Cancellation Flag": "@items('Apply_to_each_5')?['CancelledFlag']",
                      "Purch Qty": "@items('Apply_to_each_5')?['PurchQty']"
                    }
                  }
                }
              },
              "runAfter": {
                "Apply_to_each_6": [
                  "Failed"
                ]
              },
              "metadata": {
                "operationMetadataId": "08cc8780-e3b1-47b5-86ef-4928a1694457"
              },
              "type": "Foreach"
            },
            "Unique_Barcodes": {
              "runAfter": {
                "Select_2": [
                  "Succeeded"
                ]
              },
              "metadata": {
                "operationMetadataId": "43868624-7b90-47b4-a333-91c3a3d96ca6"
              },
              "type": "Compose",
              "inputs": "@union(body('Select_2'),body('Select_2'))"
            },
            "Select_2": {
              "runAfter": {
                "313_Items": [
                  "Succeeded"
                ]
              },
              "metadata": {
                "operationMetadataId": "e0e2df41-48b9-492d-a771-d0d2fc1ef4e9"
              },
              "type": "Select",
              "inputs": {
                "from": "@outputs('313_Items')?['body/value']",
                "select": "@item()?['Barcode']"
              }
            },
            "Apply_to_each_6": {
              "foreach": "@outputs('Unique_Barcodes')",
              "actions": {
                "Apply_to_each_7": {
                  "foreach": "@outputs('313_Items')?['body/value']",
                  "actions": {
                    "Condition_3": {
                      "actions": {
                        "Condition_4": {
                          "actions": {
                            "Add_a_row_into_a_table_for_Y": {
                              "runAfter": {},
                              "metadata": {
                                "01DQRZCDJIVGKBDB7D5VD3QO5QMZBFNSXL": "/313_Calculations.xlsx",
                                "operationMetadataId": "562ba406-54e9-4f76-8ac0-7e59ae0d4bc6"
                              },
                              "type": "OpenApiConnection",
                              "inputs": {
                                "host": {
                                  "connectionName": "shared_excelonlinebusiness",
                                  "operationId": "AddRowV2",
                                  "apiId": "/providers/Microsoft.PowerApps/apis/shared_excelonlinebusiness"
                                },
                                "parameters": {
                                  "source": "me",
                                  "drive": "b!GBbiBUOS202Mvt16kKu4fvomkfNOuXVKqO6Jvd2tWjhoSN6OwAu0QoEKkH-BVK8x",
                                  "file": "01DQRZCDJIVGKBDB7D5VD3QO5QMZBFNSXL",
                                  "table": "{484E3343-85A4-4CCF-9935-686BA7BDA621}",
                                  "item/Barcode": "@items('Apply_to_each_7')?['Barcode']",
                                  "item/Purch Qty": "@items('Apply_to_each_7')?['PurchQty']",
                                  "item/Cancelled Flag": "@items('Apply_to_each_7')?['CancelledFlag']"
                                },
                                "authentication": {
                                  "type": "Raw",
                                  "value": "@json(decodeBase64(triggerOutputs().headers['X-MS-APIM-Tokens']))['$ConnectionKey']"
                                }
                              }
                            },
                            "Increment_variable_for_Ys": {
                              "runAfter": {
                                "Add_a_row_into_a_table_for_Y": [
                                  "Succeeded"
                                ]
                              },
                              "metadata": {
                                "operationMetadataId": "4f33ef68-a8fd-4a19-9889-46396166e4e5"
                              },
                              "type": "IncrementVariable",
                              "inputs": {
                                "name": "Same Barcode Ys Flags Sum",
                                "value": "@items('Apply_to_each_7')?['PurchQty']"
                              }
                            }
                          },
                          "runAfter": {},
                          "else": {
                            "actions": {
                              "Add_a_row_into_a_table_for_N": {
                                "runAfter": {},
                                "metadata": {
                                  "01DQRZCDJIVGKBDB7D5VD3QO5QMZBFNSXL": "/313_Calculations.xlsx",
                                  "operationMetadataId": "146a6073-dc90-4f45-9b46-ac7c61fd9502"
                                },
                                "type": "OpenApiConnection",
                                "inputs": {
                                  "host": {
                                    "connectionName": "shared_excelonlinebusiness",
                                    "operationId": "AddRowV2",
                                    "apiId": "/providers/Microsoft.PowerApps/apis/shared_excelonlinebusiness"
                                  },
                                  "parameters": {
                                    "source": "me",
                                    "drive": "b!GBbiBUOS202Mvt16kKu4fvomkfNOuXVKqO6Jvd2tWjhoSN6OwAu0QoEKkH-BVK8x",
                                    "file": "01DQRZCDJIVGKBDB7D5VD3QO5QMZBFNSXL",
                                    "table": "{DA6845FF-094B-4138-9698-6182A5149DF2}",
                                    "item/Barcode": "@items('Apply_to_each_7')?['Barcode']",
                                    "item/Purch Qty": "@items('Apply_to_each_7')?['PurchQty']",
                                    "item/Cancelled Flag": "@items('Apply_to_each_7')?['CancelledFlag']"
                                  },
                                  "authentication": {
                                    "type": "Raw",
                                    "value": "@json(decodeBase64(triggerOutputs().headers['X-MS-APIM-Tokens']))['$ConnectionKey']"
                                  }
                                }
                              },
                              "Increment_variable_for_Ns": {
                                "runAfter": {
                                  "Add_a_row_into_a_table_for_N": [
                                    "Succeeded"
                                  ]
                                },
                                "metadata": {
                                  "operationMetadataId": "9898329b-d411-4564-b965-fce4c75dfc55"
                                },
                                "type": "IncrementVariable",
                                "inputs": {
                                  "name": "Same Barcode Ns Flags Sum",
                                  "value": "@items('Apply_to_each_7')?['PurchQty']"
                                }
                              }
                            }
                          },
                          "expression": {
                            "equals": [
                              "@items('Apply_to_each_7')?['CancelledFlag']",
                              "Y"
                            ]
                          },
                          "metadata": {
                            "operationMetadataId": "6c363b63-a9e1-420f-b50b-a54073a3b546"
                          },
                          "type": "If"
                        }
                      },
                      "runAfter": {},
                      "expression": {
                        "equals": [
                          "@items('Apply_to_each_6')",
                          "@items('Apply_to_each_7')?['Barcode']"
                        ]
                      },
                      "metadata": {
                        "operationMetadataId": "b0d0a1e8-4400-4d41-95d0-f80583a3a486"
                      },
                      "type": "If"
                    }
                  },
                  "runAfter": {},
                  "metadata": {
                    "operationMetadataId": "fd557d0e-e7ec-4389-b4ce-a6bf572c4ec5"
                  },
                  "type": "Foreach"
                },
                "For_Y_Values": {
                  "runAfter": {
                    "Compose_3": [
                      "Succeeded"
                    ]
                  },
                  "metadata": {
                    "01DQRZCDJIVGKBDB7D5VD3QO5QMZBFNSXL": "/313_Calculations.xlsx",
                    "operationMetadataId": "0432acca-b1e1-4829-9e24-8ae1adba7c62"
                  },
                  "type": "OpenApiConnection",
                  "inputs": {
                    "host": {
                      "connectionName": "shared_excelonlinebusiness",
                      "operationId": "GetItems",
                      "apiId": "/providers/Microsoft.PowerApps/apis/shared_excelonlinebusiness"
                    },
                    "parameters": {
                      "source": "me",
                      "drive": "b!GBbiBUOS202Mvt16kKu4fvomkfNOuXVKqO6Jvd2tWjhoSN6OwAu0QoEKkH-BVK8x",
                      "file": "01DQRZCDJIVGKBDB7D5VD3QO5QMZBFNSXL",
                      "table": "{484E3343-85A4-4CCF-9935-686BA7BDA621}"
                    },
                    "authentication": {
                      "type": "Raw",
                      "value": "@json(decodeBase64(triggerOutputs().headers['X-MS-APIM-Tokens']))['$ConnectionKey']"
                    }
                  }
                },
                "For_Y_Purch_Qtys": {
                  "runAfter": {
                    "For_Y_Values": [
                      "Succeeded"
                    ]
                  },
                  "metadata": {
                    "operationMetadataId": "f91665e8-a829-4db4-9b2b-33a6ffe6b102"
                  },
                  "type": "Select",
                  "inputs": {
                    "from": "@outputs('For_Y_Values')?['body/value']",
                    "select": "@item()?['Purch Qty']"
                  }
                },
                "For_Y_sum_of_purch_qtys": {
                  "runAfter": {
                    "For_Y_Purch_Qtys": [
                      "Succeeded"
                    ]
                  },
                  "metadata": {
                    "operationMetadataId": "bef64db8-252b-4448-92d5-0edf133fa92c"
                  },
                  "type": "Compose",
                  "inputs": {
                    "root": {
                      "Numbers": "@body('For_Y_Purch_Qtys')"
                    }
                  }
                },
                "sum_of_all_Ys": {
                  "runAfter": {
                    "For_Y_sum_of_purch_qtys": [
                      "Succeeded"
                    ]
                  },
                  "metadata": {
                    "operationMetadataId": "fbabb444-fa71-4dd9-b272-3ff6a0d76ff2"
                  },
                  "type": "Compose",
                  "inputs": "@xpath(xml(outputs('For_Y_sum_of_purch_qtys')), 'sum(/root/Numbers)')"
                },
                "Deletion_of_Ys_values": {
                  "foreach": "@outputs('For_Y_Values')?['body/value']",
                  "actions": {
                    "Delete_a_row_for_Ys": {
                      "runAfter": {},
                      "metadata": {
                        "01DQRZCDJIVGKBDB7D5VD3QO5QMZBFNSXL": "/313_Calculations.xlsx",
                        "operationMetadataId": "4d9b2548-c887-413b-9395-dd7b57dc3619"
                      },
                      "type": "OpenApiConnection",
                      "inputs": {
                        "host": {
                          "connectionName": "shared_excelonlinebusiness",
                          "operationId": "DeleteItem",
                          "apiId": "/providers/Microsoft.PowerApps/apis/shared_excelonlinebusiness"
                        },
                        "parameters": {
                          "source": "me",
                          "drive": "b!GBbiBUOS202Mvt16kKu4fvomkfNOuXVKqO6Jvd2tWjhoSN6OwAu0QoEKkH-BVK8x",
                          "file": "01DQRZCDJIVGKBDB7D5VD3QO5QMZBFNSXL",
                          "table": "{484E3343-85A4-4CCF-9935-686BA7BDA621}",
                          "idColumn": "Cancelled Flag",
                          "id": "Y"
                        },
                        "authentication": {
                          "type": "Raw",
                          "value": "@json(decodeBase64(triggerOutputs().headers['X-MS-APIM-Tokens']))['$ConnectionKey']"
                        }
                      }
                    }
                  },
                  "runAfter": {
                    "sum_of_all_Ys": [
                      "Succeeded"
                    ]
                  },
                  "metadata": {
                    "operationMetadataId": "8421db66-4760-42af-bf4f-da10e601e244"
                  },
                  "type": "Foreach"
                },
                "For_N_values": {
                  "runAfter": {
                    "Deletion_of_Ys_values": [
                      "Succeeded"
                    ]
                  },
                  "metadata": {
                    "01DQRZCDJIVGKBDB7D5VD3QO5QMZBFNSXL": "/313_Calculations.xlsx",
                    "operationMetadataId": "109cfbe2-dd2f-4e46-abb8-9500b04c1814"
                  },
                  "type": "OpenApiConnection",
                  "inputs": {
                    "host": {
                      "connectionName": "shared_excelonlinebusiness",
                      "operationId": "GetItems",
                      "apiId": "/providers/Microsoft.PowerApps/apis/shared_excelonlinebusiness"
                    },
                    "parameters": {
                      "source": "me",
                      "drive": "b!GBbiBUOS202Mvt16kKu4fvomkfNOuXVKqO6Jvd2tWjhoSN6OwAu0QoEKkH-BVK8x",
                      "file": "01DQRZCDJIVGKBDB7D5VD3QO5QMZBFNSXL",
                      "table": "{DA6845FF-094B-4138-9698-6182A5149DF2}"
                    },
                    "authentication": {
                      "type": "Raw",
                      "value": "@json(decodeBase64(triggerOutputs().headers['X-MS-APIM-Tokens']))['$ConnectionKey']"
                    }
                  }
                },
                "For_N_sum_of_purch_qtys_": {
                  "runAfter": {
                    "For_N_Purch_Qtys_": [
                      "Succeeded"
                    ]
                  },
                  "metadata": {
                    "operationMetadataId": "e3d89e3f-b0a3-4e5b-8436-ac5e353fe272"
                  },
                  "type": "Compose",
                  "inputs": {
                    "root": {
                      "Numbers": "@body('For_N_Purch_Qtys_')"
                    }
                  }
                },
                "sum_of_all_Ns_": {
                  "runAfter": {
                    "For_N_sum_of_purch_qtys_": [
                      "Succeeded"
                    ]
                  },
                  "metadata": {
                    "operationMetadataId": "76eeb5f4-67d1-4414-bcf7-97070a7e96b0"
                  },
                  "type": "Compose",
                  "inputs": "@xpath(xml(outputs('For_N_sum_of_purch_qtys_')), 'sum(/root/Numbers)')"
                },
                "Deletion_of_Ns_values_": {
                  "foreach": "@outputs('For_Y_Values')?['body/value']",
                  "actions": {
                    "Delete_a_row_for_Ns_": {
                      "runAfter": {},
                      "metadata": {
                        "01DQRZCDJIVGKBDB7D5VD3QO5QMZBFNSXL": "/313_Calculations.xlsx",
                        "operationMetadataId": "724a2430-c098-4ba5-a6ef-e7e8b4991d99"
                      },
                      "type": "OpenApiConnection",
                      "inputs": {
                        "host": {
                          "connectionName": "shared_excelonlinebusiness",
                          "operationId": "DeleteItem",
                          "apiId": "/providers/Microsoft.PowerApps/apis/shared_excelonlinebusiness"
                        },
                        "parameters": {
                          "source": "me",
                          "drive": "b!GBbiBUOS202Mvt16kKu4fvomkfNOuXVKqO6Jvd2tWjhoSN6OwAu0QoEKkH-BVK8x",
                          "file": "01DQRZCDJIVGKBDB7D5VD3QO5QMZBFNSXL",
                          "table": "{DA6845FF-094B-4138-9698-6182A5149DF2}",
                          "idColumn": "Cancelled Flag",
                          "id": "N"
                        },
                        "authentication": {
                          "type": "Raw",
                          "value": "@json(decodeBase64(triggerOutputs().headers['X-MS-APIM-Tokens']))['$ConnectionKey']"
                        }
                      }
                    }
                  },
                  "runAfter": {
                    "Cancellation_Qty": [
                      "Succeeded"
                    ]
                  },
                  "metadata": {
                    "operationMetadataId": "3dcbc35e-f5d0-4ca5-80a7-d2b1bbcf3b7d"
                  },
                  "type": "Foreach"
                },
                "For_N_Purch_Qtys_": {
                  "runAfter": {
                    "For_N_values": [
                      "Succeeded"
                    ]
                  },
                  "metadata": {
                    "operationMetadataId": "d9a7cd6a-bab4-4f6b-9120-0ae9be4dbb2f"
                  },
                  "type": "Select",
                  "inputs": {
                    "from": "@outputs('For_N_values')?['body/value']",
                    "select": "@item()?['Purch Qty']"
                  }
                },
                "Cancellation_Qty": {
                  "runAfter": {
                    "sum_of_all_Ns_": [
                      "Succeeded"
                    ]
                  },
                  "metadata": {
                    "operationMetadataId": "38a5b969-4523-4e96-8b58-f7198cd0119a"
                  },
                  "type": "Compose",
                  "inputs": "@sub(outputs('sum_of_all_Ys'),outputs('sum_of_all_Ns_'))"
                },
                "Compose_3": {
                  "runAfter": {
                    "Apply_to_each_7": [
                      "Succeeded"
                    ]
                  },
                  "metadata": {
                    "operationMetadataId": "c8b07875-98d3-4e23-99dd-a123cd6f8178"
                  },
                  "type": "Compose",
                  "inputs": "@sub(variables('Same Barcode Ys Flags Sum'), variables('Same Barcode Ns Flags Sum'))"
                }
              },
              "runAfter": {
                "Unique_Barcodes": [
                  "Succeeded"
                ]
              },
              "metadata": {
                "operationMetadataId": "51181104-e6ed-4cf9-84f6-25e6d98af2bc"
              },
              "type": "Foreach"
            }
          },
          "runAfter": {
            "Initialize_variable": [
              "Succeeded"
            ]
          },
          "metadata": {
            "operationMetadataId": "ae226600-35c8-4980-8919-9817c3f3cfe1"
          },
          "type": "Foreach"
        },
        "Initialize_variable": {
          "runAfter": {
            "Sum_of_Same_Barcodes_Purch_Qty_having_N_Flag": [
              "Succeeded"
            ]
          },
          "metadata": {
            "operationMetadataId": "c680298c-50c4-4eac-9fdf-c65d8bcdd07c"
          },
          "type": "InitializeVariable",
          "inputs": {
            "variables": [
              {
                "name": "Barcodes",
                "type": "string"
              }
            ]
          }
        },
        "Sum_of_Same_Barcodes_Purch_Qty_having_Y_Flag": {
          "runAfter": {
            "330": [
              "Succeeded"
            ]
          },
          "metadata": {
            "operationMetadataId": "d18456dd-6c09-45ed-a9f2-9bb3b75ffc3a"
          },
          "type": "InitializeVariable",
          "inputs": {
            "variables": [
              {
                "name": "Same Barcode Ys Flags Sum",
                "type": "float",
                "value": 0
              }
            ]
          }
        },
        "Sum_of_Same_Barcodes_Purch_Qty_having_N_Flag": {
          "runAfter": {
            "Sum_of_Same_Barcodes_Purch_Qty_having_Y_Flag": [
              "Succeeded"
            ]
          },
          "metadata": {
            "operationMetadataId": "c7338722-587d-46ce-ac30-2effe47d0109"
          },
          "type": "InitializeVariable",
          "inputs": {
            "variables": [
              {
                "name": "Same Barcode Ns Flags Sum",
                "type": "float",
                "value": 0
              }
            ]
          }
        }
      },
      "outputs": {}
    },
    "templateName": "78720f54e49444d0bd456477288a7ef7"
  },
  "schemaVersion": "1.0.0.0"
}