{
  "properties": {
    "connectionReferences": {},
    "definition": {
      "$schema": "https://schema.management.azure.com/providers/Microsoft.Logic/schemas/2016-06-01/workflowdefinition.json#",
      "contentVersion": "1.0.0.0",
      "parameters": {
        "$authentication": {
          "defaultValue": {},
          "type": "SecureObject"
        }
      },
      "triggers": {
        "manual": {
          "metadata": {
            "operationMetadataId": "31a657f3-0e8a-4439-bc85-bd489a9ec7ad"
          },
          "type": "Request",
          "kind": "PowerApp",
          "inputs": {
            "schema": {
              "type": "object",
              "properties": {
                "Initializevariable_Value": {
                  "type": "any"
                },
                "Value2_Value": {
                  "type": "integer",
                  "description": "Enter initial value",
                  "x-ms-powerflows-param-ispartial": false
                },
                "Value1_Value": {
                  "type": "integer",
                  "description": "Enter initial value",
                  "x-ms-powerflows-param-ispartial": false
                }
              },
              "required": [
                "Initializevariable_Value",
                "Value2_Value",
                "Value1_Value"
              ]
            }
          }
        }
      },
      "actions": {
        "Value1": {
          "runAfter": {},
          "metadata": {
            "operationMetadataId": "423e28d6-2851-4c03-82d0-daed27267e0d"
          },
          "type": "InitializeVariable",
          "inputs": {
            "variables": [
              {
                "name": "Value1",
                "type": "integer",
                "value": "@triggerBody()['Value1_Value']"
              }
            ]
          }
        },
        "Value2": {
          "runAfter": {
            "Value1": [
              "Succeeded"
            ]
          },
          "metadata": {
            "operationMetadataId": "a7d4cbd6-79f8-4db0-b6c8-b63e6edaec5c"
          },
          "type": "InitializeVariable",
          "inputs": {
            "variables": [
              {
                "name": "Value2",
                "type": "integer",
                "value": "@triggerBody()['Value2_Value']"
              }
            ]
          }
        },
        "Respond_to_a_PowerApp_or_flow": {
          "runAfter": {
            "Division": [
              "Succeeded"
            ]
          },
          "metadata": {
            "operationMetadataId": "dd283bb6-b055-478f-9361-d66f14c09a7b"
          },
          "type": "Response",
          "kind": "PowerApp",
          "inputs": {
            "statusCode": 200,
            "body": {
              "subtraction": "@outputs('Subtraction')",
              "multiplication": "@outputs('Multiplication')",
              "addition": "@outputs('Add')",
              "division": "@outputs('Division')"
            },
            "schema": {
              "type": "object",
              "properties": {
                "subtraction": {
                  "title": "Subtraction",
                  "x-ms-dynamically-added": true,
                  "type": "number"
                },
                "multiplication": {
                  "title": "Multiplication",
                  "x-ms-dynamically-added": true,
                  "type": "number"
                },
                "addition": {
                  "title": "Addition",
                  "x-ms-dynamically-added": true,
                  "type": "number"
                },
                "division": {
                  "title": "Division",
                  "x-ms-dynamically-added": true,
                  "type": "number"
                }
              }
            }
          }
        },
        "Multiplication": {
          "runAfter": {
            "Value2": [
              "Succeeded"
            ]
          },
          "metadata": {
            "operationMetadataId": "837ae137-5fb2-47f2-851f-04c4930da04a"
          },
          "type": "Compose",
          "inputs": "@int(mul(variables('Value1'), variables('Value2')))"
        },
        "Add": {
          "runAfter": {
            "Multiplication": [
              "Succeeded"
            ]
          },
          "metadata": {
            "operationMetadataId": "c6e7d044-dc41-490c-bc23-77c776221dcd"
          },
          "type": "Compose",
          "inputs": "@int(add(variables('Value1'), variables('Value2')))"
        },
        "Subtraction": {
          "runAfter": {
            "Add": [
              "Succeeded"
            ]
          },
          "metadata": {
            "operationMetadataId": "dad16a8f-1898-44bb-ae52-233aac5f104c"
          },
          "type": "Compose",
          "inputs": "@int(sub(variables('Value2'),variables('Value1')))"
        },
        "Division": {
          "runAfter": {
            "Subtraction": [
              "Succeeded"
            ]
          },
          "metadata": {
            "operationMetadataId": "0b439408-3e6b-4c29-a7d1-c203b9ce2a75"
          },
          "type": "Compose",
          "inputs": "@int(div(variables('Value2'), variables('Value1')))"
        }
      }
    },
    "templateName": null
  },
  "schemaVersion": "1.0.0.0"
}