{
  "properties": {
    "connectionReferences": {},
    "definition": {
      "$schema": "https://schema.management.azure.com/providers/Microsoft.Logic/schemas/2016-06-01/workflowdefinition.json#",
      "contentVersion": "1.0.0.0",
      "parameters": {
        "$authentication": {
          "defaultValue": {},
          "type": "SecureObject"
        }
      },
      "triggers": {
        "manual": {
          "metadata": {
            "operationMetadataId": "5d419e3d-6729-45bf-a0f3-6829377017cf"
          },
          "type": "Request",
          "kind": "PowerApp",
          "inputs": {
            "schema": {
              "type": "object",
              "properties": {
                "DropDown_Value": {
                  "type": "string",
                  "description": "Enter initial value",
                  "x-ms-powerflows-param-ispartial": false
                },
                "Value2_Value": {
                  "type": "integer",
                  "description": "Enter initial value",
                  "x-ms-powerflows-param-ispartial": false
                },
                "Value1_Value": {
                  "type": "integer",
                  "description": "Enter initial value",
                  "x-ms-powerflows-param-ispartial": false
                }
              },
              "required": [
                "DropDown_Value",
                "Value2_Value",
                "Value1_Value"
              ]
            }
          }
        }
      },
      "actions": {
        "DropDown": {
          "runAfter": {
            "Value2": [
              "Succeeded"
            ]
          },
          "metadata": {
            "operationMetadataId": "f3faf07d-d451-46a8-9855-14731e6b9de7"
          },
          "type": "InitializeVariable",
          "inputs": {
            "variables": [
              {
                "name": "PowerApps_Switch",
                "type": "string",
                "value": "@{triggerBody()['DropDown_Value']}"
              }
            ]
          }
        },
        "Switch": {
          "runAfter": {
            "Initialize_variable": [
              "Succeeded"
            ]
          },
          "cases": {
            "Addition": {
              "case": "Addition",
              "actions": {
                "Addition": {
                  "runAfter": {},
                  "metadata": {
                    "operationMetadataId": "d2dbb7e1-92fe-4761-b1f1-5c92583e2776"
                  },
                  "type": "Compose",
                  "inputs": "@int(add(variables('Value1'),variables('Value2')))"
                },
                "Set_variable_for_Addition": {
                  "runAfter": {
                    "Addition": [
                      "Succeeded"
                    ]
                  },
                  "metadata": {
                    "operationMetadataId": "9fc70c47-472a-4b4f-a4b8-adc4e6195741"
                  },
                  "type": "SetVariable",
                  "inputs": {
                    "name": "Cal_Results",
                    "value": "@outputs('Addition')"
                  }
                }
              }
            },
            "Subtraction": {
              "case": "Subtraction",
              "actions": {
                "Subtraction": {
                  "runAfter": {},
                  "metadata": {
                    "operationMetadataId": "13b7ffb9-7f61-4688-a612-e79ccf6df56a"
                  },
                  "type": "Compose",
                  "inputs": "@int(sub(variables('Value2'),variables('Value1')))"
                },
                "Set_variable_for_Subtraction": {
                  "runAfter": {
                    "Subtraction": [
                      "Succeeded"
                    ]
                  },
                  "metadata": {
                    "operationMetadataId": "e467dc3a-1d6b-4b8e-b5a4-373976399d6b"
                  },
                  "type": "SetVariable",
                  "inputs": {
                    "name": "Cal_Results",
                    "value": "@outputs('Subtraction')"
                  }
                }
              }
            },
            "Multiplication": {
              "case": "Multiplication",
              "actions": {
                "Multiplication": {
                  "runAfter": {},
                  "metadata": {
                    "operationMetadataId": "e2e6bcd1-5b5c-4296-a8a3-59172bb47280"
                  },
                  "type": "Compose",
                  "inputs": "@int(mul(variables('Value1'), variables('Value2')))"
                },
                "Set_variable_for_Multiplication": {
                  "runAfter": {
                    "Multiplication": [
                      "Succeeded"
                    ]
                  },
                  "metadata": {
                    "operationMetadataId": "bca63448-b37a-45c8-b59a-17320e56c20e"
                  },
                  "type": "SetVariable",
                  "inputs": {
                    "name": "Cal_Results",
                    "value": "@outputs('Multiplication')"
                  }
                }
              }
            },
            "Division": {
              "case": "Division",
              "actions": {
                "Division": {
                  "runAfter": {},
                  "metadata": {
                    "operationMetadataId": "5bf92ac6-360a-4cab-aab9-739560c95bbf"
                  },
                  "type": "Compose",
                  "inputs": "@int(div(variables('Value2'),variables('Value1')))"
                },
                "Set_variable_for_Division": {
                  "runAfter": {
                    "Division": [
                      "Succeeded"
                    ]
                  },
                  "metadata": {
                    "operationMetadataId": "3c9c356a-c153-4859-8149-d38ec38adc40"
                  },
                  "type": "SetVariable",
                  "inputs": {
                    "name": "Cal_Results",
                    "value": "@outputs('Division')"
                  }
                }
              }
            }
          },
          "default": {
            "actions": {}
          },
          "expression": "@variables('PowerApps_Switch')",
          "metadata": {
            "operationMetadataId": "0c548608-0588-4333-9398-76821290e346"
          },
          "type": "Switch"
        },
        "Value1": {
          "runAfter": {},
          "metadata": {
            "operationMetadataId": "cb2cb69e-8987-47c1-af27-6688a82c8205"
          },
          "type": "InitializeVariable",
          "inputs": {
            "variables": [
              {
                "name": "Value1",
                "type": "integer",
                "value": "@triggerBody()['Value1_Value']"
              }
            ]
          }
        },
        "Value2": {
          "runAfter": {
            "Value1": [
              "Succeeded"
            ]
          },
          "metadata": {
            "operationMetadataId": "e303e01b-909c-4e74-95f4-646879570611"
          },
          "type": "InitializeVariable",
          "inputs": {
            "variables": [
              {
                "name": "Value2",
                "type": "integer",
                "value": "@triggerBody()['Value2_Value']"
              }
            ]
          }
        },
        "Respond_to_a_PowerApp_or_flow": {
          "runAfter": {
            "Switch": [
              "Succeeded"
            ]
          },
          "metadata": {
            "operationMetadataId": "8053ee76-f5c0-4937-9d7b-33f6094caf6f"
          },
          "type": "Response",
          "kind": "PowerApp",
          "inputs": {
            "statusCode": 200,
            "body": {
              "result": "@variables('Cal_Results')"
            },
            "schema": {
              "type": "object",
              "properties": {
                "result": {
                  "title": "Result",
                  "x-ms-dynamically-added": true,
                  "type": "number"
                }
              }
            }
          }
        },
        "Initialize_variable": {
          "runAfter": {
            "DropDown": [
              "Succeeded"
            ]
          },
          "metadata": {
            "operationMetadataId": "1dbb33e9-bb9f-47b5-8946-8cfed5373407"
          },
          "type": "InitializeVariable",
          "inputs": {
            "variables": [
              {
                "name": "Cal_Results",
                "type": "integer"
              }
            ]
          }
        }
      }
    },
    "templateName": null
  },
  "schemaVersion": "1.0.0.0"
}