{
  "properties": {
    "connectionReferences": {
      "shared_sharepointonline": {
        "runtimeSource": "invoker",
        "connection": {
          "connectionReferenceLogicalName": "crownpro_sharedsharepointonline_9dfa3"
        },
        "api": {
          "name": "shared_sharepointonline"
        }
      }
    },
    "definition": {
      "$schema": "https://schema.management.azure.com/providers/Microsoft.Logic/schemas/2016-06-01/workflowdefinition.json#",
      "contentVersion": "1.0.0.0",
      "parameters": {
        "$connections": {
          "defaultValue": {},
          "type": "Object"
        },
        "$authentication": {
          "defaultValue": {},
          "type": "SecureObject"
        }
      },
      "triggers": {
        "manual": {
          "metadata": {
            "operationMetadataId": "b723e4b7-caf0-4771-9b38-4d287878518f"
          },
          "type": "Request",
          "kind": "Button",
          "inputs": {
            "schema": {
              "type": "object",
              "properties": {},
              "required": []
            }
          }
        }
      },
      "actions": {
        "Get_items": {
          "runAfter": {},
          "metadata": {
            "operationMetadataId": "bc26260a-a9bc-44f3-8851-7ba7ff0222bd"
          },
          "type": "OpenApiConnection",
          "inputs": {
            "host": {
              "apiId": "/providers/Microsoft.PowerApps/apis/shared_sharepointonline",
              "connectionName": "shared_sharepointonline",
              "operationId": "GetItems"
            },
            "parameters": {
              "dataset": "https://capgemini.sharepoint.com/sites/Mysite993",
              "table": "7fc2e8f2-913a-4e69-b090-35aa6f81d16a"
            },
            "authentication": {
              "value": "@json(decodeBase64(triggerOutputs().headers['X-MS-APIM-Tokens']))['$ConnectionKey']",
              "type": "Raw"
            }
          }
        },
        "Apply_to_each": {
          "foreach": "@outputs('Get_items')?['body/value']",
          "actions": {
            "Condition": {
              "actions": {
                "Create_item": {
                  "runAfter": {},
                  "metadata": {
                    "operationMetadataId": "5803a657-6d8c-45ca-8ef3-8a482ee9365d"
                  },
                  "type": "OpenApiConnection",
                  "inputs": {
                    "host": {
                      "apiId": "/providers/Microsoft.PowerApps/apis/shared_sharepointonline",
                      "connectionName": "shared_sharepointonline",
                      "operationId": "PostItem"
                    },
                    "parameters": {
                      "dataset": "https://capgemini.sharepoint.com/sites/Mysite993",
                      "table": "758dbeea-7736-4612-a2f6-574fc9fb418a",
                      "item/PurchID": "@items('Apply_to_each')?['PurchID']",
                      "item/Barcode": "@items('Apply_to_each')?['Barcode']",
                      "item/ItemID": "@items('Apply_to_each')?['ItemID']",
                      "item/Size": "@items('Apply_to_each')?['Size']",
                      "item/EffectiveCancellationQty": "@items('Apply_to_each')?['EffectiveCancellationQty']"
                    },
                    "authentication": {
                      "value": "@json(decodeBase64(triggerOutputs().headers['X-MS-APIM-Tokens']))['$ConnectionKey']",
                      "type": "Raw"
                    }
                  }
                }
              },
              "runAfter": {},
              "expression": {
                "greater": [
                  "@items('Apply_to_each')?['EffectiveCancellationQty']",
                  0
                ]
              },
              "metadata": {
                "operationMetadataId": "750b27e5-6dfa-4666-bd6b-8a65bd261356"
              },
              "type": "If"
            }
          },
          "runAfter": {
            "Get_items": [
              "Succeeded"
            ]
          },
          "metadata": {
            "operationMetadataId": "99a9ce90-1c25-4dbf-b1ba-fd49aed84c88"
          },
          "type": "Foreach"
        },
        "Get_items_3": {
          "runAfter": {
            "Apply_to_each": [
              "Succeeded"
            ]
          },
          "metadata": {
            "operationMetadataId": "865c87de-df5e-4b44-b4fd-564e90ec17dd"
          },
          "type": "OpenApiConnection",
          "inputs": {
            "host": {
              "apiId": "/providers/Microsoft.PowerApps/apis/shared_sharepointonline",
              "connectionName": "shared_sharepointonline",
              "operationId": "GetItems"
            },
            "parameters": {
              "dataset": "https://capgemini.sharepoint.com/sites/Mysite993",
              "table": "758dbeea-7736-4612-a2f6-574fc9fb418a"
            },
            "authentication": {
              "value": "@json(decodeBase64(triggerOutputs().headers['X-MS-APIM-Tokens']))['$ConnectionKey']",
              "type": "Raw"
            }
          }
        },
        "Apply_to_each_2": {
          "foreach": "@outputs('Get_items_3')?['body/value']",
          "actions": {
            "Get_items_2": {
              "runAfter": {},
              "metadata": {
                "operationMetadataId": "c318809b-e5a3-4d8a-aea8-d67e774d6df4"
              },
              "type": "OpenApiConnection",
              "inputs": {
                "host": {
                  "apiId": "/providers/Microsoft.PowerApps/apis/shared_sharepointonline",
                  "connectionName": "shared_sharepointonline",
                  "operationId": "GetItems"
                },
                "parameters": {
                  "dataset": "https://capgemini.sharepoint.com/sites/Mysite993",
                  "table": "82cf10cd-e726-4ea7-8040-c1bf5acb2743",
                  "$filter": "(PurchID eq '@{items('Apply_to_each_2')?['PurchID']}') and (Barcode eq '@{items('Apply_to_each_2')?['Barcode']}') and (ReasonCode ne null)"
                },
                "authentication": {
                  "value": "@json(decodeBase64(triggerOutputs().headers['X-MS-APIM-Tokens']))['$ConnectionKey']",
                  "type": "Raw"
                }
              }
            },
            "Apply_to_each_3": {
              "foreach": "@outputs('Get_items_2')?['body/value']",
              "actions": {
                "Create_item_2": {
                  "runAfter": {},
                  "metadata": {
                    "operationMetadataId": "efc5677a-82d6-4edf-a9d2-5dc6da892810"
                  },
                  "type": "OpenApiConnection",
                  "inputs": {
                    "host": {
                      "apiId": "/providers/Microsoft.PowerApps/apis/shared_sharepointonline",
                      "connectionName": "shared_sharepointonline",
                      "operationId": "PostItem"
                    },
                    "parameters": {
                      "dataset": "https://capgemini.sharepoint.com/sites/Mysite993",
                      "table": "7abd2090-d9d9-41de-a263-5b1e5803d8ea",
                      "item/PurchID": "@items('Apply_to_each_2')?['PurchID']",
                      "item/Barcode": "@items('Apply_to_each_2')?['Barcode']",
                      "item/ItemID": "@items('Apply_to_each_2')?['ItemID']",
                      "item/Size": "@items('Apply_to_each_2')?['Size']",
                      "item/EffectiveCancellationQuantity": "@items('Apply_to_each_2')?['EffectiveCancellationQty']",
                      "item/ReasonCode": "@items('Apply_to_each_3')?['ReasonCode']",
                      "item/ReasonComment": "@items('Apply_to_each_3')?['ReasonComment']"
                    },
                    "authentication": {
                      "value": "@json(decodeBase64(triggerOutputs().headers['X-MS-APIM-Tokens']))['$ConnectionKey']",
                      "type": "Raw"
                    }
                  }
                }
              },
              "runAfter": {
                "Get_items_2": [
                  "Succeeded"
                ]
              },
              "metadata": {
                "operationMetadataId": "a4794615-8dc5-4236-a4ae-640fb65c40b0"
              },
              "type": "Foreach"
            }
          },
          "runAfter": {
            "Get_items_3": [
              "Succeeded"
            ]
          },
          "metadata": {
            "operationMetadataId": "b52b5882-b7d0-4cd4-b69f-faedbcf90909"
          },
          "type": "Foreach"
        }
      }
    },
    "templateName": null
  },
  "schemaVersion": "1.0.0.0"
}