{
  "properties": {
    "connectionReferences": {
      "shared_onedriveforbusiness_1": {
        "runtimeSource": "invoker",
        "connection": {
          "connectionReferenceLogicalName": "farework_sharedonedriveforbusiness_cacea"
        },
        "api": {
          "name": "shared_onedriveforbusiness"
        }
      },
      "shared_excelonlinebusiness": {
        "runtimeSource": "invoker",
        "connection": {
          "connectionReferenceLogicalName": "farework_sharedexcelonlinebusiness_d6568"
        },
        "api": {
          "name": "shared_excelonlinebusiness"
        }
      },
      "shared_sharepointonline": {
        "runtimeSource": "invoker",
        "connection": {
          "connectionReferenceLogicalName": "farework_sharedsharepointonline_6381b"
        },
        "api": {
          "name": "shared_sharepointonline"
        }
      }
    },
    "definition": {
      "$schema": "https://schema.management.azure.com/providers/Microsoft.Logic/schemas/2016-06-01/workflowdefinition.json#",
      "contentVersion": "1.0.0.0",
      "parameters": {
        "$connections": {
          "defaultValue": {},
          "type": "Object"
        },
        "$authentication": {
          "defaultValue": {},
          "type": "SecureObject"
        }
      },
      "triggers": {
        "manual": {
          "metadata": {
            "operationMetadataId": "3f69a9e8-9b2f-4f23-b462-dd1033ff1632"
          },
          "type": "Request",
          "kind": "Button",
          "inputs": {
            "schema": {
              "type": "object",
              "properties": {},
              "required": []
            }
          }
        }
      },
      "actions": {
        "0313": {
          "actions": {
            "Get_file_content": {
              "runAfter": {},
              "metadata": {
                "b!GBbiBUOS202Mvt16kKu4fvomkfNOuXVKqO6Jvd2tWjhoSN6OwAu0QoEKkH-BVK8x.01DQRZCDLBXAE6IRQMF5A2X5MBSE77LIQW": "/Desktop/NLY_CHK_FASH_INVOICE_CH_20230905082641.csv",
                "operationMetadataId": "991a1f13-8cdf-4102-b17a-8a88802fe710",
                "b!GBbiBUOS202Mvt16kKu4fvomkfNOuXVKqO6Jvd2tWjhoSN6OwAu0QoEKkH-BVK8x.01DQRZCDLTDVBNR2TTWVB3L6BXMBY2M66R": "/Documents/Crown Project/ORDER_CROWN_GEN_THA029_20230419033200.csv"
              },
              "type": "OpenApiConnection",
              "inputs": {
                "host": {
                  "apiId": "/providers/Microsoft.PowerApps/apis/shared_onedriveforbusiness",
                  "connectionName": "shared_onedriveforbusiness_1",
                  "operationId": "GetFileContent"
                },
                "parameters": {
                  "id": "b!GBbiBUOS202Mvt16kKu4fvomkfNOuXVKqO6Jvd2tWjhoSN6OwAu0QoEKkH-BVK8x.01DQRZCDLTDVBNR2TTWVB3L6BXMBY2M66R",
                  "inferContentType": true
                },
                "authentication": {
                  "value": "@json(decodeBase64(triggerOutputs().headers['X-MS-APIM-Tokens']))['$ConnectionKey']",
                  "type": "Raw"
                }
              }
            },
            "NewLine": {
              "runAfter": {
                "Get_file_content": [
                  "Succeeded"
                ]
              },
              "metadata": {
                "operationMetadataId": "cb496a59-73f3-4e8e-ba0b-f1799f376beb"
              },
              "type": "Compose",
              "inputs": "\n"
            },
            "SplitByLine": {
              "runAfter": {
                "NewLine": [
                  "Succeeded"
                ]
              },
              "metadata": {
                "operationMetadataId": "7cddf335-cd91-4193-9cd9-8676d20028ac"
              },
              "type": "Compose",
              "inputs": "@split(outputs('Get_file_content')?['body'], 'Header')"
            },
            "Remove_First_Line": {
              "runAfter": {
                "SplitByLine": [
                  "Succeeded"
                ]
              },
              "metadata": {
                "operationMetadataId": "914347f8-7311-41f3-86fe-a522632a66c3"
              },
              "type": "Compose",
              "inputs": "@skip(outputs('SplitByLine'),1)"
            },
            "Apply_to_each_3": {
              "foreach": "@outputs('Remove_First_Line')",
              "actions": {
                "HeaderItems": {
                  "runAfter": {},
                  "metadata": {
                    "operationMetadataId": "b70d7c09-42ea-4b8e-a7f6-4235468923f1"
                  },
                  "type": "Compose",
                  "inputs": "@items('Apply_to_each_3')"
                },
                "spl": {
                  "runAfter": {
                    "Compose": [
                      "Succeeded"
                    ]
                  },
                  "metadata": {
                    "operationMetadataId": "e4779a24-2639-43d8-80d3-9c1b1f9e1c60"
                  },
                  "type": "Compose",
                  "inputs": "@split(outputs('HeaderItems'), outputs('NewLine'))"
                },
                "Header": {
                  "runAfter": {
                    "Filter_array": [
                      "Succeeded"
                    ]
                  },
                  "metadata": {
                    "operationMetadataId": "6568990a-cde3-40e5-8103-1d32309a59ab"
                  },
                  "type": "Compose",
                  "inputs": "@outputs('spl')?[0]"
                },
                "Compose": {
                  "runAfter": {
                    "HeaderItems": [
                      "Succeeded"
                    ]
                  },
                  "metadata": {
                    "operationMetadataId": "abfc34af-4fae-4903-8305-3e97caf6fb48"
                  },
                  "type": "Compose",
                  "inputs": "@first(split(outputs('HeaderItems'),'\\n'))"
                },
                "Filter_array": {
                  "runAfter": {
                    "spl": [
                      "Succeeded"
                    ]
                  },
                  "metadata": {
                    "operationMetadataId": "a57e0299-95bf-4bdd-a4a9-96f3dc352e93"
                  },
                  "type": "Query",
                  "inputs": {
                    "from": "@outputs('spl')",
                    "where": "@startsWith(item(), 'Item')"
                  }
                },
                "Splitbycomma": {
                  "runAfter": {
                    "Header": [
                      "Succeeded"
                    ]
                  },
                  "metadata": {
                    "operationMetadataId": "2db6bf4d-996b-473e-ba80-0df542a096c5"
                  },
                  "type": "Compose",
                  "inputs": "@split(outputs('Header'),';')"
                },
                "Json_for_Header": {
                  "runAfter": {
                    "Splitbycomma": [
                      "Succeeded"
                    ]
                  },
                  "metadata": {
                    "operationMetadataId": "e4bb2a64-4cda-4942-839e-9fd31cb1ee9f"
                  },
                  "type": "Compose",
                  "inputs": {
                    "TABNAME": "Header",
                    "VENDORREF": "@{outputs('Splitbycomma')?[1]}",
                    "CNLCUSTORDERREF": "@{outputs('Splitbycomma')?[2]}",
                    "AFTERSALES ORDER": "@{outputs('Splitbycomma')?[3]}",
                    "CREDIT NOTE": "@{outputs('Splitbycomma')?[4]}",
                    "ORDER ACCOUNT": "@{outputs('Splitbycomma')?[5]}",
                    "PURCHID": "@{outputs('Splitbycomma')?[6]}",
                    "PURCHASE TYPE": "@{outputs('Splitbycomma')?[7]}",
                    "CANCELED FLAG": "@{outputs('Splitbycomma')?[8]}",
                    "CNLORDERNATUREID": "@{outputs('Splitbycomma')?[9]}",
                    "CNLORDERSEASONID": "@{outputs('Splitbycomma')?[10]}",
                    "CNLORDERTYPEID": "@{outputs('Splitbycomma')?[11]}",
                    "DELIVERYDATE": "@{outputs('Splitbycomma')?[12]}",
                    "ORDER CLIENT CODE": "@{outputs('Splitbycomma')?[13]}",
                    "INVOICED CLIENT CODE": "@{outputs('Splitbycomma')?[14]}",
                    "DELIVERY CLIENT CODE": "@{outputs('Splitbycomma')?[15]}",
                    "CURRENCYCODE": "@{outputs('Splitbycomma')?[16]}",
                    "DELIVERYNAME": "@{outputs('Splitbycomma')?[17]}",
                    "DELIVERY ADDRESS LINE1": "@{outputs('Splitbycomma')?[18]}",
                    "DELIVERY ADDRESS LINE2": "@{outputs('Splitbycomma')?[19]}",
                    "DELIVERY ADDRESS ZIPCODE TOWN": "@{outputs('Splitbycomma')?[20]}",
                    "DELIVERY ADDRESS COUNTRY": "@{outputs('Splitbycomma')?[21]}",
                    "DISCPERCENT": "@{outputs('Splitbycomma')?[22]}",
                    "DLVTERM": "@{outputs('Splitbycomma')?[23]}",
                    "DLVMODE": "@{outputs('Splitbycomma')?[24]}",
                    "RETURNITEMNUM": "@{outputs('Splitbycomma')?[25]}",
                    "RETURNREASONCODEID": "@{outputs('Splitbycomma')?[26]}",
                    "ALLOCATIONREF": "@{outputs('Splitbycomma')?[27]}",
                    "BOUTIQUEID": "@{outputs('Splitbycomma')?[28]}",
                    "CAMPAIGNID": "@{outputs('Splitbycomma')?[29]}",
                    "CENTRALCAMPAIGNID": "@{outputs('Splitbycomma')?[30]}",
                    "SOURCEENTITY": "@{outputs('Splitbycomma')?[31]}",
                    "CNLORDERNATUREDESCRIPTION": "@{outputs('Splitbycomma')?[32]}",
                    "CNLORDERSEASONDESCRIPTION": "@{outputs('Splitbycomma')?[33]}",
                    "CNLORDERTYPEDESCRIPTION": "@{outputs('Splitbycomma')?[34]}",
                    "FILLER 1": "@{outputs('Splitbycomma')?[35]}",
                    "FILLER 2": "@{outputs('Splitbycomma')?[36]}",
                    "FILLER 3": "@{outputs('Splitbycomma')?[37]}",
                    "FILLER 4": "@{outputs('Splitbycomma')?[38]}",
                    "FILLER 5": "@{outputs('Splitbycomma')?[39]}"
                  }
                },
                "Apply_to_each_for_ItemTracking_": {
                  "foreach": "@outputs('ItemswithTracking')",
                  "actions": {
                    "ItemsTrackingSingleline": {
                      "runAfter": {},
                      "metadata": {
                        "operationMetadataId": "ec66595d-de73-4c39-bba7-501bfadc2a2f"
                      },
                      "type": "Compose",
                      "inputs": "@items('Apply_to_each_for_ItemTracking_')"
                    },
                    "SplitItemsTracking": {
                      "runAfter": {
                        "ItemsTrackingSingleline": [
                          "Succeeded"
                        ]
                      },
                      "metadata": {
                        "operationMetadataId": "74c75738-c611-4e19-950f-dcad14c2d212"
                      },
                      "type": "Compose",
                      "inputs": "@split(outputs('ItemsTrackingSingleline'),';')"
                    },
                    "JsonforLines": {
                      "runAfter": {
                        "SplitItemsTracking": [
                          "Succeeded"
                        ]
                      },
                      "metadata": {
                        "operationMetadataId": "8d173352-b6df-4b70-9dd2-eb507013f8de"
                      },
                      "type": "Compose",
                      "inputs": {
                        "TABNAME": "Item",
                        "LINENUMBER": "@{outputs('SplitItemsTracking')?[1]}",
                        "ITEMID": "@{outputs('SplitItemsTracking')?[2]}",
                        "BARCODE": "@{outputs('SplitItemsTracking')?[3]}",
                        "ITEM SEASON": "@{outputs('SplitItemsTracking')?[4]}",
                        "PROCUREMENTCATEGORY": "@{outputs('SplitItemsTracking')?[5]}",
                        "CANCELED FLAG": "@{outputs('SplitItemsTracking')?[6]}",
                        "CNLSEASONTARIFFID": "@{outputs('SplitItemsTracking')?[7]}",
                        "PURCHQTY": "@{outputs('SplitItemsTracking')?[8]}",
                        "PURCHUNIT": "@{outputs('SplitItemsTracking')?[9]}",
                        "PURCHPRICE": "@{outputs('SplitItemsTracking')?[10]}",
                        "PRICEUNIT": "@{outputs('SplitItemsTracking')?[11]}",
                        "LINEAMOUNT": "@{outputs('SplitItemsTracking')?[12]}",
                        "LINEDISC": "@{outputs('SplitItemsTracking')?[13]}",
                        "LINEPERCENT": "@{outputs('SplitItemsTracking')?[14]}",
                        "PURCHMARKUP": "@{outputs('SplitItemsTracking')?[15]}",
                        "CONFIRMEDTAXAMOUNT": "@{outputs('SplitItemsTracking')?[16]}",
                        "DELIVERYDATE": "@{outputs('SplitItemsTracking')?[17]}",
                        "DELIVERYNAME": "@{outputs('SplitItemsTracking')?[18]}",
                        "DELIVERY ADDRESS LINE1": "@{outputs('SplitItemsTracking')?[19]}",
                        "DELIVERY ADDRESS LINE2": "@{outputs('SplitItemsTracking')?[20]}",
                        "DELIVERY ADDRESS ZIPCODE TOWN": "@{outputs('SplitItemsTracking')?[21]}",
                        "DELIVERY ADDRESS COUNTRY": "@{outputs('SplitItemsTracking')?[22]}",
                        "Reason Code": "@{outputs('SplitItemsTracking')?[23]}",
                        "Reason Comment": "@{outputs('SplitItemsTracking')?[24]}",
                        "FILLER 3": "@{outputs('SplitItemsTracking')?[25]}",
                        "FILLER 4": "@{outputs('SplitItemsTracking')?[26]}",
                        "FILLER 5": "@{outputs('SplitItemsTracking')?[27]}",
                        "FILLER 6": "@{outputs('SplitItemsTracking')?[28]}"
                      }
                    },
                    "ParseJSONforLines": {
                      "runAfter": {
                        "JsonforLines": [
                          "Succeeded"
                        ]
                      },
                      "metadata": {
                        "operationMetadataId": "743ff5a1-e378-4626-b8f5-8a73b105fa0a"
                      },
                      "type": "ParseJson",
                      "inputs": {
                        "content": "@outputs('JsonforLines')",
                        "schema": {
                          "type": "object",
                          "properties": {
                            "TABNAME": {
                              "type": "string"
                            },
                            "LINENUMBER": {
                              "type": "string"
                            },
                            "ITEMID": {
                              "type": "string"
                            },
                            "BARCODE": {
                              "type": "string"
                            },
                            "ITEM SEASON": {
                              "type": "string"
                            },
                            "PROCUREMENTCATEGORY": {
                              "type": "string"
                            },
                            "CANCELED FLAG": {
                              "type": "string"
                            },
                            "CNLSEASONTARIFFID": {
                              "type": "string"
                            },
                            "PURCHQTY": {
                              "type": "string"
                            },
                            "PURCHUNIT": {
                              "type": "string"
                            },
                            "PURCHPRICE": {
                              "type": "string"
                            },
                            "PRICEUNIT": {
                              "type": "string"
                            },
                            "LINEAMOUNT": {
                              "type": "string"
                            },
                            "LINEDISC": {
                              "type": "string"
                            },
                            "LINEPERCENT": {
                              "type": "string"
                            },
                            "PURCHMARKUP": {
                              "type": "string"
                            },
                            "CONFIRMEDTAXAMOUNT": {
                              "type": "string"
                            },
                            "DELIVERYDATE": {
                              "type": "string"
                            },
                            "DELIVERYNAME": {
                              "type": "string"
                            },
                            "DELIVERY ADDRESS LINE1": {
                              "type": "string"
                            },
                            "DELIVERY ADDRESS LINE2": {
                              "type": "string"
                            },
                            "DELIVERY ADDRESS ZIPCODE TOWN": {
                              "type": "string"
                            },
                            "DELIVERY ADDRESS COUNTRY": {
                              "type": "string"
                            },
                            "Reason Code": {
                              "type": "string"
                            },
                            "Reason Comment": {
                              "type": "string"
                            },
                            "FILLER 3": {
                              "type": "string"
                            },
                            "FILLER 4": {
                              "type": "string"
                            },
                            "FILLER 5": {
                              "type": "string"
                            },
                            "FILLER 6": {
                              "type": "string"
                            }
                          }
                        }
                      }
                    },
                    "For_Lines": {
                      "runAfter": {
                        "ParseJSONforLines": [
                          "Succeeded"
                        ]
                      },
                      "metadata": {
                        "01DQRZCDJIVGKBDB7D5VD3QO5QMZBFNSXL": "/313_Calculations.xlsx",
                        "operationMetadataId": "77f24fb4-511b-4a9c-a433-ed252eedfe04",
                        "tableId": "{9C3044E0-3600-49AC-BE7B-6E6AE8318585}"
                      },
                      "type": "OpenApiConnection",
                      "inputs": {
                        "host": {
                          "apiId": "/providers/Microsoft.PowerApps/apis/shared_excelonlinebusiness",
                          "connectionName": "shared_excelonlinebusiness",
                          "operationId": "AddRowV2"
                        },
                        "parameters": {
                          "source": "me",
                          "drive": "b!GBbiBUOS202Mvt16kKu4fvomkfNOuXVKqO6Jvd2tWjhoSN6OwAu0QoEKkH-BVK8x",
                          "file": "01DQRZCDJIVGKBDB7D5VD3QO5QMZBFNSXL",
                          "table": "{9C3044E0-3600-49AC-BE7B-6E6AE8318585}",
                          "item/TABNAME": "@body('ParseJSONforLines')?['TABNAME']",
                          "item/Purch ID": "@body('ParseJSONforHeader')?['PURCHID']",
                          "item/LINENUMBER": "@body('ParseJSONforLines')?['LINENUMBER']",
                          "item/ITEMID": "@body('ParseJSONforLines')?['ITEMID']",
                          "item/BARCODE": "@body('ParseJSONforLines')?['BARCODE']",
                          "item/ITEM SEASON": "@body('ParseJSONforLines')?['ITEM SEASON']",
                          "item/PROCUREMENTCATEGORY": "@body('ParseJSONforLines')?['PROCUREMENTCATEGORY']",
                          "item/CANCELED FLAG": "@body('ParseJSONforLines')?['CANCELED FLAG']",
                          "item/CNLSEASONTARIFFID": "@body('ParseJSONforLines')?['CNLSEASONTARIFFID']",
                          "item/PURCHQTY": "@body('ParseJSONforLines')?['PURCHQTY']",
                          "item/PURCHUNIT": "@body('ParseJSONforLines')?['PURCHUNIT']",
                          "item/PURCHPRICE": "@body('ParseJSONforLines')?['PURCHPRICE']",
                          "item/PRICEUNIT": "@body('ParseJSONforLines')?['PRICEUNIT']",
                          "item/LINEAMOUNT": "@body('ParseJSONforLines')?['LINEAMOUNT']",
                          "item/LINEDISC": "@body('ParseJSONforLines')?['LINEDISC']",
                          "item/LINEPERCENT": "@body('ParseJSONforLines')?['LINEPERCENT']",
                          "item/PURCHMARKUP": "@body('ParseJSONforLines')?['PURCHMARKUP']",
                          "item/CONFIRMEDTAXAMOUNT": "@body('ParseJSONforLines')?['CONFIRMEDTAXAMOUNT']",
                          "item/DELIVERYDATE": "@body('ParseJSONforLines')?['DELIVERYDATE']",
                          "item/DELIVERYNAME": "@body('ParseJSONforLines')?['DELIVERYNAME']",
                          "item/DELIVERY ADDRESS LINE1": "@body('ParseJSONforLines')?['DELIVERY ADDRESS LINE1']",
                          "item/DELIVERY ADDRESS LINE2": "@body('ParseJSONforLines')?['DELIVERY ADDRESS LINE2']",
                          "item/DELIVERY ADDRESS ZIPCODE TOWN": "@body('ParseJSONforLines')?['DELIVERY ADDRESS ZIPCODE TOWN']",
                          "item/DELIVERY ADDRESS COUNTRY": "@body('ParseJSONforLines')?['DELIVERY ADDRESS COUNTRY']",
                          "item/Reason Code": "@body('ParseJSONforLines')?['Reason Code']",
                          "item/Reason Comment": "@body('ParseJSONforLines')?['Reason Comment']",
                          "item/FILLER 3": "@body('ParseJSONforLines')?['FILLER 3']",
                          "item/FILLER 4": "@body('ParseJSONforLines')?['FILLER 4']",
                          "item/FILLER 5": "@body('ParseJSONforLines')?['FILLER 5']",
                          "item/FILLER 6": "@body('ParseJSONforLines')?['FILLER 6']"
                        },
                        "authentication": {
                          "value": "@json(decodeBase64(triggerOutputs().headers['X-MS-APIM-Tokens']))['$ConnectionKey']",
                          "type": "Raw"
                        }
                      }
                    }
                  },
                  "runAfter": {
                    "ItemswithTracking": [
                      "Succeeded"
                    ]
                  },
                  "metadata": {
                    "operationMetadataId": "a4e7680d-380a-4b8e-a358-69a88dc27631"
                  },
                  "type": "Foreach"
                },
                "ITEMSHEADER": {
                  "runAfter": {
                    "Items": [
                      "Succeeded"
                    ]
                  },
                  "metadata": {
                    "operationMetadataId": "9a194c6c-f456-4ad4-81ec-70953c982632"
                  },
                  "type": "Compose",
                  "inputs": "@split(outputs('HeaderItems'),'Item')"
                },
                "Items": {
                  "runAfter": {
                    "For_Header": [
                      "Succeeded"
                    ]
                  },
                  "metadata": {
                    "operationMetadataId": "6fde636c-631d-491c-a209-bb2078f91923"
                  },
                  "type": "Compose",
                  "inputs": "@skip(outputs('spl'),1)"
                },
                "ItemswithTracking": {
                  "runAfter": {
                    "ITEMSHEADER": [
                      "Succeeded"
                    ]
                  },
                  "metadata": {
                    "operationMetadataId": "efe3e546-7f19-40c5-a1aa-8461c2fc6a6a"
                  },
                  "type": "Compose",
                  "inputs": "@skip(outputs('ITEMSHEADER'), 1)"
                },
                "ParseJSONforHeader": {
                  "runAfter": {
                    "Json_for_Header": [
                      "Succeeded"
                    ]
                  },
                  "metadata": {
                    "operationMetadataId": "7e86a162-ff65-45af-a7a8-2ff43770f68c"
                  },
                  "type": "ParseJson",
                  "inputs": {
                    "content": "@outputs('Json_for_Header')",
                    "schema": {
                      "type": "object",
                      "properties": {
                        "TABNAME": {
                          "type": "string"
                        },
                        "VENDORREF": {
                          "type": "string"
                        },
                        "CNLCUSTORDERREF": {
                          "type": "string"
                        },
                        "AFTERSALES ORDER": {
                          "type": "string"
                        },
                        "CREDIT NOTE": {
                          "type": "string"
                        },
                        "ORDER ACCOUNT": {
                          "type": "string"
                        },
                        "PURCHID": {
                          "type": "string"
                        },
                        "PURCHASE TYPE": {
                          "type": "string"
                        },
                        "CANCELED FLAG": {
                          "type": "string"
                        },
                        "CNLORDERNATUREID": {
                          "type": "string"
                        },
                        "CNLORDERSEASONID": {
                          "type": "string"
                        },
                        "CNLORDERTYPEID": {
                          "type": "string"
                        },
                        "DELIVERYDATE": {
                          "type": "string"
                        },
                        "ORDER CLIENT CODE": {
                          "type": "string"
                        },
                        "INVOICED CLIENT CODE": {
                          "type": "string"
                        },
                        "DELIVERY CLIENT CODE": {
                          "type": "string"
                        },
                        "CURRENCYCODE": {
                          "type": "string"
                        },
                        "DELIVERYNAME": {
                          "type": "string"
                        },
                        "DELIVERY ADDRESS LINE1": {
                          "type": "string"
                        },
                        "DELIVERY ADDRESS LINE2": {
                          "type": "string"
                        },
                        "DELIVERY ADDRESS ZIPCODE TOWN": {
                          "type": "string"
                        },
                        "DELIVERY ADDRESS COUNTRY": {
                          "type": "string"
                        },
                        "DISCPERCENT": {
                          "type": "string"
                        },
                        "DLVTERM": {
                          "type": "string"
                        },
                        "DLVMODE": {
                          "type": "string"
                        },
                        "RETURNITEMNUM": {
                          "type": "string"
                        },
                        "RETURNREASONCODEID": {
                          "type": "string"
                        },
                        "ALLOCATIONREF": {
                          "type": "string"
                        },
                        "BOUTIQUEID": {
                          "type": "string"
                        },
                        "CAMPAIGNID": {
                          "type": "string"
                        },
                        "CENTRALCAMPAIGNID": {
                          "type": "string"
                        },
                        "SOURCEENTITY": {
                          "type": "string"
                        },
                        "CNLORDERNATUREDESCRIPTION": {
                          "type": "string"
                        },
                        "CNLORDERSEASONDESCRIPTION": {
                          "type": "string"
                        },
                        "CNLORDERTYPEDESCRIPTION": {
                          "type": "string"
                        },
                        "FILLER 1": {
                          "type": "string"
                        },
                        "FILLER 2": {
                          "type": "string"
                        },
                        "FILLER 3": {
                          "type": "string"
                        },
                        "FILLER 4": {
                          "type": "string"
                        },
                        "FILLER 5": {
                          "type": "string"
                        }
                      }
                    }
                  }
                },
                "For_Header": {
                  "runAfter": {
                    "ParseJSONforHeader": [
                      "Succeeded"
                    ]
                  },
                  "metadata": {
                    "01DQRZCDJIVGKBDB7D5VD3QO5QMZBFNSXL": "/313_Calculations.xlsx",
                    "operationMetadataId": "21da77ce-018f-4be5-81ec-992155f14efa",
                    "tableId": "{018C9F59-A797-46B5-9AA0-2518FD6EB64E}"
                  },
                  "type": "OpenApiConnection",
                  "inputs": {
                    "host": {
                      "apiId": "/providers/Microsoft.PowerApps/apis/shared_excelonlinebusiness",
                      "connectionName": "shared_excelonlinebusiness",
                      "operationId": "AddRowV2"
                    },
                    "parameters": {
                      "source": "me",
                      "drive": "b!GBbiBUOS202Mvt16kKu4fvomkfNOuXVKqO6Jvd2tWjhoSN6OwAu0QoEKkH-BVK8x",
                      "file": "01DQRZCDJIVGKBDB7D5VD3QO5QMZBFNSXL",
                      "table": "{018C9F59-A797-46B5-9AA0-2518FD6EB64E}",
                      "item/TABNAME": "@body('ParseJSONforHeader')?['TABNAME']",
                      "item/VENDORREF": "@body('ParseJSONforHeader')?['VENDORREF']",
                      "item/CNLCUSTORDERREF": "@body('ParseJSONforHeader')?['CNLCUSTORDERREF']",
                      "item/AFTERSALES ORDER": "@body('ParseJSONforHeader')?['AFTERSALES ORDER']",
                      "item/CREDIT NOTE": "@body('ParseJSONforHeader')?['CREDIT NOTE']",
                      "item/ORDER ACCOUNT": "@body('ParseJSONforHeader')?['ORDER ACCOUNT']",
                      "item/PURCHID": "@body('ParseJSONforHeader')?['PURCHID']",
                      "item/PURCHASE TYPE": "@body('ParseJSONforHeader')?['PURCHASE TYPE']",
                      "item/CANCELED FLAG": "@body('ParseJSONforHeader')?['CANCELED FLAG']",
                      "item/CNLORDERNATUREID": "@body('ParseJSONforHeader')?['CNLORDERNATUREID']",
                      "item/CNLORDERSEASONID": "@body('ParseJSONforHeader')?['CNLORDERSEASONID']",
                      "item/CNLORDERTYPEID": "@body('ParseJSONforHeader')?['CNLORDERTYPEID']",
                      "item/DELIVERYDATE": "@body('ParseJSONforHeader')?['DELIVERYDATE']",
                      "item/ORDER CLIENT CODE": "@body('ParseJSONforHeader')?['ORDER CLIENT CODE']",
                      "item/INVOICED CLIENT CODE": "@body('ParseJSONforHeader')?['INVOICED CLIENT CODE']",
                      "item/DELIVERY CLIENT CODE": "@body('ParseJSONforHeader')?['DELIVERY CLIENT CODE']",
                      "item/CURRENCYCODE": "@body('ParseJSONforHeader')?['CURRENCYCODE']",
                      "item/DELIVERYNAME": "@body('ParseJSONforHeader')?['DELIVERYNAME']",
                      "item/DELIVERY ADDRESS LINE1": "@body('ParseJSONforHeader')?['DELIVERY ADDRESS LINE1']",
                      "item/DELIVERY ADDRESS LINE2": "@body('ParseJSONforHeader')?['DELIVERY ADDRESS LINE2']",
                      "item/DELIVERY ADDRESS ZIPCODE TOWN": "@body('ParseJSONforHeader')?['DELIVERY ADDRESS ZIPCODE TOWN']",
                      "item/DELIVERY ADDRESS COUNTRY": "@body('ParseJSONforHeader')?['DELIVERY ADDRESS COUNTRY']",
                      "item/DISCPERCENT": "@body('ParseJSONforHeader')?['DISCPERCENT']",
                      "item/DLVTERM": "@body('ParseJSONforHeader')?['DLVTERM']",
                      "item/DLVMODE": "@body('ParseJSONforHeader')?['DLVMODE']",
                      "item/RETURNITEMNUM": "@body('ParseJSONforHeader')?['RETURNITEMNUM']",
                      "item/RETURNREASONCODEID": "@body('ParseJSONforHeader')?['RETURNREASONCODEID']",
                      "item/ALLOCATIONREF": "@body('ParseJSONforHeader')?['ALLOCATIONREF']",
                      "item/BOUTIQUEID": "@body('ParseJSONforHeader')?['BOUTIQUEID']",
                      "item/CAMPAIGNID": "@body('ParseJSONforHeader')?['CAMPAIGNID']",
                      "item/CENTRALCAMPAIGNID": "@body('ParseJSONforHeader')?['CENTRALCAMPAIGNID']",
                      "item/SOURCEENTITY": "@body('ParseJSONforHeader')?['SOURCEENTITY']",
                      "item/CNLORDERNATUREDESCRIPTION": "@body('ParseJSONforHeader')?['CNLORDERNATUREDESCRIPTION']",
                      "item/CNLORDERSEASONDESCRIPTION": "@body('ParseJSONforHeader')?['CNLORDERSEASONDESCRIPTION']",
                      "item/CNLORDERTYPEDESCRIPTION": "@body('ParseJSONforHeader')?['CNLORDERTYPEDESCRIPTION']",
                      "item/FILLER 1": "@body('ParseJSONforHeader')?['FILLER 1']",
                      "item/FILLER 2": "@body('ParseJSONforHeader')?['FILLER 2']",
                      "item/FILLER 3": "@body('ParseJSONforHeader')?['FILLER 3']",
                      "item/FILLER 4": "@body('ParseJSONforHeader')?['FILLER 4']",
                      "item/FILLER 5": "@body('ParseJSONforHeader')?['FILLER 5']"
                    },
                    "authentication": {
                      "value": "@json(decodeBase64(triggerOutputs().headers['X-MS-APIM-Tokens']))['$ConnectionKey']",
                      "type": "Raw"
                    }
                  }
                }
              },
              "runAfter": {
                "Remove_First_Line": [
                  "Succeeded"
                ]
              },
              "metadata": {
                "operationMetadataId": "fcafaf8f-4774-45d5-ad38-ed28e686fc29"
              },
              "type": "Foreach"
            }
          },
          "runAfter": {},
          "metadata": {
            "operationMetadataId": "ec161f23-6b82-43e0-a1f0-6e19a52ff0c7"
          },
          "type": "Scope"
        },
        "List_rows_present_in_a_table": {
          "runAfter": {
            "Get_items": [
              "Succeeded"
            ]
          },
          "metadata": {
            "01DQRZCDJIVGKBDB7D5VD3QO5QMZBFNSXL": "/313_Calculations.xlsx",
            "operationMetadataId": "ad48c643-65a0-4dc2-8ad8-b1ffc499d7d0",
            "tableId": "{9C3044E0-3600-49AC-BE7B-6E6AE8318585}"
          },
          "type": "OpenApiConnection",
          "inputs": {
            "host": {
              "apiId": "/providers/Microsoft.PowerApps/apis/shared_excelonlinebusiness",
              "connectionName": "shared_excelonlinebusiness",
              "operationId": "GetItems"
            },
            "parameters": {
              "source": "me",
              "drive": "b!GBbiBUOS202Mvt16kKu4fvomkfNOuXVKqO6Jvd2tWjhoSN6OwAu0QoEKkH-BVK8x",
              "file": "01DQRZCDJIVGKBDB7D5VD3QO5QMZBFNSXL",
              "table": "{9C3044E0-3600-49AC-BE7B-6E6AE8318585}"
            },
            "authentication": {
              "value": "@json(decodeBase64(triggerOutputs().headers['X-MS-APIM-Tokens']))['$ConnectionKey']",
              "type": "Raw"
            }
          }
        },
        "Get_items": {
          "runAfter": {
            "0313": [
              "Succeeded"
            ]
          },
          "metadata": {
            "operationMetadataId": "5146aad8-1a62-4b2c-b337-3310433d336f"
          },
          "type": "OpenApiConnection",
          "inputs": {
            "host": {
              "apiId": "/providers/Microsoft.PowerApps/apis/shared_sharepointonline",
              "connectionName": "shared_sharepointonline",
              "operationId": "GetItems"
            },
            "parameters": {
              "dataset": "https://capgemini.sharepoint.com/sites/Mysite993",
              "table": "df49d078-9d1b-4dd9-ad25-3e7cc699f782"
            },
            "authentication": {
              "value": "@json(decodeBase64(triggerOutputs().headers['X-MS-APIM-Tokens']))['$ConnectionKey']",
              "type": "Raw"
            }
          }
        },
        "Apply_to_each": {
          "foreach": "@outputs('List_rows_present_in_a_table')?['body/value']",
          "actions": {
            "Apply_to_each_2": {
              "foreach": "@outputs('Get_items')?['body/value']",
              "actions": {
                "Condition": {
                  "actions": {
                    "Append_to_array_variable_for_Items": {
                      "runAfter": {},
                      "metadata": {
                        "operationMetadataId": "646d5cbd-f791-4488-83c2-d62772ae064f"
                      },
                      "type": "AppendToArrayVariable",
                      "inputs": {
                        "name": "Same Purch ID Lines",
                        "value": {
                          "Barcode": "@{items('Apply_to_each')?['BARCODE']}",
                          "Cancelled Flag": "@{items('Apply_to_each')?['CANCELED FLAG']}",
                          "Purch Qty": "@{items('Apply_to_each')?['PURCHQTY']}"
                        }
                      }
                    },
                    "Condition_2": {
                      "actions": {
                        "Append_to_array_variable": {
                          "runAfter": {},
                          "metadata": {
                            "operationMetadataId": "5135fa04-d186-48c0-9c7f-6e32384e9fa7"
                          },
                          "type": "AppendToArrayVariable",
                          "inputs": {
                            "name": "Barcodes having Y",
                            "value": {
                              "Barcode": "@{items('Apply_to_each')?['BARCODE']}"
                            }
                          }
                        }
                      },
                      "runAfter": {
                        "Append_to_array_variable_for_Items": [
                          "Succeeded"
                        ]
                      },
                      "expression": {
                        "equals": [
                          "@items('Apply_to_each')?['CANCELED FLAG']",
                          "Y"
                        ]
                      },
                      "metadata": {
                        "operationMetadataId": "5da0e301-dda2-42bc-8aaf-58cc8d887ecb"
                      },
                      "type": "If"
                    }
                  },
                  "runAfter": {},
                  "expression": {
                    "equals": [
                      "@items('Apply_to_each')?['Purch ID']",
                      "@items('Apply_to_each_2')?['PurchID']"
                    ]
                  },
                  "metadata": {
                    "operationMetadataId": "44e8be9a-b5c2-4d63-a34f-4d72ac07313c"
                  },
                  "type": "If"
                },
                "Parse_JSON": {
                  "runAfter": {
                    "Condition": [
                      "Succeeded"
                    ]
                  },
                  "metadata": {
                    "operationMetadataId": "c6504a0a-3e0d-4d00-925e-2b1601fe031d"
                  },
                  "type": "ParseJson",
                  "inputs": {
                    "content": "@variables('Same Purch ID Lines')",
                    "schema": {
                      "type": "array",
                      "items": {
                        "type": "object",
                        "properties": {
                          "Barcode": {
                            "type": "string"
                          },
                          "Cancelled Flag": {
                            "type": "string"
                          },
                          "Purch Qty": {
                            "type": "string"
                          }
                        },
                        "required": [
                          "Barcode",
                          "Cancelled Flag",
                          "Purch Qty"
                        ]
                      }
                    }
                  }
                },
                "Parse_JSON_2": {
                  "runAfter": {
                    "Parse_JSON": [
                      "Succeeded"
                    ]
                  },
                  "metadata": {
                    "operationMetadataId": "5ada9117-adb6-41a7-b331-53180305bc07"
                  },
                  "type": "ParseJson",
                  "inputs": {
                    "content": "@variables('Barcodes having Y')",
                    "schema": {
                      "type": "array",
                      "items": {
                        "type": "object",
                        "properties": {
                          "Barcode": {
                            "type": "string"
                          }
                        },
                        "required": [
                          "Barcode"
                        ]
                      }
                    }
                  }
                },
                "Apply_to_each_4": {
                  "foreach": "@body('Parse_JSON')",
                  "actions": {
                    "Apply_to_each_5": {
                      "foreach": "@body('Parse_JSON_2')",
                      "actions": {
                        "Condition_3": {
                          "actions": {
                            "Append_to_string_variable": {
                              "runAfter": {},
                              "metadata": {
                                "operationMetadataId": "9f49d352-3511-429b-99e5-ceec4dd2d7cc"
                              },
                              "type": "AppendToStringVariable",
                              "inputs": {
                                "name": "Purch Qty",
                                "value": "@items('Apply_to_each_4')['Purch Qty']"
                              }
                            }
                          },
                          "runAfter": {},
                          "expression": {
                            "and": [
                              {
                                "equals": [
                                  "@items('Apply_to_each_4')['Barcode']",
                                  "@items('Apply_to_each_5')['Barcode']"
                                ]
                              },
                              {
                                "equals": [
                                  "@items('Apply_to_each_4')['Cancelled Flag']",
                                  "Y"
                                ]
                              }
                            ]
                          },
                          "metadata": {
                            "operationMetadataId": "1cf820c8-aaaa-4bcc-869d-620f9dd4e01e"
                          },
                          "type": "If"
                        }
                      },
                      "runAfter": {},
                      "metadata": {
                        "operationMetadataId": "a9faae84-4305-49c5-b592-3d045361d892"
                      },
                      "type": "Foreach",
                      "runtimeConfiguration": {
                        "concurrency": {
                          "repetitions": 50
                        }
                      }
                    }
                  },
                  "runAfter": {
                    "Parse_JSON_2": [
                      "Succeeded"
                    ]
                  },
                  "metadata": {
                    "operationMetadataId": "8132da6a-4af8-465a-8c35-ada1a0c2da13"
                  },
                  "type": "Foreach",
                  "runtimeConfiguration": {
                    "concurrency": {
                      "repetitions": 50
                    }
                  }
                },
                "Compose_2": {
                  "runAfter": {
                    "Apply_to_each_4": [
                      "Succeeded"
                    ]
                  },
                  "metadata": {
                    "operationMetadataId": "a6e92eac-01cf-40cb-a9e4-ac7fbc475a33"
                  },
                  "type": "Compose",
                  "inputs": "@variables('Purch Qty')"
                }
              },
              "runAfter": {},
              "metadata": {
                "operationMetadataId": "1acdd393-f3e4-404e-ad00-e684aa56c137"
              },
              "type": "Foreach",
              "runtimeConfiguration": {
                "concurrency": {
                  "repetitions": 50
                }
              }
            }
          },
          "runAfter": {
            "Purch_Qty_N": [
              "Succeeded"
            ]
          },
          "metadata": {
            "operationMetadataId": "ae226600-35c8-4980-8919-9817c3f3cfe1"
          },
          "type": "Foreach",
          "runtimeConfiguration": {
            "concurrency": {
              "repetitions": 21
            }
          }
        },
        "SamePurchIDLines": {
          "runAfter": {
            "SumofpurchqtyN": [
              "Succeeded"
            ]
          },
          "metadata": {
            "operationMetadataId": "e486c8ab-5085-485d-a6eb-1a7f8152f8e8"
          },
          "type": "InitializeVariable",
          "inputs": {
            "variables": [
              {
                "name": "Same Purch ID Lines",
                "type": "array"
              }
            ]
          }
        },
        "Barcodes": {
          "runAfter": {
            "SamePurchIDLines": [
              "Succeeded"
            ]
          },
          "metadata": {
            "operationMetadataId": "998ad36d-2ef7-4e55-904a-1280be8efb47"
          },
          "type": "InitializeVariable",
          "inputs": {
            "variables": [
              {
                "name": "Barcodes having Y",
                "type": "array"
              }
            ]
          }
        },
        "Purch_Qty_Y": {
          "runAfter": {
            "Barcodes": [
              "Succeeded"
            ]
          },
          "metadata": {
            "operationMetadataId": "acf594d4-a251-4d25-b120-505b7de7ed3c"
          },
          "type": "InitializeVariable",
          "inputs": {
            "variables": [
              {
                "name": "Purch Qty",
                "type": "string"
              }
            ]
          }
        },
        "Purch_Qty_N": {
          "runAfter": {
            "Purch_Qty_Y": [
              "Succeeded"
            ]
          },
          "metadata": {
            "operationMetadataId": "f11ac275-8c63-413c-b8cb-eeb32ef97571"
          },
          "type": "InitializeVariable",
          "inputs": {
            "variables": [
              {
                "name": "Purch Qty N",
                "type": "string"
              }
            ]
          }
        },
        "SumofpurchqtyY": {
          "runAfter": {
            "List_rows_present_in_a_table": [
              "Succeeded"
            ]
          },
          "metadata": {
            "operationMetadataId": "1702c443-bf59-4c8f-b4de-14ba38c59511"
          },
          "type": "InitializeVariable",
          "inputs": {
            "variables": [
              {
                "name": "sumofpurchqtyY",
                "type": "integer",
                "value": 0
              }
            ]
          }
        },
        "SumofpurchqtyN": {
          "runAfter": {
            "SumofpurchqtyY": [
              "Succeeded"
            ]
          },
          "metadata": {
            "operationMetadataId": "c24ceaa0-9bfb-4a7e-9978-2351a8fcde7c"
          },
          "type": "InitializeVariable",
          "inputs": {
            "variables": [
              {
                "name": "SumofpurchqtyN",
                "type": "integer",
                "value": 0
              }
            ]
          }
        }
      },
      "outputs": {}
    },
    "templateName": "78720f54e49444d0bd456477288a7ef7"
  },
  "schemaVersion": "1.0.0.0"
}