{
  "properties": {
    "connectionReferences": {
      "shared_onedriveforbusiness_1": {
        "runtimeSource": "invoker",
        "connection": {
          "connectionReferenceLogicalName": "farework_sharedonedriveforbusiness_cacea"
        },
        "api": {
          "name": "shared_onedriveforbusiness"
        }
      },
      "shared_sharepointonline": {
        "runtimeSource": "invoker",
        "connection": {
          "connectionReferenceLogicalName": "farework_sharedsharepointonline_6381b"
        },
        "api": {
          "name": "shared_sharepointonline"
        }
      }
    },
    "definition": {
      "$schema": "https://schema.management.azure.com/providers/Microsoft.Logic/schemas/2016-06-01/workflowdefinition.json#",
      "contentVersion": "1.0.0.0",
      "parameters": {
        "$connections": {
          "defaultValue": {},
          "type": "Object"
        },
        "$authentication": {
          "defaultValue": {},
          "type": "SecureObject"
        }
      },
      "triggers": {
        "manual": {
          "metadata": {
            "operationMetadataId": "3f69a9e8-9b2f-4f23-b462-dd1033ff1632"
          },
          "type": "Request",
          "kind": "Button",
          "inputs": {
            "schema": {
              "type": "object",
              "properties": {},
              "required": []
            }
          }
        }
      },
      "actions": {
        "0330": {
          "actions": {
            "Get_file_content_2": {
              "runAfter": {},
              "metadata": {
                "b!GBbiBUOS202Mvt16kKu4fvomkfNOuXVKqO6Jvd2tWjhoSN6OwAu0QoEKkH-BVK8x.01DQRZCDLBXAE6IRQMF5A2X5MBSE77LIQW": "/Desktop/NLY_CHK_FASH_INVOICE_CH_20230905082641.csv",
                "operationMetadataId": "991a1f13-8cdf-4102-b17a-8a88802fe710",
                "b!GBbiBUOS202Mvt16kKu4fvomkfNOuXVKqO6Jvd2tWjhoSN6OwAu0QoEKkH-BVK8x.01DQRZCDLTDVBNR2TTWVB3L6BXMBY2M66R": "/Documents/Crown Project/ORDER_CROWN_GEN_THA029_20230419033200.csv",
                "b!GBbiBUOS202Mvt16kKu4fvomkfNOuXVKqO6Jvd2tWjhoSN6OwAu0QoEKkH-BVK8x.01DQRZCDNSSEDVBXGMEZEYTX5O4RC4EVFO": "/Documents/Crown Project/WFJ_POExport_SAVE_CHK-20240205230039.csv",
                "b!GBbiBUOS202Mvt16kKu4fvomkfNOuXVKqO6Jvd2tWjhoSN6OwAu0QoEKkH-BVK8x.01DQRZCDNJL4ANMXSAQFHJMLAJF4A33UZM": "/Crown POC Testing/WFJ_POExport_CHK_ANAPLAN_Import 2.csv",
                "b!GBbiBUOS202Mvt16kKu4fvomkfNOuXVKqO6Jvd2tWjhoSN6OwAu0QoEKkH-BVK8x.01DQRZCDIJG4VGKXMDPFGJ7ACHQMXJNLH6": "/Crown POC Testing/POC ZIP/WFJ_POExport_CHK_ANAPLAN_Import 2.csv"
              },
              "type": "OpenApiConnection",
              "inputs": {
                "host": {
                  "connectionName": "shared_onedriveforbusiness_1",
                  "operationId": "GetFileContent",
                  "apiId": "/providers/Microsoft.PowerApps/apis/shared_onedriveforbusiness"
                },
                "parameters": {
                  "id": "b!GBbiBUOS202Mvt16kKu4fvomkfNOuXVKqO6Jvd2tWjhoSN6OwAu0QoEKkH-BVK8x.01DQRZCDIJG4VGKXMDPFGJ7ACHQMXJNLH6",
                  "inferContentType": true
                },
                "authentication": {
                  "type": "Raw",
                  "value": "@json(decodeBase64(triggerOutputs().headers['X-MS-APIM-Tokens']))['$ConnectionKey']"
                }
              }
            },
            "NewLine_2": {
              "runAfter": {
                "Get_file_content_2": [
                  "Succeeded"
                ]
              },
              "metadata": {
                "operationMetadataId": "cb496a59-73f3-4e8e-ba0b-f1799f376beb"
              },
              "type": "Compose",
              "inputs": "\n"
            },
            "SplitByLine_2": {
              "runAfter": {
                "NewLine_2": [
                  "Succeeded"
                ]
              },
              "metadata": {
                "operationMetadataId": "7cddf335-cd91-4193-9cd9-8676d20028ac"
              },
              "type": "Compose",
              "inputs": "@split(outputs('Get_file_content_2')?['body'], 'HEADER')"
            },
            "Remove_First_Line_2": {
              "runAfter": {
                "SplitByLine_2": [
                  "Succeeded"
                ]
              },
              "metadata": {
                "operationMetadataId": "914347f8-7311-41f3-86fe-a522632a66c3"
              },
              "type": "Compose",
              "inputs": "@skip(outputs('SplitByLine_2'), 2)"
            },
            "Apply_to_each": {
              "foreach": "@outputs('Remove_First_Line_2')",
              "actions": {
                "HeaderItems_2": {
                  "runAfter": {},
                  "metadata": {
                    "operationMetadataId": "b70d7c09-42ea-4b8e-a7f6-4235468923f1"
                  },
                  "type": "Compose",
                  "inputs": "@items('Apply_to_each')"
                },
                "spl_2": {
                  "runAfter": {
                    "Compose_2": [
                      "Succeeded"
                    ]
                  },
                  "metadata": {
                    "operationMetadataId": "e4779a24-2639-43d8-80d3-9c1b1f9e1c60"
                  },
                  "type": "Compose",
                  "inputs": "@split(outputs('HeaderItems_2'), outputs('NewLine_2'))"
                },
                "Header_2": {
                  "runAfter": {
                    "Filter_array_2": [
                      "Succeeded"
                    ]
                  },
                  "metadata": {
                    "operationMetadataId": "6568990a-cde3-40e5-8103-1d32309a59ab"
                  },
                  "type": "Compose",
                  "inputs": "@outputs('spl_2')?[0]"
                },
                "Compose_2": {
                  "runAfter": {
                    "HeaderItems_2": [
                      "Succeeded"
                    ]
                  },
                  "metadata": {
                    "operationMetadataId": "abfc34af-4fae-4903-8305-3e97caf6fb48"
                  },
                  "type": "Compose",
                  "inputs": "@first(split(outputs('HeaderItems_2'), '\\n'))"
                },
                "Filter_array_2": {
                  "runAfter": {
                    "spl_2": [
                      "Succeeded"
                    ]
                  },
                  "metadata": {
                    "operationMetadataId": "a57e0299-95bf-4bdd-a4a9-96f3dc352e93"
                  },
                  "type": "Query",
                  "inputs": {
                    "from": "@outputs('spl_2')",
                    "where": "@startsWith(item(), 'Item')"
                  }
                },
                "Splitbycomma_2": {
                  "runAfter": {
                    "Header_2": [
                      "Succeeded"
                    ]
                  },
                  "metadata": {
                    "operationMetadataId": "2db6bf4d-996b-473e-ba80-0df542a096c5"
                  },
                  "type": "Compose",
                  "inputs": "@split(outputs('Header_2'), '|')"
                },
                "Json_for_Header_2": {
                  "runAfter": {
                    "Splitbycomma_2": [
                      "Succeeded"
                    ]
                  },
                  "metadata": {
                    "operationMetadataId": "e4bb2a64-4cda-4942-839e-9fd31cb1ee9f"
                  },
                  "type": "Compose",
                  "inputs": {
                    "TABNAME": "Header",
                    "PURCHID": "@{outputs('Splitbycomma_2')?[1]}",
                    "VENDORREF": "@{outputs('Splitbycomma_2')?[2]}",
                    "ORDERACCOUNT": "@{outputs('Splitbycomma_2')?[3]}",
                    "CUSTORDERREF": "@{outputs('Splitbycomma_2')?[4]}",
                    "PURCHNAME": "@{outputs('Splitbycomma_2')?[5]}",
                    "INVOICEACCOUNT": "@{outputs('Splitbycomma_2')?[6]}",
                    "DOCUMENTSTATUS": "@{outputs('Splitbycomma_2')?[7]}",
                    "PRICEGROUPID": "@{outputs('Splitbycomma_2')?[8]}",
                    "ACCOUNTINGDATE": "@{outputs('Splitbycomma_2')?[9]}",
                    "ORDERNATUREID": "@{outputs('Splitbycomma_2')?[10]}",
                    "ORDERSEASONID": "@{outputs('Splitbycomma_2')?[11]}",
                    "ORDERTYPEID": "@{outputs('Splitbycomma_2')?[12]}",
                    "CURRENCYCODE": "@{outputs('Splitbycomma_2')?[13]}",
                    "PURCHSTATUS": "@{outputs('Splitbycomma_2')?[14]}",
                    "DOCUMENTSTATE": "@{outputs('Splitbycomma_2')?[15]}",
                    "INVENTLOCATIONID": "@{outputs('Splitbycomma_2')?[16]}",
                    "INVENTSITEID": "@{outputs('Splitbycomma_2')?[17]}",
                    "PURCHPOOLID": "@{outputs('Splitbycomma_2')?[18]}",
                    "POSTINGPROFILE": "@{outputs('Splitbycomma_2')?[19]}",
                    "VENDGROUP": "@{outputs('Splitbycomma_2')?[20]}",
                    "LINEDISC": "@{outputs('Splitbycomma_2')?[21]}",
                    "DISCPERCENT": "@{outputs('Splitbycomma_2')?[22]}",
                    "DELIVERYNAME": "@{outputs('Splitbycomma_2')?[23]}",
                    "DELIVERYDATE": "@{outputs('Splitbycomma_2')?[24]}",
                    "DLVMODE": "@{outputs('Splitbycomma_2')?[25]}",
                    "DLVTERM": "@{outputs('Splitbycomma_2')?[26]}",
                    "INTERCOMPANYORIGINALCUSTACCOUNT": "@{outputs('Splitbycomma_2')?[27]}",
                    "INTERCOMPANYORIGINALSALESID": "@{outputs('Splitbycomma_2')?[28]}",
                    "CASHDISC": "@{outputs('Splitbycomma_2')?[29]}",
                    "CASHDISCPERCENT": "@{outputs('Splitbycomma_2')?[30]}",
                    "CASSSERVICEORDERID": "@{outputs('Splitbycomma_2')?[31]}",
                    "CONFIRMEDDLV": "@{outputs('Splitbycomma_2')?[32]}",
                    "CONFIRMEDDLVEARLIEST": "@{outputs('Splitbycomma_2')?[33]}",
                    "CONFIRMINGPO": "@{outputs('Splitbycomma_2')?[34]}",
                    "CONTACTPERSONID": "@{outputs('Splitbycomma_2')?[35]}",
                    "ENDDISC": "@{outputs('Splitbycomma_2')?[36]}",
                    "ITEMBUYERGROUPID": "@{outputs('Splitbycomma_2')?[37]}",
                    "MARKUPGROUP": "@{outputs('Splitbycomma_2')?[38]}",
                    "PAYMENT": "@{outputs('Splitbycomma_2')?[39]}",
                    "PAYMMODE": "@{outputs('Splitbycomma_2')?[40]}",
                    "REQUESTER": "@{outputs('Splitbycomma_2')?[41]}",
                    "RETURNITEMNUM": "@{outputs('Splitbycomma_2')?[42]}",
                    "RETURNREASONCODEID": "@{outputs('Splitbycomma_2')?[43]}",
                    "TAXGROUP": "@{outputs('Splitbycomma_2')?[44]}",
                    "VATNUM": "@{outputs('Splitbycomma_2')?[45]}",
                    "CLIENTCODE": "@{outputs('Splitbycomma_2')?[46]}",
                    "ORDERTYPEDESCRIPTION": "@{outputs('Splitbycomma_2')?[47]}",
                    "CENTRAL CAMPAIGN ID": "@{outputs('Splitbycomma_2')?[48]}",
                    "FILLER2": "@{outputs('Splitbycomma_2')?[49]}",
                    "FILLER3": "@{outputs('Splitbycomma_2')?[50]}",
                    "FILLER4": "@{outputs('Splitbycomma_2')?[51]}"
                  }
                },
                "Apply_to_each_for_ItemTracking__2": {
                  "foreach": "@outputs('ItemswithTracking_2')",
                  "actions": {
                    "ItemsTrackingSingleline_2": {
                      "runAfter": {},
                      "metadata": {
                        "operationMetadataId": "ec66595d-de73-4c39-bba7-501bfadc2a2f"
                      },
                      "type": "Compose",
                      "inputs": "@items('Apply_to_each_for_ItemTracking__2')"
                    },
                    "SplitItemsTracking_2": {
                      "runAfter": {
                        "ItemsTrackingSingleline_2": [
                          "Succeeded"
                        ]
                      },
                      "metadata": {
                        "operationMetadataId": "74c75738-c611-4e19-950f-dcad14c2d212"
                      },
                      "type": "Compose",
                      "inputs": "@split(outputs('ItemsTrackingSingleline_2'), '|')"
                    },
                    "JsonforLines_2": {
                      "runAfter": {
                        "SplitItemsTracking_2": [
                          "Succeeded"
                        ]
                      },
                      "metadata": {
                        "operationMetadataId": "8d173352-b6df-4b70-9dd2-eb507013f8de"
                      },
                      "type": "Compose",
                      "inputs": {
                        "TABNAME": "LINE",
                        "PURCHID": "@{outputs('SplitItemsTracking_2')?[1]}",
                        "CUSTOMERREF": "@{outputs('SplitItemsTracking_2')?[2]}",
                        "VENDACCOUNT": "@{outputs('SplitItemsTracking_2')?[3]}",
                        "ITEMID": "@{outputs('SplitItemsTracking_2')?[4]}",
                        "NAME": "@{outputs('SplitItemsTracking_2')?[5]}",
                        "BARCODE": "@{outputs('SplitItemsTracking_2')?[6]}",
                        "PURCHQTY": "@{outputs('SplitItemsTracking_2')?[7]}",
                        "EXPORTLINENUM": "@{outputs('SplitItemsTracking_2')?[8]}",
                        "QTYORDERED": "@{outputs('SplitItemsTracking_2')?[9]}",
                        "LINEAMOUNT": "@{outputs('SplitItemsTracking_2')?[10]}",
                        "LINEDISC": "@{outputs('SplitItemsTracking_2')?[11]}",
                        "LINENUMBER": "@{outputs('SplitItemsTracking_2')?[12]}",
                        "CURRENCYCODE": "@{outputs('SplitItemsTracking_2')?[13]}",
                        "PURCHSTATUS": "@{outputs('SplitItemsTracking_2')?[14]}",
                        "PURCHASETYPE": "@{outputs('SplitItemsTracking_2')?[15]}",
                        "PROCUREMENTCATEGORY": "@{outputs('SplitItemsTracking_2')?[16]}",
                        "PURCHUNIT": "@{outputs('SplitItemsTracking_2')?[17]}",
                        "PURCHMARKUP": "@{outputs('SplitItemsTracking_2')?[18]}",
                        "PURCHPRICE": "@{outputs('SplitItemsTracking_2')?[19]}",
                        "VENDGROUP": "@{outputs('SplitItemsTracking_2')?[20]}",
                        "PRICEUNIT": "@{outputs('SplitItemsTracking_2')?[21]}",
                        "LINEPERCENT": "@{outputs('SplitItemsTracking_2')?[22]}",
                        "DELIVERYNAME": "@{outputs('SplitItemsTracking_2')?[23]}",
                        "DELIVERYDATE": "@{outputs('SplitItemsTracking_2')?[24]}",
                        "DELIVERYTYPE": "@{outputs('SplitItemsTracking_2')?[25]}",
                        "BARCODETYPE": "@{outputs('SplitItemsTracking_2')?[26]}",
                        "BLOCKED": "@{outputs('SplitItemsTracking_2')?[27]}",
                        "EDIPURCHSTATUS": "@{outputs('SplitItemsTracking_2')?[28]}",
                        "SEASONTARIFFID": "@{outputs('SplitItemsTracking_2')?[29]}",
                        "CONFIRMEDDLV": "@{outputs('SplitItemsTracking_2')?[30]}",
                        "DISCAMOUNT": "@{outputs('SplitItemsTracking_2')?[31]}",
                        "DISCPERCENT": "@{outputs('SplitItemsTracking_2')?[32]}",
                        "EXTERNALITEMID": "@{outputs('SplitItemsTracking_2')?[33]}",
                        "ISFINALIZED": "@{outputs('SplitItemsTracking_2')?[34]}",
                        "ITEMTAGGING": "@{outputs('SplitItemsTracking_2')?[35]}",
                        "MULTILNDISC": "@{outputs('SplitItemsTracking_2')?[36]}",
                        "MULTILNPERCENT": "@{outputs('SplitItemsTracking_2')?[37]}",
                        "OVERDELIVERYPCT": "@{outputs('SplitItemsTracking_2')?[38]}",
                        "REMAINDER": "@{outputs('SplitItemsTracking_2')?[39]}",
                        "REMAININVENTFINANCIAL": "@{outputs('SplitItemsTracking_2')?[40]}",
                        "REMAININVENTPHYSICAL": "@{outputs('SplitItemsTracking_2')?[41]}",
                        "REMAINPURCHFINANCIAL": "@{outputs('SplitItemsTracking_2')?[42]}",
                        "REMAINPURCHPHYSICAL": "@{outputs('SplitItemsTracking_2')?[43]}",
                        "REQUESTER": "@{outputs('SplitItemsTracking_2')?[44]}",
                        "SCRAP": "@{outputs('SplitItemsTracking_2')?[45]}",
                        "TAXGROUP": "@{outputs('SplitItemsTracking_2')?[46]}",
                        "TAXITEMGROUP": "@{outputs('SplitItemsTracking_2')?[47]}",
                        "SIZE": "@{outputs('SplitItemsTracking_2')?[48]}",
                        "COLOR": "@{outputs('SplitItemsTracking_2')?[49]}",
                        "VARIANTNUMBER": "@{outputs('SplitItemsTracking_2')?[50]}",
                        "SEASON": "@{outputs('SplitItemsTracking_2')?[51]}",
                        "CONFIGURATION": "@{outputs('SplitItemsTracking_2')?[52]}",
                        "BATCHNUMBER": "@{outputs('SplitItemsTracking_2')?[53]}",
                        "SERIALNUMBER": "@{outputs('SplitItemsTracking_2')?[54]}",
                        "LOCATION": "@{outputs('SplitItemsTracking_2')?[55]}",
                        "PALLETID": "@{outputs('SplitItemsTracking_2')?[56]}",
                        "REFERENCELOT": "@{outputs('SplitItemsTracking_2')?[57]}",
                        "TRANSACTIONCODE": "@{outputs('SplitItemsTracking_2')?[58]}",
                        "STATISTICSPROCEDURE": "@{outputs('SplitItemsTracking_2')?[59]}",
                        "TRANSPORT": "@{outputs('SplitItemsTracking_2')?[60]}",
                        "PORT": "@{outputs('SplitItemsTracking_2')?[61]}",
                        "STOCKEXCHANGENUMBER": "@{outputs('SplitItemsTracking_2')?[62]}",
                        "FILLER1": "@{outputs('SplitItemsTracking_2')?[63]}",
                        "FILLER2": "@{outputs('SplitItemsTracking_2')?[64]}",
                        "FILLER3": "@{outputs('SplitItemsTracking_2')?[65]}",
                        "FILLER4 ": "@{outputs('SplitItemsTracking_2')?[66]}"
                      }
                    },
                    "Parse_JSON_for_Lines": {
                      "runAfter": {
                        "JsonforLines_2": [
                          "Succeeded"
                        ]
                      },
                      "metadata": {
                        "operationMetadataId": "e5e0b2b8-63ab-44f9-8488-561e72e3fb13"
                      },
                      "type": "ParseJson",
                      "inputs": {
                        "content": "@outputs('JsonforLines_2')",
                        "schema": {
                          "type": "object",
                          "properties": {
                            "TABNAME": {
                              "type": "string"
                            },
                            "PURCHID": {
                              "type": "string"
                            },
                            "CUSTOMERREF": {
                              "type": "string"
                            },
                            "VENDACCOUNT": {
                              "type": "string"
                            },
                            "ITEMID": {
                              "type": "string"
                            },
                            "NAME": {
                              "type": "string"
                            },
                            "BARCODE": {
                              "type": "string"
                            },
                            "PURCHQTY": {
                              "type": "string"
                            },
                            "EXPORTLINENUM": {
                              "type": "string"
                            },
                            "QTYORDERED": {
                              "type": "string"
                            },
                            "LINEAMOUNT": {
                              "type": "string"
                            },
                            "LINEDISC": {
                              "type": "string"
                            },
                            "LINENUMBER": {
                              "type": "string"
                            },
                            "CURRENCYCODE": {
                              "type": "string"
                            },
                            "PURCHSTATUS": {
                              "type": "string"
                            },
                            "PURCHASETYPE": {
                              "type": "string"
                            },
                            "PROCUREMENTCATEGORY": {
                              "type": "string"
                            },
                            "PURCHUNIT": {
                              "type": "string"
                            },
                            "PURCHMARKUP": {
                              "type": "string"
                            },
                            "PURCHPRICE": {
                              "type": "string"
                            },
                            "VENDGROUP": {
                              "type": "string"
                            },
                            "PRICEUNIT": {
                              "type": "string"
                            },
                            "LINEPERCENT": {
                              "type": "string"
                            },
                            "DELIVERYNAME": {
                              "type": "string"
                            },
                            "DELIVERYDATE": {
                              "type": "string"
                            },
                            "DELIVERYTYPE": {
                              "type": "string"
                            },
                            "BARCODETYPE": {
                              "type": "string"
                            },
                            "BLOCKED": {
                              "type": "string"
                            },
                            "EDIPURCHSTATUS": {
                              "type": "string"
                            },
                            "SEASONTARIFFID": {
                              "type": "string"
                            },
                            "CONFIRMEDDLV": {
                              "type": "string"
                            },
                            "DISCAMOUNT": {
                              "type": "string"
                            },
                            "DISCPERCENT": {
                              "type": "string"
                            },
                            "EXTERNALITEMID": {
                              "type": "string"
                            },
                            "ISFINALIZED": {
                              "type": "string"
                            },
                            "ITEMTAGGING": {
                              "type": "string"
                            },
                            "MULTILNDISC": {
                              "type": "string"
                            },
                            "MULTILNPERCENT": {
                              "type": "string"
                            },
                            "OVERDELIVERYPCT": {
                              "type": "string"
                            },
                            "REMAINDER": {
                              "type": "string"
                            },
                            "REMAININVENTFINANCIAL": {
                              "type": "string"
                            },
                            "REMAININVENTPHYSICAL": {
                              "type": "string"
                            },
                            "REMAINPURCHFINANCIAL": {
                              "type": "string"
                            },
                            "REMAINPURCHPHYSICAL": {
                              "type": "string"
                            },
                            "REQUESTER": {
                              "type": "string"
                            },
                            "SCRAP": {
                              "type": "string"
                            },
                            "TAXGROUP": {
                              "type": "string"
                            },
                            "TAXITEMGROUP": {
                              "type": "string"
                            },
                            "SIZE": {
                              "type": "string"
                            },
                            "COLOR": {
                              "type": "string"
                            },
                            "VARIANTNUMBER": {
                              "type": "string"
                            },
                            "SEASON": {
                              "type": "string"
                            },
                            "CONFIGURATION": {
                              "type": "string"
                            },
                            "BATCHNUMBER": {
                              "type": "string"
                            },
                            "SERIALNUMBER": {
                              "type": "string"
                            },
                            "LOCATION": {
                              "type": "string"
                            },
                            "PALLETID": {
                              "type": "string"
                            },
                            "REFERENCELOT": {
                              "type": "string"
                            },
                            "TRANSACTIONCODE": {
                              "type": "string"
                            },
                            "STATISTICSPROCEDURE": {
                              "type": "string"
                            },
                            "TRANSPORT": {
                              "type": "string"
                            },
                            "PORT": {
                              "type": "string"
                            },
                            "STOCKEXCHANGENUMBER": {
                              "type": "string"
                            },
                            "FILLER1": {
                              "type": "string"
                            },
                            "FILLER2": {
                              "type": "string"
                            },
                            "FILLER3": {
                              "type": "string"
                            },
                            "FILLER4 ": {
                              "type": "string"
                            }
                          }
                        }
                      }
                    },
                    "Create_item_for_Lines": {
                      "runAfter": {
                        "Parse_JSON_for_Lines": [
                          "Succeeded"
                        ]
                      },
                      "metadata": {
                        "operationMetadataId": "44d7ca52-1f09-4726-9749-12f65fac9ff5"
                      },
                      "type": "OpenApiConnection",
                      "inputs": {
                        "host": {
                          "connectionName": "shared_sharepointonline",
                          "operationId": "PostItem",
                          "apiId": "/providers/Microsoft.PowerApps/apis/shared_sharepointonline"
                        },
                        "parameters": {
                          "dataset": "https://capgemini.sharepoint.com/sites/Mysite993",
                          "table": "7fc2e8f2-913a-4e69-b090-35aa6f81d16a",
                          "item/PurchID": "@body('Parse_JSON_for_Lines')?['PURCHID']",
                          "item/CustomerRef": "@body('Parse_JSON_for_Lines')?['CUSTOMERREF']",
                          "item/VendAccount": "@body('Parse_JSON_for_Lines')?['VENDACCOUNT']",
                          "item/ItemID": "@body('Parse_JSON_for_Lines')?['ITEMID']",
                          "item/Name": "@body('Parse_JSON_for_Lines')?['NAME']",
                          "item/Barcode": "@body('Parse_JSON_for_Lines')?['BARCODE']",
                          "item/PurchQty": "@body('Parse_JSON_for_Lines')?['PURCHQTY']",
                          "item/LineNumber": "@body('Parse_JSON_for_Lines')?['LINENUMBER']",
                          "item/PurchStatus": "@body('Parse_JSON_for_Lines')?['PURCHSTATUS']",
                          "item/RemainInventPhysical": "@body('Parse_JSON_for_Lines')?['REMAININVENTPHYSICAL']",
                          "item/Size": "@body('Parse_JSON_for_Lines')?['SIZE']",
                          "item/EffectiveCancellationQty": 0
                        },
                        "authentication": {
                          "type": "Raw",
                          "value": "@json(decodeBase64(triggerOutputs().headers['X-MS-APIM-Tokens']))['$ConnectionKey']"
                        }
                      }
                    }
                  },
                  "runAfter": {
                    "ItemswithTracking_2": [
                      "Succeeded"
                    ]
                  },
                  "metadata": {
                    "operationMetadataId": "a4e7680d-380a-4b8e-a358-69a88dc27631"
                  },
                  "type": "Foreach"
                },
                "ITEMSHEADER_2": {
                  "runAfter": {
                    "Items_2": [
                      "Succeeded"
                    ]
                  },
                  "metadata": {
                    "operationMetadataId": "9a194c6c-f456-4ad4-81ec-70953c982632"
                  },
                  "type": "Compose",
                  "inputs": "@split(outputs('HeaderItems_2'), 'LINE')"
                },
                "Items_2": {
                  "runAfter": {
                    "Create_item_for_Header": [
                      "Succeeded"
                    ]
                  },
                  "metadata": {
                    "operationMetadataId": "6fde636c-631d-491c-a209-bb2078f91923"
                  },
                  "type": "Compose",
                  "inputs": "@skip(outputs('spl_2'), 1)"
                },
                "ItemswithTracking_2": {
                  "runAfter": {
                    "ITEMSHEADER_2": [
                      "Succeeded"
                    ]
                  },
                  "metadata": {
                    "operationMetadataId": "efe3e546-7f19-40c5-a1aa-8461c2fc6a6a"
                  },
                  "type": "Compose",
                  "inputs": "@skip(outputs('ITEMSHEADER_2'), 1)"
                },
                "Parse_JSON": {
                  "runAfter": {
                    "Json_for_Header_2": [
                      "Succeeded"
                    ]
                  },
                  "metadata": {
                    "operationMetadataId": "cadd58d8-9410-4ef7-afbb-af512a3fd7f3"
                  },
                  "type": "ParseJson",
                  "inputs": {
                    "content": "@outputs('Json_for_Header_2')",
                    "schema": {
                      "type": "object",
                      "properties": {
                        "TABNAME": {
                          "type": "string"
                        },
                        "PURCHID": {
                          "type": "string"
                        },
                        "VENDORREF": {
                          "type": "string"
                        },
                        "ORDERACCOUNT": {
                          "type": "string"
                        },
                        "CUSTORDERREF": {
                          "type": "string"
                        },
                        "PURCHNAME": {
                          "type": "string"
                        },
                        "INVOICEACCOUNT": {
                          "type": "string"
                        },
                        "DOCUMENTSTATUS": {
                          "type": "string"
                        },
                        "PRICEGROUPID": {
                          "type": "string"
                        },
                        "ACCOUNTINGDATE": {
                          "type": "string"
                        },
                        "ORDERNATUREID": {
                          "type": "string"
                        },
                        "ORDERSEASONID": {
                          "type": "string"
                        },
                        "ORDERTYPEID": {
                          "type": "string"
                        },
                        "CURRENCYCODE": {
                          "type": "string"
                        },
                        "PURCHSTATUS": {
                          "type": "string"
                        },
                        "DOCUMENTSTATE": {
                          "type": "string"
                        },
                        "INVENTLOCATIONID": {
                          "type": "string"
                        },
                        "INVENTSITEID": {
                          "type": "string"
                        },
                        "PURCHPOOLID": {
                          "type": "string"
                        },
                        "POSTINGPROFILE": {
                          "type": "string"
                        },
                        "VENDGROUP": {
                          "type": "string"
                        },
                        "LINEDISC": {
                          "type": "string"
                        },
                        "DISCPERCENT": {
                          "type": "string"
                        },
                        "DELIVERYNAME": {
                          "type": "string"
                        },
                        "DELIVERYDATE": {
                          "type": "string"
                        },
                        "DLVMODE": {
                          "type": "string"
                        },
                        "DLVTERM": {
                          "type": "string"
                        },
                        "INTERCOMPANYORIGINALCUSTACCOUNT": {
                          "type": "string"
                        },
                        "INTERCOMPANYORIGINALSALESID": {
                          "type": "string"
                        },
                        "CASHDISC": {
                          "type": "string"
                        },
                        "CASHDISCPERCENT": {
                          "type": "string"
                        },
                        "CASSSERVICEORDERID": {
                          "type": "string"
                        },
                        "CONFIRMEDDLV": {
                          "type": "string"
                        },
                        "CONFIRMEDDLVEARLIEST": {
                          "type": "string"
                        },
                        "CONFIRMINGPO": {
                          "type": "string"
                        },
                        "CONTACTPERSONID": {
                          "type": "string"
                        },
                        "ENDDISC": {
                          "type": "string"
                        },
                        "ITEMBUYERGROUPID": {
                          "type": "string"
                        },
                        "MARKUPGROUP": {
                          "type": "string"
                        },
                        "PAYMENT": {
                          "type": "string"
                        },
                        "PAYMMODE": {
                          "type": "string"
                        },
                        "REQUESTER": {
                          "type": "string"
                        },
                        "RETURNITEMNUM": {
                          "type": "string"
                        },
                        "RETURNREASONCODEID": {
                          "type": "string"
                        },
                        "TAXGROUP": {
                          "type": "string"
                        },
                        "VATNUM": {
                          "type": "string"
                        },
                        "CLIENTCODE": {
                          "type": "string"
                        },
                        "ORDERTYPEDESCRIPTION": {
                          "type": "string"
                        },
                        "CENTRAL CAMPAIGN ID": {
                          "type": "string"
                        },
                        "FILLER2": {
                          "type": "string"
                        },
                        "FILLER3": {
                          "type": "string"
                        },
                        "FILLER4": {
                          "type": "string"
                        }
                      }
                    }
                  }
                },
                "Create_item_for_Header": {
                  "runAfter": {
                    "Parse_JSON": [
                      "Succeeded"
                    ]
                  },
                  "metadata": {
                    "operationMetadataId": "58040478-1c7b-4dc3-8f49-0417dfc35bcc"
                  },
                  "type": "OpenApiConnection",
                  "inputs": {
                    "host": {
                      "connectionName": "shared_sharepointonline",
                      "operationId": "PostItem",
                      "apiId": "/providers/Microsoft.PowerApps/apis/shared_sharepointonline"
                    },
                    "parameters": {
                      "dataset": "https://capgemini.sharepoint.com/sites/Mysite993",
                      "table": "df49d078-9d1b-4dd9-ad25-3e7cc699f782",
                      "item/PurchID": "@body('Parse_JSON')?['PURCHID']",
                      "item/VendorRef": "@body('Parse_JSON')?['VENDORREF']",
                      "item/OrderAccount": "@body('Parse_JSON')?['ORDERACCOUNT']",
                      "item/CustOrderRef": "@body('Parse_JSON')?['CUSTORDERREF']",
                      "item/PurchName": "@body('Parse_JSON')?['PURCHNAME']",
                      "item/InvoiceAccount": "@body('Parse_JSON')?['INVOICEACCOUNT']",
                      "item/DocumentStatus": "@body('Parse_JSON')?['DOCUMENTSTATUS']",
                      "item/OrderTypeID": "@body('Parse_JSON')?['ORDERTYPEID']",
                      "item/CurrencyCode": "@body('Parse_JSON')?['CURRENCYCODE']",
                      "item/PurchStatus": "@body('Parse_JSON')?['PURCHSTATUS']",
                      "item/DeliveryName": "@body('Parse_JSON')?['DELIVERYNAME']",
                      "item/InterCompanyOriginalCustAccount": "@body('Parse_JSON')?['INTERCOMPANYORIGINALCUSTACCOUNT']",
                      "item/InterCompanyOriginalSalesID": "@body('Parse_JSON')?['INTERCOMPANYORIGINALSALESID']",
                      "item/ClientCode": "@body('Parse_JSON')?['CLIENTCODE']",
                      "item/CentralCampaignID": "@body('Parse_JSON')?['CENTRAL CAMPAIGN ID']",
                      "item/ReceivedInCrown": "No"
                    },
                    "authentication": {
                      "type": "Raw",
                      "value": "@json(decodeBase64(triggerOutputs().headers['X-MS-APIM-Tokens']))['$ConnectionKey']"
                    }
                  }
                }
              },
              "runAfter": {
                "Remove_First_Line_2": [
                  "Succeeded"
                ]
              },
              "metadata": {
                "operationMetadataId": "fcafaf8f-4774-45d5-ad38-ed28e686fc29"
              },
              "type": "Foreach"
            }
          },
          "runAfter": {},
          "metadata": {
            "operationMetadataId": "0a80da93-a4ee-4cf7-baed-6ea4323909ae"
          },
          "type": "Scope"
        }
      },
      "outputs": {}
    },
    "templateName": "78720f54e49444d0bd456477288a7ef7"
  },
  "schemaVersion": "1.0.0.0"
}