{
  "properties": {
    "connectionReferences": {
      "shared_excelonlinebusiness": {
        "runtimeSource": "invoker",
        "connection": {
          "connectionReferenceLogicalName": "crownpro_sharedexcelonlinebusiness_d7eff"
        },
        "api": {
          "name": "shared_excelonlinebusiness"
        }
      },
      "shared_excelonlinebusiness_1": {
        "runtimeSource": "invoker",
        "connection": {
          "connectionReferenceLogicalName": "crownpro_sharedexcelonlinebusiness_a1221"
        },
        "api": {
          "name": "shared_excelonlinebusiness"
        }
      }
    },
    "definition": {
      "$schema": "https://schema.management.azure.com/providers/Microsoft.Logic/schemas/2016-06-01/workflowdefinition.json#",
      "contentVersion": "1.0.0.0",
      "parameters": {
        "$connections": {
          "defaultValue": {},
          "type": "Object"
        },
        "$authentication": {
          "defaultValue": {},
          "type": "SecureObject"
        }
      },
      "triggers": {
        "manual": {
          "metadata": {
            "operationMetadataId": "3d242dd9-f017-4f58-acb3-2a4901cd7d56"
          },
          "type": "Request",
          "kind": "Button",
          "inputs": {
            "schema": {
              "type": "object",
              "properties": {},
              "required": []
            }
          }
        }
      },
      "actions": {
        "List_rows_present_in_a_table": {
          "runAfter": {},
          "metadata": {
            "01EELTDUSVYWK5MVUB3ZE2UDZSWQZKMSYD": "/sample data new.xlsx",
            "operationMetadataId": "5343359d-e42b-4ae5-b68b-1ea258e80314",
            "tableId": "{010BC93B-EDF0-446D-911F-5E9F90FC0742}"
          },
          "type": "OpenApiConnection",
          "inputs": {
            "host": {
              "apiId": "/providers/Microsoft.PowerApps/apis/shared_excelonlinebusiness",
              "connectionName": "shared_excelonlinebusiness",
              "operationId": "GetItems"
            },
            "parameters": {
              "source": "me",
              "drive": "b!wYfPYs6IE0uVIKgvaLgTlxS9hxEI1-lFi-x3yOSm5lMGQhlVc-PNQYdgdzAGNaDD",
              "file": "01EELTDUSVYWK5MVUB3ZE2UDZSWQZKMSYD",
              "table": "{010BC93B-EDF0-446D-911F-5E9F90FC0742}"
            },
            "authentication": {
              "value": "@json(decodeBase64(triggerOutputs().headers['X-MS-APIM-Tokens']))['$ConnectionKey']",
              "type": "Raw"
            }
          }
        },
        "Initialize_variable": {
          "runAfter": {
            "List_rows_present_in_a_table": [
              "Succeeded"
            ]
          },
          "metadata": {
            "operationMetadataId": "0d546c2a-4251-4508-899c-17cc53a16450"
          },
          "type": "InitializeVariable",
          "inputs": {
            "variables": [
              {
                "name": "purch qty Y",
                "type": "array"
              }
            ]
          }
        },
        "Select": {
          "runAfter": {
            "Initialize_variable_3": [
              "Succeeded"
            ]
          },
          "metadata": {
            "operationMetadataId": "fc62a022-f16f-4095-82c3-a7565477d648"
          },
          "type": "Select",
          "inputs": {
            "from": "@outputs('List_rows_present_in_a_table')?['body/value']",
            "select": "@item()?['Barcodes']"
          }
        },
        "Compose": {
          "runAfter": {
            "Select": [
              "Succeeded"
            ]
          },
          "metadata": {
            "operationMetadataId": "e1a47d9b-bd10-4ab0-acb7-2eb6dce31b64"
          },
          "type": "Compose",
          "inputs": "@union(body('Select'),body('Select'))"
        },
        "Apply_to_each": {
          "foreach": "@outputs('Compose')",
          "actions": {
            "Apply_to_each_2": {
              "foreach": "@outputs('List_rows_present_in_a_table')?['body/value']",
              "actions": {
                "Condition": {
                  "actions": {
                    "Condition_2": {
                      "actions": {
                        "Append_to_array_variable": {
                          "runAfter": {},
                          "metadata": {
                            "operationMetadataId": "66052a25-14cd-48ff-a542-39f05a4866e2"
                          },
                          "type": "AppendToArrayVariable",
                          "inputs": {
                            "name": "purch qty Y",
                            "value": "@items('Apply_to_each_2')?['Purch qty']"
                          }
                        },
                        "Add_a_row_into_a_table": {
                          "runAfter": {
                            "Append_to_array_variable": [
                              "Succeeded"
                            ]
                          },
                          "metadata": {
                            "01EELTDUSVYWK5MVUB3ZE2UDZSWQZKMSYD": "/sample data new.xlsx",
                            "operationMetadataId": "47ca8de7-1401-42c6-90e6-8be21ba2fa74"
                          },
                          "type": "OpenApiConnection",
                          "inputs": {
                            "host": {
                              "apiId": "/providers/Microsoft.PowerApps/apis/shared_excelonlinebusiness",
                              "connectionName": "shared_excelonlinebusiness_1",
                              "operationId": "AddRowV2"
                            },
                            "parameters": {
                              "source": "me",
                              "drive": "b!wYfPYs6IE0uVIKgvaLgTlxS9hxEI1-lFi-x3yOSm5lMGQhlVc-PNQYdgdzAGNaDD",
                              "file": "01EELTDUSVYWK5MVUB3ZE2UDZSWQZKMSYD",
                              "table": "{82DA7D98-826F-4EE8-9B48-F058E475B09F}",
                              "item/Barcodes": "@items('Apply_to_each_2')?['Barcodes']",
                              "item/Purch qty": "@items('Apply_to_each_2')?['Purch qty']",
                              "item/Cancelled flag ": "@items('Apply_to_each_2')?['Column1']"
                            },
                            "authentication": {
                              "value": "@json(decodeBase64(triggerOutputs().headers['X-MS-APIM-Tokens']))['$ConnectionKey']",
                              "type": "Raw"
                            }
                          }
                        }
                      },
                      "runAfter": {},
                      "else": {
                        "actions": {
                          "Append_to_array_variable_2": {
                            "runAfter": {},
                            "metadata": {
                              "operationMetadataId": "91d6da5d-0e04-4f89-b34d-cc74d6a52776"
                            },
                            "type": "AppendToArrayVariable",
                            "inputs": {
                              "name": "purch qty N",
                              "value": "@items('Apply_to_each_2')?['Purch qty']"
                            }
                          }
                        }
                      },
                      "expression": {
                        "equals": [
                          "@items('Apply_to_each_2')?['Column1']",
                          "Y"
                        ]
                      },
                      "metadata": {
                        "operationMetadataId": "c499fd9d-73af-4afe-99b5-4b9e11d850a9"
                      },
                      "type": "If"
                    }
                  },
                  "runAfter": {},
                  "expression": {
                    "equals": [
                      "@items('Apply_to_each')",
                      "@items('Apply_to_each_2')?['Barcodes']"
                    ]
                  },
                  "metadata": {
                    "operationMetadataId": "2240b4a3-b263-446e-9c5c-201481c0c0fc"
                  },
                  "type": "If"
                }
              },
              "runAfter": {},
              "metadata": {
                "operationMetadataId": "ff8a77ab-778e-4651-a50b-3e9a66904d81"
              },
              "type": "Foreach"
            },
            "Compose_8": {
              "runAfter": {
                "Select_2": [
                  "Succeeded"
                ]
              },
              "metadata": {
                "operationMetadataId": "d4818f52-48ca-4595-9709-95e587cf80ce"
              },
              "type": "Compose",
              "inputs": {
                "root": {
                  "Numbers": "@body('Select_2')"
                }
              }
            },
            "Compose_9": {
              "runAfter": {
                "Compose_8": [
                  "Succeeded"
                ]
              },
              "metadata": {
                "operationMetadataId": "b4813372-7440-4fc7-ae9b-adf40ffcc894"
              },
              "type": "Compose",
              "inputs": "@xpath(xml(outputs('Compose_8')), 'sum(/root/Numbers)')"
            },
            "Compose_10": {
              "runAfter": {
                "Apply_to_each_3": [
                  "Succeeded"
                ]
              },
              "metadata": {
                "operationMetadataId": "1d15ea86-8f77-4110-b176-9680c3ece9f3"
              },
              "type": "Compose",
              "inputs": "@variables('purch qty Y')"
            },
            "List_rows_present_in_a_table_2": {
              "runAfter": {
                "Apply_to_each_2": [
                  "Succeeded"
                ]
              },
              "metadata": {
                "01EELTDUSVYWK5MVUB3ZE2UDZSWQZKMSYD": "/sample data new.xlsx",
                "operationMetadataId": "c2707524-b4cd-4113-bce8-c3fa58f58c74"
              },
              "type": "OpenApiConnection",
              "inputs": {
                "host": {
                  "apiId": "/providers/Microsoft.PowerApps/apis/shared_excelonlinebusiness",
                  "connectionName": "shared_excelonlinebusiness_1",
                  "operationId": "GetItems"
                },
                "parameters": {
                  "source": "me",
                  "drive": "b!wYfPYs6IE0uVIKgvaLgTlxS9hxEI1-lFi-x3yOSm5lMGQhlVc-PNQYdgdzAGNaDD",
                  "file": "01EELTDUSVYWK5MVUB3ZE2UDZSWQZKMSYD",
                  "table": "{82DA7D98-826F-4EE8-9B48-F058E475B09F}"
                },
                "authentication": {
                  "value": "@json(decodeBase64(triggerOutputs().headers['X-MS-APIM-Tokens']))['$ConnectionKey']",
                  "type": "Raw"
                }
              }
            },
            "Select_2": {
              "runAfter": {
                "List_rows_present_in_a_table_2": [
                  "Succeeded"
                ]
              },
              "metadata": {
                "operationMetadataId": "641291e4-1af2-4246-a6f3-d6c5a4f9400d"
              },
              "type": "Select",
              "inputs": {
                "from": "@outputs('List_rows_present_in_a_table_2')?['body/value']",
                "select": "@item()?['Purch qty']"
              }
            },
            "Apply_to_each_3": {
              "foreach": "@outputs('List_rows_present_in_a_table_2')?['body/value']",
              "actions": {
                "Delete_a_row": {
                  "runAfter": {},
                  "metadata": {
                    "01EELTDUSVYWK5MVUB3ZE2UDZSWQZKMSYD": "/sample data new.xlsx",
                    "operationMetadataId": "d98f6f2e-3c39-4c0b-8495-63e87d04736f"
                  },
                  "type": "OpenApiConnection",
                  "inputs": {
                    "host": {
                      "apiId": "/providers/Microsoft.PowerApps/apis/shared_excelonlinebusiness",
                      "connectionName": "shared_excelonlinebusiness_1",
                      "operationId": "DeleteItem"
                    },
                    "parameters": {
                      "source": "me",
                      "drive": "b!wYfPYs6IE0uVIKgvaLgTlxS9hxEI1-lFi-x3yOSm5lMGQhlVc-PNQYdgdzAGNaDD",
                      "file": "01EELTDUSVYWK5MVUB3ZE2UDZSWQZKMSYD",
                      "table": "{82DA7D98-826F-4EE8-9B48-F058E475B09F}",
                      "idColumn": "Cancelled flag ",
                      "id": "Y"
                    },
                    "authentication": {
                      "value": "@json(decodeBase64(triggerOutputs().headers['X-MS-APIM-Tokens']))['$ConnectionKey']",
                      "type": "Raw"
                    }
                  }
                }
              },
              "runAfter": {
                "Compose_9": [
                  "Succeeded"
                ]
              },
              "metadata": {
                "operationMetadataId": "a66c5676-3e88-4d82-9be2-f084d90ed758"
              },
              "type": "Foreach"
            }
          },
          "runAfter": {
            "Compose": [
              "Succeeded"
            ]
          },
          "metadata": {
            "operationMetadataId": "475e805c-5f5c-463d-8a2d-40edb04781f2"
          },
          "type": "Foreach"
        },
        "Compose_2": {
          "runAfter": {
            "Apply_to_each": [
              "Succeeded"
            ]
          },
          "metadata": {
            "operationMetadataId": "1bddf465-30ef-4e30-8833-d2f93fbe076b"
          },
          "type": "Compose",
          "inputs": "@variables('purch qty Y')"
        },
        "Initialize_variable_2": {
          "runAfter": {
            "Initialize_variable": [
              "Succeeded"
            ]
          },
          "metadata": {
            "operationMetadataId": "6e2ec139-b3e1-44db-82b7-572696b1093e"
          },
          "type": "InitializeVariable",
          "inputs": {
            "variables": [
              {
                "name": "purch qty N",
                "type": "array"
              }
            ]
          }
        },
        "Compose_3": {
          "runAfter": {
            "Compose_2": [
              "Succeeded"
            ]
          },
          "metadata": {
            "operationMetadataId": "90105f49-7b78-466f-9724-efe0a387e4c6"
          },
          "type": "Compose",
          "inputs": "@variables('purch qty N')"
        },
        "Initialize_variable_3": {
          "runAfter": {
            "Initialize_variable_4": [
              "Succeeded"
            ]
          },
          "metadata": {
            "operationMetadataId": "36753956-df2e-44cc-b2cd-3b9351de3e35"
          },
          "type": "InitializeVariable",
          "inputs": {
            "variables": [
              {
                "name": "sumpurchqty Y",
                "type": "integer"
              }
            ]
          }
        },
        "Compose_4": {
          "runAfter": {
            "Apply_to_each_4": [
              "Succeeded"
            ]
          },
          "metadata": {
            "operationMetadataId": "1d3e7a44-038b-4016-9110-85187f686a7a"
          },
          "type": "Compose",
          "inputs": "@variables('sumpurchqty Y')"
        },
        "Apply_to_each_4": {
          "foreach": "@variables('purch qty Y')",
          "actions": {
            "Compose_6": {
              "runAfter": {},
              "metadata": {
                "operationMetadataId": "6866f4d9-7041-4474-9110-77620e3916c1"
              },
              "type": "Compose",
              "inputs": "@int(item())"
            },
            "Compose_7": {
              "runAfter": {
                "Compose_6": [
                  "Succeeded"
                ]
              },
              "metadata": {
                "operationMetadataId": "9c1c29c0-2d44-4baa-9abb-f24a9067fea7"
              },
              "type": "Compose",
              "inputs": "@add(outputs('Compose_6'), variables('sumpurchqty Y'))"
            },
            "Set_variable_2": {
              "runAfter": {
                "Compose_7": [
                  "Succeeded"
                ]
              },
              "metadata": {
                "operationMetadataId": "dfc9614d-ce6d-479b-80c5-151991b6a6df"
              },
              "type": "SetVariable",
              "inputs": {
                "name": "sumpurchqty Y",
                "value": "@outputs('Compose_7')"
              }
            }
          },
          "runAfter": {
            "Compose_3": [
              "Succeeded"
            ]
          },
          "metadata": {
            "operationMetadataId": "b92314e9-9ef9-4e04-9b77-6a8d561202dd"
          },
          "type": "Foreach"
        },
        "Initialize_variable_4": {
          "runAfter": {
            "Initialize_variable_2": [
              "Succeeded"
            ]
          },
          "metadata": {
            "operationMetadataId": "d27cfbb8-d028-47ff-8089-616d0ef467ce"
          },
          "type": "InitializeVariable",
          "inputs": {
            "variables": [
              {
                "name": "purch qty Y string format",
                "type": "string"
              }
            ]
          }
        }
      }
    },
    "templateName": null
  },
  "schemaVersion": "1.0.0.0"
}