{
  "properties": {
    "connectionReferences": {
      "shared_sharepointonline": {
        "runtimeSource": "invoker",
        "connection": {
          "connectionReferenceLogicalName": "farework_sharedsharepointonline_6381b"
        },
        "api": {
          "name": "shared_sharepointonline"
        }
      },
      "shared_excelonlinebusiness": {
        "runtimeSource": "invoker",
        "connection": {
          "connectionReferenceLogicalName": "farework_sharedexcelonlinebusiness_d6568"
        },
        "api": {
          "name": "shared_excelonlinebusiness"
        }
      },
      "shared_onedriveforbusiness_1": {
        "runtimeSource": "invoker",
        "connection": {
          "connectionReferenceLogicalName": "farework_sharedonedriveforbusiness_cacea"
        },
        "api": {
          "name": "shared_onedriveforbusiness"
        }
      }
    },
    "definition": {
      "$schema": "https://schema.management.azure.com/providers/Microsoft.Logic/schemas/2016-06-01/workflowdefinition.json#",
      "contentVersion": "1.0.0.0",
      "parameters": {
        "$connections": {
          "defaultValue": {},
          "type": "Object"
        },
        "$authentication": {
          "defaultValue": {},
          "type": "SecureObject"
        }
      },
      "triggers": {
        "manual": {
          "metadata": {
            "operationMetadataId": "3f69a9e8-9b2f-4f23-b462-dd1033ff1632"
          },
          "type": "Request",
          "kind": "Button",
          "inputs": {
            "schema": {
              "type": "object",
              "properties": {},
              "required": []
            }
          }
        }
      },
      "actions": {
        "330": {
          "runAfter": {
            "0313": [
              "Succeeded"
            ]
          },
          "metadata": {
            "operationMetadataId": "1799399f-556d-45d3-a2e2-7bb4ded45057"
          },
          "type": "OpenApiConnection",
          "inputs": {
            "host": {
              "connectionName": "shared_sharepointonline",
              "operationId": "GetItems",
              "apiId": "/providers/Microsoft.PowerApps/apis/shared_sharepointonline"
            },
            "parameters": {
              "dataset": "https://capgemini.sharepoint.com/sites/Mysite993",
              "table": "df49d078-9d1b-4dd9-ad25-3e7cc699f782"
            },
            "authentication": {
              "type": "Raw",
              "value": "@json(decodeBase64(triggerOutputs().headers['X-MS-APIM-Tokens']))['$ConnectionKey']"
            }
          }
        },
        "0313": {
          "actions": {
            "NewLine": {
              "runAfter": {
                "Get_file_content": [
                  "Succeeded"
                ]
              },
              "metadata": {
                "operationMetadataId": "cb496a59-73f3-4e8e-ba0b-f1799f376beb"
              },
              "type": "Compose",
              "inputs": "\n"
            },
            "SplitByLine": {
              "runAfter": {
                "NewLine": [
                  "Succeeded"
                ]
              },
              "metadata": {
                "operationMetadataId": "7cddf335-cd91-4193-9cd9-8676d20028ac"
              },
              "type": "Compose",
              "inputs": "@split(outputs('Get_file_content')?['body'], 'Header')"
            },
            "Remove_First_Line": {
              "runAfter": {
                "SplitByLine": [
                  "Succeeded"
                ]
              },
              "metadata": {
                "operationMetadataId": "914347f8-7311-41f3-86fe-a522632a66c3"
              },
              "type": "Compose",
              "inputs": "@skip(outputs('SplitByLine'),1)"
            },
            "Apply_to_each_3": {
              "foreach": "@outputs('Remove_First_Line')",
              "actions": {
                "HeaderItems": {
                  "runAfter": {},
                  "metadata": {
                    "operationMetadataId": "b70d7c09-42ea-4b8e-a7f6-4235468923f1"
                  },
                  "type": "Compose",
                  "inputs": "@items('Apply_to_each_3')"
                },
                "spl": {
                  "runAfter": {
                    "Compose": [
                      "Succeeded"
                    ]
                  },
                  "metadata": {
                    "operationMetadataId": "e4779a24-2639-43d8-80d3-9c1b1f9e1c60"
                  },
                  "type": "Compose",
                  "inputs": "@split(outputs('HeaderItems'), outputs('NewLine'))"
                },
                "Header": {
                  "runAfter": {
                    "Filter_array": [
                      "Succeeded"
                    ]
                  },
                  "metadata": {
                    "operationMetadataId": "6568990a-cde3-40e5-8103-1d32309a59ab"
                  },
                  "type": "Compose",
                  "inputs": "@outputs('spl')?[0]"
                },
                "Compose": {
                  "runAfter": {
                    "HeaderItems": [
                      "Succeeded"
                    ]
                  },
                  "metadata": {
                    "operationMetadataId": "abfc34af-4fae-4903-8305-3e97caf6fb48"
                  },
                  "type": "Compose",
                  "inputs": "@first(split(outputs('HeaderItems'),'\\n'))"
                },
                "Filter_array": {
                  "runAfter": {
                    "spl": [
                      "Succeeded"
                    ]
                  },
                  "metadata": {
                    "operationMetadataId": "a57e0299-95bf-4bdd-a4a9-96f3dc352e93"
                  },
                  "type": "Query",
                  "inputs": {
                    "from": "@outputs('spl')",
                    "where": "@startsWith(item(), 'Item')"
                  }
                },
                "Splitbycomma": {
                  "runAfter": {
                    "Header": [
                      "Succeeded"
                    ]
                  },
                  "metadata": {
                    "operationMetadataId": "2db6bf4d-996b-473e-ba80-0df542a096c5"
                  },
                  "type": "Compose",
                  "inputs": "@split(outputs('Header'),';')"
                },
                "Json_for_Header": {
                  "runAfter": {
                    "Splitbycomma": [
                      "Succeeded"
                    ]
                  },
                  "metadata": {
                    "operationMetadataId": "e4bb2a64-4cda-4942-839e-9fd31cb1ee9f"
                  },
                  "type": "Compose",
                  "inputs": {
                    "TABNAME": "Header",
                    "VENDORREF": "@{outputs('Splitbycomma')?[1]}",
                    "CNLCUSTORDERREF": "@{outputs('Splitbycomma')?[2]}",
                    "AFTERSALES ORDER": "@{outputs('Splitbycomma')?[3]}",
                    "CREDIT NOTE": "@{outputs('Splitbycomma')?[4]}",
                    "ORDER ACCOUNT": "@{outputs('Splitbycomma')?[5]}",
                    "PURCHID": "@{outputs('Splitbycomma')?[6]}",
                    "PURCHASE TYPE": "@{outputs('Splitbycomma')?[7]}",
                    "CANCELED FLAG": "@{outputs('Splitbycomma')?[8]}",
                    "CNLORDERNATUREID": "@{outputs('Splitbycomma')?[9]}",
                    "CNLORDERSEASONID": "@{outputs('Splitbycomma')?[10]}",
                    "CNLORDERTYPEID": "@{outputs('Splitbycomma')?[11]}",
                    "DELIVERYDATE": "@{outputs('Splitbycomma')?[12]}",
                    "ORDER CLIENT CODE": "@{outputs('Splitbycomma')?[13]}",
                    "INVOICED CLIENT CODE": "@{outputs('Splitbycomma')?[14]}",
                    "DELIVERY CLIENT CODE": "@{outputs('Splitbycomma')?[15]}",
                    "CURRENCYCODE": "@{outputs('Splitbycomma')?[16]}",
                    "DELIVERYNAME": "@{outputs('Splitbycomma')?[17]}",
                    "DELIVERY ADDRESS LINE1": "@{outputs('Splitbycomma')?[18]}",
                    "DELIVERY ADDRESS LINE2": "@{outputs('Splitbycomma')?[19]}",
                    "DELIVERY ADDRESS ZIPCODE TOWN": "@{outputs('Splitbycomma')?[20]}",
                    "DELIVERY ADDRESS COUNTRY": "@{outputs('Splitbycomma')?[21]}",
                    "DISCPERCENT": "@{outputs('Splitbycomma')?[22]}",
                    "DLVTERM": "@{outputs('Splitbycomma')?[23]}",
                    "DLVMODE": "@{outputs('Splitbycomma')?[24]}",
                    "RETURNITEMNUM": "@{outputs('Splitbycomma')?[25]}",
                    "RETURNREASONCODEID": "@{outputs('Splitbycomma')?[26]}",
                    "ALLOCATIONREF": "@{outputs('Splitbycomma')?[27]}",
                    "BOUTIQUEID": "@{outputs('Splitbycomma')?[28]}",
                    "CAMPAIGNID": "@{outputs('Splitbycomma')?[29]}",
                    "CENTRALCAMPAIGNID": "@{outputs('Splitbycomma')?[30]}",
                    "SOURCEENTITY": "@{outputs('Splitbycomma')?[31]}",
                    "CNLORDERNATUREDESCRIPTION": "@{outputs('Splitbycomma')?[32]}",
                    "CNLORDERSEASONDESCRIPTION": "@{outputs('Splitbycomma')?[33]}",
                    "CNLORDERTYPEDESCRIPTION": "@{outputs('Splitbycomma')?[34]}",
                    "FILLER 1": "@{outputs('Splitbycomma')?[35]}",
                    "FILLER 2": "@{outputs('Splitbycomma')?[36]}",
                    "FILLER 3": "@{outputs('Splitbycomma')?[37]}",
                    "FILLER 4": "@{outputs('Splitbycomma')?[38]}",
                    "FILLER 5": "@{outputs('Splitbycomma')?[39]}"
                  }
                },
                "Apply_to_each_for_ItemTracking_": {
                  "foreach": "@outputs('ItemswithTracking')",
                  "actions": {
                    "ItemsTrackingSingleline": {
                      "runAfter": {},
                      "metadata": {
                        "operationMetadataId": "ec66595d-de73-4c39-bba7-501bfadc2a2f"
                      },
                      "type": "Compose",
                      "inputs": "@items('Apply_to_each_for_ItemTracking_')"
                    },
                    "SplitItemsTracking": {
                      "runAfter": {
                        "ItemsTrackingSingleline": [
                          "Succeeded"
                        ]
                      },
                      "metadata": {
                        "operationMetadataId": "74c75738-c611-4e19-950f-dcad14c2d212"
                      },
                      "type": "Compose",
                      "inputs": "@split(outputs('ItemsTrackingSingleline'),';')"
                    },
                    "JsonforLines": {
                      "runAfter": {
                        "SplitItemsTracking": [
                          "Succeeded"
                        ]
                      },
                      "metadata": {
                        "operationMetadataId": "8d173352-b6df-4b70-9dd2-eb507013f8de"
                      },
                      "type": "Compose",
                      "inputs": {
                        "TABNAME": "Item",
                        "LINENUMBER": "@{outputs('SplitItemsTracking')?[1]}",
                        "ITEMID": "@{outputs('SplitItemsTracking')?[2]}",
                        "BARCODE": "@{outputs('SplitItemsTracking')?[3]}",
                        "ITEM SEASON": "@{outputs('SplitItemsTracking')?[4]}",
                        "PROCUREMENTCATEGORY": "@{outputs('SplitItemsTracking')?[5]}",
                        "CANCELED FLAG": "@{outputs('SplitItemsTracking')?[6]}",
                        "CNLSEASONTARIFFID": "@{outputs('SplitItemsTracking')?[7]}",
                        "PURCHQTY": "@{outputs('SplitItemsTracking')?[8]}",
                        "PURCHUNIT": "@{outputs('SplitItemsTracking')?[9]}",
                        "PURCHPRICE": "@{outputs('SplitItemsTracking')?[10]}",
                        "PRICEUNIT": "@{outputs('SplitItemsTracking')?[11]}",
                        "LINEAMOUNT": "@{outputs('SplitItemsTracking')?[12]}",
                        "LINEDISC": "@{outputs('SplitItemsTracking')?[13]}",
                        "LINEPERCENT": "@{outputs('SplitItemsTracking')?[14]}",
                        "PURCHMARKUP": "@{outputs('SplitItemsTracking')?[15]}",
                        "CONFIRMEDTAXAMOUNT": "@{outputs('SplitItemsTracking')?[16]}",
                        "DELIVERYDATE": "@{outputs('SplitItemsTracking')?[17]}",
                        "DELIVERYNAME": "@{outputs('SplitItemsTracking')?[18]}",
                        "DELIVERY ADDRESS LINE1": "@{outputs('SplitItemsTracking')?[19]}",
                        "DELIVERY ADDRESS LINE2": "@{outputs('SplitItemsTracking')?[20]}",
                        "DELIVERY ADDRESS ZIPCODE TOWN": "@{outputs('SplitItemsTracking')?[21]}",
                        "DELIVERY ADDRESS COUNTRY": "@{outputs('SplitItemsTracking')?[22]}",
                        "Reason Code": "@{outputs('SplitItemsTracking')?[23]}",
                        "Reason Comment": "@{outputs('SplitItemsTracking')?[24]}",
                        "FILLER 3": "@{outputs('SplitItemsTracking')?[25]}",
                        "FILLER 4": "@{outputs('SplitItemsTracking')?[26]}",
                        "FILLER 5": "@{outputs('SplitItemsTracking')?[27]}",
                        "FILLER 6": "@{outputs('SplitItemsTracking')?[28]}"
                      }
                    },
                    "ParseJSONforLines": {
                      "runAfter": {
                        "JsonforLines": [
                          "Succeeded"
                        ]
                      },
                      "metadata": {
                        "operationMetadataId": "743ff5a1-e378-4626-b8f5-8a73b105fa0a"
                      },
                      "type": "ParseJson",
                      "inputs": {
                        "content": "@outputs('JsonforLines')",
                        "schema": {
                          "type": "object",
                          "properties": {
                            "TABNAME": {
                              "type": "string"
                            },
                            "LINENUMBER": {
                              "type": "string"
                            },
                            "ITEMID": {
                              "type": "string"
                            },
                            "BARCODE": {
                              "type": "string"
                            },
                            "ITEM SEASON": {
                              "type": "string"
                            },
                            "PROCUREMENTCATEGORY": {
                              "type": "string"
                            },
                            "CANCELED FLAG": {
                              "type": "string"
                            },
                            "CNLSEASONTARIFFID": {
                              "type": "string"
                            },
                            "PURCHQTY": {
                              "type": "string"
                            },
                            "PURCHUNIT": {
                              "type": "string"
                            },
                            "PURCHPRICE": {
                              "type": "string"
                            },
                            "PRICEUNIT": {
                              "type": "string"
                            },
                            "LINEAMOUNT": {
                              "type": "string"
                            },
                            "LINEDISC": {
                              "type": "string"
                            },
                            "LINEPERCENT": {
                              "type": "string"
                            },
                            "PURCHMARKUP": {
                              "type": "string"
                            },
                            "CONFIRMEDTAXAMOUNT": {
                              "type": "string"
                            },
                            "DELIVERYDATE": {
                              "type": "string"
                            },
                            "DELIVERYNAME": {
                              "type": "string"
                            },
                            "DELIVERY ADDRESS LINE1": {
                              "type": "string"
                            },
                            "DELIVERY ADDRESS LINE2": {
                              "type": "string"
                            },
                            "DELIVERY ADDRESS ZIPCODE TOWN": {
                              "type": "string"
                            },
                            "DELIVERY ADDRESS COUNTRY": {
                              "type": "string"
                            },
                            "Reason Code": {
                              "type": "string"
                            },
                            "Reason Comment": {
                              "type": "string"
                            },
                            "FILLER 3": {
                              "type": "string"
                            },
                            "FILLER 4": {
                              "type": "string"
                            },
                            "FILLER 5": {
                              "type": "string"
                            },
                            "FILLER 6": {
                              "type": "string"
                            }
                          }
                        }
                      }
                    },
                    "For_Lines": {
                      "runAfter": {
                        "Create_item": [
                          "Succeeded"
                        ]
                      },
                      "metadata": {
                        "01DQRZCDJIVGKBDB7D5VD3QO5QMZBFNSXL": "/313_Calculations.xlsx",
                        "operationMetadataId": "77f24fb4-511b-4a9c-a433-ed252eedfe04",
                        "tableId": "{9C3044E0-3600-49AC-BE7B-6E6AE8318585}"
                      },
                      "type": "OpenApiConnection",
                      "inputs": {
                        "host": {
                          "connectionName": "shared_excelonlinebusiness",
                          "operationId": "AddRowV2",
                          "apiId": "/providers/Microsoft.PowerApps/apis/shared_excelonlinebusiness"
                        },
                        "parameters": {
                          "source": "me",
                          "drive": "b!GBbiBUOS202Mvt16kKu4fvomkfNOuXVKqO6Jvd2tWjhoSN6OwAu0QoEKkH-BVK8x",
                          "file": "01DQRZCDJIVGKBDB7D5VD3QO5QMZBFNSXL",
                          "table": "{9C3044E0-3600-49AC-BE7B-6E6AE8318585}",
                          "item/TABNAME": "@body('ParseJSONforLines')?['TABNAME']",
                          "item/Purch ID": "@body('ParseJSONforHeader')?['PURCHID']",
                          "item/LINENUMBER": "@body('ParseJSONforLines')?['LINENUMBER']",
                          "item/ITEMID": "@body('ParseJSONforLines')?['ITEMID']",
                          "item/BARCODE": "@body('ParseJSONforLines')?['BARCODE']",
                          "item/ITEM SEASON": "@body('ParseJSONforLines')?['ITEM SEASON']",
                          "item/PROCUREMENTCATEGORY": "@body('ParseJSONforLines')?['PROCUREMENTCATEGORY']",
                          "item/CANCELED FLAG": "@body('ParseJSONforLines')?['CANCELED FLAG']",
                          "item/CNLSEASONTARIFFID": "@body('ParseJSONforLines')?['CNLSEASONTARIFFID']",
                          "item/PURCHQTY": "@body('ParseJSONforLines')?['PURCHQTY']",
                          "item/PURCHUNIT": "@body('ParseJSONforLines')?['PURCHUNIT']",
                          "item/PURCHPRICE": "@body('ParseJSONforLines')?['PURCHPRICE']",
                          "item/PRICEUNIT": "@body('ParseJSONforLines')?['PRICEUNIT']",
                          "item/LINEAMOUNT": "@body('ParseJSONforLines')?['LINEAMOUNT']",
                          "item/LINEDISC": "@body('ParseJSONforLines')?['LINEDISC']",
                          "item/LINEPERCENT": "@body('ParseJSONforLines')?['LINEPERCENT']",
                          "item/PURCHMARKUP": "@body('ParseJSONforLines')?['PURCHMARKUP']",
                          "item/CONFIRMEDTAXAMOUNT": "@body('ParseJSONforLines')?['CONFIRMEDTAXAMOUNT']",
                          "item/DELIVERYDATE": "@body('ParseJSONforLines')?['DELIVERYDATE']",
                          "item/DELIVERYNAME": "@body('ParseJSONforLines')?['DELIVERYNAME']",
                          "item/DELIVERY ADDRESS LINE1": "@body('ParseJSONforLines')?['DELIVERY ADDRESS LINE1']",
                          "item/DELIVERY ADDRESS LINE2": "@body('ParseJSONforLines')?['DELIVERY ADDRESS LINE2']",
                          "item/DELIVERY ADDRESS ZIPCODE TOWN": "@body('ParseJSONforLines')?['DELIVERY ADDRESS ZIPCODE TOWN']",
                          "item/DELIVERY ADDRESS COUNTRY": "@body('ParseJSONforLines')?['DELIVERY ADDRESS COUNTRY']",
                          "item/Reason Code": "@body('ParseJSONforLines')?['Reason Code']",
                          "item/Reason Comment": "@body('ParseJSONforLines')?['Reason Comment']",
                          "item/FILLER 3": "@body('ParseJSONforLines')?['FILLER 3']",
                          "item/FILLER 4": "@body('ParseJSONforLines')?['FILLER 4']",
                          "item/FILLER 5": "@body('ParseJSONforLines')?['FILLER 5']",
                          "item/FILLER 6": "@body('ParseJSONforLines')?['FILLER 6']"
                        },
                        "authentication": {
                          "type": "Raw",
                          "value": "@json(decodeBase64(triggerOutputs().headers['X-MS-APIM-Tokens']))['$ConnectionKey']"
                        }
                      }
                    },
                    "Create_item": {
                      "runAfter": {
                        "ParseJSONforLines": [
                          "Succeeded"
                        ]
                      },
                      "metadata": {
                        "operationMetadataId": "9370fecb-f280-4b2e-a3f3-1be1191d71d0"
                      },
                      "type": "OpenApiConnection",
                      "inputs": {
                        "host": {
                          "connectionName": "shared_sharepointonline",
                          "operationId": "PostItem",
                          "apiId": "/providers/Microsoft.PowerApps/apis/shared_sharepointonline"
                        },
                        "parameters": {
                          "dataset": "https://capgemini.sharepoint.com/sites/Mysite993",
                          "table": "82cf10cd-e726-4ea7-8040-c1bf5acb2743",
                          "item/PurchID": "@body('ParseJSONforHeader')?['PURCHID']",
                          "item/ItemID": "@body('ParseJSONforLines')?['ITEMID']",
                          "item/Barcode": "@body('ParseJSONforLines')?['BARCODE']",
                          "item/CancelledFlag": "@body('ParseJSONforLines')?['CANCELED FLAG']",
                          "item/PurchQty": "@body('ParseJSONforLines')?['PURCHQTY']"
                        },
                        "authentication": {
                          "type": "Raw",
                          "value": "@json(decodeBase64(triggerOutputs().headers['X-MS-APIM-Tokens']))['$ConnectionKey']"
                        }
                      }
                    }
                  },
                  "runAfter": {
                    "ItemswithTracking": [
                      "Succeeded"
                    ]
                  },
                  "metadata": {
                    "operationMetadataId": "a4e7680d-380a-4b8e-a358-69a88dc27631"
                  },
                  "type": "Foreach"
                },
                "ITEMSHEADER": {
                  "runAfter": {
                    "Items": [
                      "Succeeded"
                    ]
                  },
                  "metadata": {
                    "operationMetadataId": "9a194c6c-f456-4ad4-81ec-70953c982632"
                  },
                  "type": "Compose",
                  "inputs": "@split(outputs('HeaderItems'),'Item')"
                },
                "Items": {
                  "runAfter": {
                    "For_Header": [
                      "Succeeded"
                    ]
                  },
                  "metadata": {
                    "operationMetadataId": "6fde636c-631d-491c-a209-bb2078f91923"
                  },
                  "type": "Compose",
                  "inputs": "@skip(outputs('spl'),1)"
                },
                "ItemswithTracking": {
                  "runAfter": {
                    "ITEMSHEADER": [
                      "Succeeded"
                    ]
                  },
                  "metadata": {
                    "operationMetadataId": "efe3e546-7f19-40c5-a1aa-8461c2fc6a6a"
                  },
                  "type": "Compose",
                  "inputs": "@skip(outputs('ITEMSHEADER'), 1)"
                },
                "ParseJSONforHeader": {
                  "runAfter": {
                    "Json_for_Header": [
                      "Succeeded"
                    ]
                  },
                  "metadata": {
                    "operationMetadataId": "7e86a162-ff65-45af-a7a8-2ff43770f68c"
                  },
                  "type": "ParseJson",
                  "inputs": {
                    "content": "@outputs('Json_for_Header')",
                    "schema": {
                      "type": "object",
                      "properties": {
                        "TABNAME": {
                          "type": "string"
                        },
                        "VENDORREF": {
                          "type": "string"
                        },
                        "CNLCUSTORDERREF": {
                          "type": "string"
                        },
                        "AFTERSALES ORDER": {
                          "type": "string"
                        },
                        "CREDIT NOTE": {
                          "type": "string"
                        },
                        "ORDER ACCOUNT": {
                          "type": "string"
                        },
                        "PURCHID": {
                          "type": "string"
                        },
                        "PURCHASE TYPE": {
                          "type": "string"
                        },
                        "CANCELED FLAG": {
                          "type": "string"
                        },
                        "CNLORDERNATUREID": {
                          "type": "string"
                        },
                        "CNLORDERSEASONID": {
                          "type": "string"
                        },
                        "CNLORDERTYPEID": {
                          "type": "string"
                        },
                        "DELIVERYDATE": {
                          "type": "string"
                        },
                        "ORDER CLIENT CODE": {
                          "type": "string"
                        },
                        "INVOICED CLIENT CODE": {
                          "type": "string"
                        },
                        "DELIVERY CLIENT CODE": {
                          "type": "string"
                        },
                        "CURRENCYCODE": {
                          "type": "string"
                        },
                        "DELIVERYNAME": {
                          "type": "string"
                        },
                        "DELIVERY ADDRESS LINE1": {
                          "type": "string"
                        },
                        "DELIVERY ADDRESS LINE2": {
                          "type": "string"
                        },
                        "DELIVERY ADDRESS ZIPCODE TOWN": {
                          "type": "string"
                        },
                        "DELIVERY ADDRESS COUNTRY": {
                          "type": "string"
                        },
                        "DISCPERCENT": {
                          "type": "string"
                        },
                        "DLVTERM": {
                          "type": "string"
                        },
                        "DLVMODE": {
                          "type": "string"
                        },
                        "RETURNITEMNUM": {
                          "type": "string"
                        },
                        "RETURNREASONCODEID": {
                          "type": "string"
                        },
                        "ALLOCATIONREF": {
                          "type": "string"
                        },
                        "BOUTIQUEID": {
                          "type": "string"
                        },
                        "CAMPAIGNID": {
                          "type": "string"
                        },
                        "CENTRALCAMPAIGNID": {
                          "type": "string"
                        },
                        "SOURCEENTITY": {
                          "type": "string"
                        },
                        "CNLORDERNATUREDESCRIPTION": {
                          "type": "string"
                        },
                        "CNLORDERSEASONDESCRIPTION": {
                          "type": "string"
                        },
                        "CNLORDERTYPEDESCRIPTION": {
                          "type": "string"
                        },
                        "FILLER 1": {
                          "type": "string"
                        },
                        "FILLER 2": {
                          "type": "string"
                        },
                        "FILLER 3": {
                          "type": "string"
                        },
                        "FILLER 4": {
                          "type": "string"
                        },
                        "FILLER 5": {
                          "type": "string"
                        }
                      }
                    }
                  }
                },
                "For_Header": {
                  "runAfter": {
                    "For_Header_Item": [
                      "Succeeded"
                    ]
                  },
                  "metadata": {
                    "01DQRZCDJIVGKBDB7D5VD3QO5QMZBFNSXL": "/313_Calculations.xlsx",
                    "operationMetadataId": "21da77ce-018f-4be5-81ec-992155f14efa",
                    "tableId": "{018C9F59-A797-46B5-9AA0-2518FD6EB64E}"
                  },
                  "type": "OpenApiConnection",
                  "inputs": {
                    "host": {
                      "connectionName": "shared_excelonlinebusiness",
                      "operationId": "AddRowV2",
                      "apiId": "/providers/Microsoft.PowerApps/apis/shared_excelonlinebusiness"
                    },
                    "parameters": {
                      "source": "me",
                      "drive": "b!GBbiBUOS202Mvt16kKu4fvomkfNOuXVKqO6Jvd2tWjhoSN6OwAu0QoEKkH-BVK8x",
                      "file": "01DQRZCDJIVGKBDB7D5VD3QO5QMZBFNSXL",
                      "table": "{018C9F59-A797-46B5-9AA0-2518FD6EB64E}"
                    },
                    "authentication": {
                      "type": "Raw",
                      "value": "@json(decodeBase64(triggerOutputs().headers['X-MS-APIM-Tokens']))['$ConnectionKey']"
                    }
                  }
                },
                "For_Header_Item": {
                  "runAfter": {
                    "ParseJSONforHeader": [
                      "Succeeded"
                    ]
                  },
                  "metadata": {
                    "operationMetadataId": "29119d6f-fad4-48cb-9fd4-1b61fc0d91f7"
                  },
                  "type": "OpenApiConnection",
                  "inputs": {
                    "host": {
                      "connectionName": "shared_sharepointonline",
                      "operationId": "PostItem",
                      "apiId": "/providers/Microsoft.PowerApps/apis/shared_sharepointonline"
                    },
                    "parameters": {
                      "dataset": "https://capgemini.sharepoint.com/sites/Mysite993",
                      "table": "9b969557-3e46-4157-bc0a-e796314e5ab0",
                      "item/TabName": "@body('ParseJSONforHeader')?['TABNAME']",
                      "item/VendorRef": "@body('ParseJSONforHeader')?['VENDORREF']",
                      "item/PurchID": "@body('ParseJSONforHeader')?['PURCHID']",
                      "item/CancelledFlag": "@body('ParseJSONforHeader')?['CANCELED FLAG']"
                    },
                    "authentication": {
                      "type": "Raw",
                      "value": "@json(decodeBase64(triggerOutputs().headers['X-MS-APIM-Tokens']))['$ConnectionKey']"
                    }
                  }
                }
              },
              "runAfter": {
                "Remove_First_Line": [
                  "Succeeded"
                ]
              },
              "metadata": {
                "operationMetadataId": "fcafaf8f-4774-45d5-ad38-ed28e686fc29"
              },
              "type": "Foreach"
            },
            "Get_file_content": {
              "runAfter": {},
              "metadata": {
                "b!GBbiBUOS202Mvt16kKu4fvomkfNOuXVKqO6Jvd2tWjhoSN6OwAu0QoEKkH-BVK8x.01DQRZCDLTDVBNR2TTWVB3L6BXMBY2M66R": "/Documents/Crown Project/ORDER_CROWN_GEN_THA029_20230419033200.csv",
                "operationMetadataId": "7c7b92d1-b379-468d-a10d-30cb6fc7f772",
                "b!GBbiBUOS202Mvt16kKu4fvomkfNOuXVKqO6Jvd2tWjhoSN6OwAu0QoEKkH-BVK8x.01DQRZCDO7YOI6CQSEL5DJZOIBV77G75HA": "/Crown Testing/ORDER_CROWN_GEN_THA029_20230419033200.csv"
              },
              "type": "OpenApiConnection",
              "inputs": {
                "host": {
                  "connectionName": "shared_onedriveforbusiness_1",
                  "operationId": "GetFileContent",
                  "apiId": "/providers/Microsoft.PowerApps/apis/shared_onedriveforbusiness"
                },
                "parameters": {
                  "id": "b!GBbiBUOS202Mvt16kKu4fvomkfNOuXVKqO6Jvd2tWjhoSN6OwAu0QoEKkH-BVK8x.01DQRZCDO7YOI6CQSEL5DJZOIBV77G75HA",
                  "inferContentType": true
                },
                "authentication": {
                  "type": "Raw",
                  "value": "@json(decodeBase64(triggerOutputs().headers['X-MS-APIM-Tokens']))['$ConnectionKey']"
                }
              }
            }
          },
          "runAfter": {},
          "metadata": {
            "operationMetadataId": "ec161f23-6b82-43e0-a1f0-6e19a52ff0c7"
          },
          "type": "Scope"
        },
        "Iterate_Purch_IDs": {
          "foreach": "@outputs('330')?['body/value']",
          "actions": {
            "313_Items": {
              "runAfter": {},
              "metadata": {
                "operationMetadataId": "11da3f91-641a-493c-ad5e-8ac5321296a6"
              },
              "type": "OpenApiConnection",
              "inputs": {
                "host": {
                  "connectionName": "shared_sharepointonline",
                  "operationId": "GetItems",
                  "apiId": "/providers/Microsoft.PowerApps/apis/shared_sharepointonline"
                },
                "parameters": {
                  "dataset": "https://capgemini.sharepoint.com/sites/Mysite993",
                  "table": "82cf10cd-e726-4ea7-8040-c1bf5acb2743",
                  "$filter": "PurchID eq '@{items('Iterate_Purch_IDs')?['PurchID']}'"
                },
                "authentication": {
                  "type": "Raw",
                  "value": "@json(decodeBase64(triggerOutputs().headers['X-MS-APIM-Tokens']))['$ConnectionKey']"
                }
              }
            },
            "Items_having_same_Purch_IDs": {
              "runAfter": {
                "313_Items": [
                  "Succeeded"
                ]
              },
              "metadata": {
                "operationMetadataId": "28632542-c999-4b63-91d3-121e64218af0"
              },
              "type": "Select",
              "inputs": {
                "from": "@outputs('313_Items')?['body/value']",
                "select": {
                  "Barcode": "@item()?['Barcode']",
                  "Cancelled Flag": "@item()?['CancelledFlag']",
                  "Purch Qty": "@item()?['PurchQty']"
                }
              }
            },
            "Select_2": {
              "runAfter": {
                "Parse_JSON_for_same_purch_ids_items": [
                  "Succeeded"
                ]
              },
              "metadata": {
                "operationMetadataId": "e0e2df41-48b9-492d-a771-d0d2fc1ef4e9"
              },
              "type": "Select",
              "inputs": {
                "from": "@outputs('313_Items')?['body/value']",
                "select": "@item()?['Barcode']"
              }
            },
            "Parse_JSON_for_same_purch_ids_items": {
              "runAfter": {
                "Items_having_same_Purch_IDs": [
                  "Succeeded"
                ]
              },
              "metadata": {
                "operationMetadataId": "70ef9123-3657-4cae-8e2f-86d7586fd741"
              },
              "type": "ParseJson",
              "inputs": {
                "content": "@body('Items_having_same_Purch_IDs')",
                "schema": {
                  "type": "array",
                  "items": {
                    "type": "object",
                    "properties": {
                      "Barcode": {
                        "type": "string"
                      },
                      "Cancelled Flag": {
                        "type": "string"
                      },
                      "Purch Qty": {
                        "type": "integer"
                      }
                    },
                    "required": [
                      "Barcode",
                      "Cancelled Flag",
                      "Purch Qty"
                    ]
                  }
                }
              }
            },
            "Filtering_based_on_Barcodes_Cancelled_Flag": {
              "runAfter": {
                "Select_2": [
                  "Succeeded"
                ]
              },
              "metadata": {
                "operationMetadataId": "e2ba8ea3-dc9b-475f-bf02-fc4ea46c342e"
              },
              "type": "Query",
              "inputs": {
                "from": "@body('Parse_JSON_for_same_purch_ids_items')",
                "where": "@and(equals(item()?['Barcode'], item()?['Barcode']), equals(item()?['Cancelled Flag'], 'Y'))"
              }
            },
            "Barcodes_having_Cancelled_Flag": {
              "runAfter": {
                "Filtering_based_on_Barcodes_Cancelled_Flag": [
                  "Succeeded"
                ]
              },
              "metadata": {
                "operationMetadataId": "178d03d7-cd9c-42b4-9946-845a2982257a"
              },
              "type": "Select",
              "inputs": {
                "from": "@body('Filtering_based_on_Barcodes_Cancelled_Flag')",
                "select": "@item()?['Barcode']"
              }
            },
            "Iterate_Barcodes": {
              "foreach": "@outputs('Unique_Barcodes')",
              "actions": {
                "Effective_Cancelled_Qtys": {
                  "runAfter": {
                    "Iterate_Barcodes_with_other_Barcodes": [
                      "Succeeded"
                    ]
                  },
                  "metadata": {
                    "operationMetadataId": "2e6c71d3-aed6-4109-bffe-cdbab3574d35"
                  },
                  "type": "Compose",
                  "inputs": "@sub(variables('Same Barcode Ys Flags Sum'), variables('Same Barcode Ns Flags Sum'))"
                },
                "Apply_to_each": {
                  "foreach": "@outputs('313_Items')?['body/value']",
                  "actions": {
                    "Get_items": {
                      "runAfter": {},
                      "metadata": {
                        "operationMetadataId": "c97bcb54-6013-4754-94a8-db0171479358"
                      },
                      "type": "OpenApiConnection",
                      "inputs": {
                        "host": {
                          "connectionName": "shared_sharepointonline",
                          "operationId": "GetItems",
                          "apiId": "/providers/Microsoft.PowerApps/apis/shared_sharepointonline"
                        },
                        "parameters": {
                          "dataset": "https://capgemini.sharepoint.com/sites/Mysite993",
                          "table": "7fc2e8f2-913a-4e69-b090-35aa6f81d16a",
                          "$filter": "((PurchID eq '@{items('Apply_to_each')?['PurchID']}') and (Barcode eq '@{variables('Barcode')}'))"
                        },
                        "authentication": {
                          "type": "Raw",
                          "value": "@json(decodeBase64(triggerOutputs().headers['X-MS-APIM-Tokens']))['$ConnectionKey']"
                        }
                      }
                    },
                    "Update_ECQty": {
                      "foreach": "@outputs('Get_items')?['body/value']",
                      "actions": {
                        "Update_item": {
                          "runAfter": {},
                          "metadata": {
                            "operationMetadataId": "8df2b47b-4c2b-4226-9457-56e2626f9136"
                          },
                          "type": "OpenApiConnection",
                          "inputs": {
                            "host": {
                              "connectionName": "shared_sharepointonline",
                              "operationId": "PatchItem",
                              "apiId": "/providers/Microsoft.PowerApps/apis/shared_sharepointonline"
                            },
                            "parameters": {
                              "dataset": "https://capgemini.sharepoint.com/sites/Mysite993",
                              "table": "7fc2e8f2-913a-4e69-b090-35aa6f81d16a",
                              "id": "@items('Update_ECQty')?['ID']",
                              "item/EffectiveCancellationQty": "@outputs('Effective_Cancelled_Qtys')"
                            },
                            "authentication": {
                              "type": "Raw",
                              "value": "@json(decodeBase64(triggerOutputs().headers['X-MS-APIM-Tokens']))['$ConnectionKey']"
                            }
                          }
                        }
                      },
                      "runAfter": {
                        "Get_items": [
                          "Succeeded"
                        ]
                      },
                      "metadata": {
                        "operationMetadataId": "078204df-9c00-411b-9c4c-f8f6d90626e6"
                      },
                      "type": "Foreach"
                    }
                  },
                  "runAfter": {
                    "Effective_Cancelled_Qtys": [
                      "Succeeded"
                    ]
                  },
                  "metadata": {
                    "operationMetadataId": "ba3a2b59-acc7-470b-abaa-e50d6441d267"
                  },
                  "type": "Foreach"
                },
                "Iterate_Barcodes_with_other_Barcodes": {
                  "foreach": "@body('Parse_JSON_for_same_purch_ids_items')",
                  "actions": {
                    "Comparing_Barcodes_having_same_or_not": {
                      "actions": {
                        "Comparing_Cancellation_Flag": {
                          "actions": {
                            "Increment_variable_for_Ys": {
                              "runAfter": {},
                              "metadata": {
                                "operationMetadataId": "4f33ef68-a8fd-4a19-9889-46396166e4e5"
                              },
                              "type": "IncrementVariable",
                              "inputs": {
                                "name": "Same Barcode Ys Flags Sum",
                                "value": "@items('Iterate_Barcodes_with_other_Barcodes')['Purch Qty']"
                              }
                            },
                            "Compose_4": {
                              "runAfter": {
                                "Set_variable": [
                                  "Succeeded"
                                ]
                              },
                              "metadata": {
                                "operationMetadataId": "9a48ff30-26c5-48f7-b3de-d000bb39cef1"
                              },
                              "type": "Compose",
                              "inputs": "@items('Iterate_Barcodes_with_other_Barcodes')?['PurchQty']"
                            },
                            "Set_variable": {
                              "runAfter": {
                                "Increment_variable_for_Ys": [
                                  "Succeeded"
                                ]
                              },
                              "metadata": {
                                "operationMetadataId": "f6f407c3-0b2b-4843-ad38-a7a6d1518122"
                              },
                              "type": "SetVariable",
                              "inputs": {
                                "name": "Barcode",
                                "value": "@{item()?['Barcode']}"
                              }
                            },
                            "Parse_JSON": {
                              "runAfter": {
                                "Compose_4": [
                                  "Succeeded"
                                ]
                              },
                              "metadata": {
                                "operationMetadataId": "062fd209-ef8a-48fd-8579-0a9b8b463189"
                              },
                              "type": "ParseJson",
                              "inputs": {
                                "content": "@outputs('Compose_4')",
                                "schema": {
                                  "type": "array",
                                  "items": {
                                    "type": "object",
                                    "properties": {
                                      "Purch Qty": {
                                        "type": "integer"
                                      }
                                    },
                                    "required": [
                                      "Purch Qty"
                                    ]
                                  }
                                }
                              }
                            }
                          },
                          "runAfter": {},
                          "else": {
                            "actions": {
                              "Increment_variable_for_Ns": {
                                "runAfter": {},
                                "metadata": {
                                  "operationMetadataId": "9898329b-d411-4564-b965-fce4c75dfc55"
                                },
                                "type": "IncrementVariable",
                                "inputs": {
                                  "name": "Same Barcode Ns Flags Sum",
                                  "value": "@items('Iterate_Barcodes_with_other_Barcodes')['Purch Qty']"
                                }
                              }
                            }
                          },
                          "expression": {
                            "equals": [
                              "@items('Iterate_Barcodes_with_other_Barcodes')['Cancelled Flag']",
                              "Y"
                            ]
                          },
                          "metadata": {
                            "operationMetadataId": "6c363b63-a9e1-420f-b50b-a54073a3b546"
                          },
                          "type": "If"
                        }
                      },
                      "runAfter": {},
                      "expression": {
                        "equals": [
                          "@items('Iterate_Barcodes')",
                          "@items('Iterate_Barcodes_with_other_Barcodes')['Barcode']"
                        ]
                      },
                      "metadata": {
                        "operationMetadataId": "b0d0a1e8-4400-4d41-95d0-f80583a3a486"
                      },
                      "type": "If"
                    },
                    "Select": {
                      "runAfter": {
                        "Comparing_Barcodes_having_same_or_not": [
                          "Succeeded"
                        ]
                      },
                      "metadata": {
                        "operationMetadataId": "1dbdfa53-6a08-40e2-baf6-bc7d3388d943"
                      },
                      "type": "Select",
                      "inputs": {
                        "from": "@body('Parse_JSON')",
                        "select": "@item()['Purch Qty']"
                      }
                    },
                    "JSON": {
                      "runAfter": {
                        "Select": [
                          "Succeeded"
                        ]
                      },
                      "metadata": {
                        "operationMetadataId": "6037e805-8c4c-4e84-8879-b7c815c340fe"
                      },
                      "type": "Compose",
                      "inputs": {
                        "root": {
                          "PurchQty": "@body('Select')"
                        }
                      }
                    },
                    "Compose_2": {
                      "runAfter": {
                        "JSON": [
                          "Succeeded"
                        ]
                      },
                      "metadata": {
                        "operationMetadataId": "71661f5e-39e8-4297-9dd1-f99f6a78ad79"
                      },
                      "type": "Compose",
                      "inputs": "@xpath(xml(outputs('JSON')), 'sum(/root/PurchQty)')"
                    }
                  },
                  "runAfter": {},
                  "metadata": {
                    "operationMetadataId": "fd557d0e-e7ec-4389-b4ce-a6bf572c4ec5"
                  },
                  "type": "Foreach"
                }
              },
              "runAfter": {
                "Unique_Barcodes": [
                  "Succeeded"
                ]
              },
              "metadata": {
                "operationMetadataId": "be3142b2-2be3-4c99-bf1f-5e3c52b920ac"
              },
              "type": "Foreach"
            },
            "Unique_Barcodes": {
              "runAfter": {
                "Barcodes_having_Cancelled_Flag": [
                  "Succeeded"
                ]
              },
              "metadata": {
                "operationMetadataId": "f9d804fc-890c-448d-b50f-7f785e35cba4"
              },
              "type": "Compose",
              "inputs": "@union(body('Barcodes_having_Cancelled_Flag'),body('Barcodes_having_Cancelled_Flag'))"
            }
          },
          "runAfter": {
            "Barcode_for_Update_ECQty_": [
              "Succeeded"
            ]
          },
          "metadata": {
            "operationMetadataId": "ae226600-35c8-4980-8919-9817c3f3cfe1"
          },
          "type": "Foreach"
        },
        "Sum_of_Same_Barcodes_Purch_Qty_having_Y_Flag": {
          "runAfter": {
            "330": [
              "Succeeded"
            ]
          },
          "metadata": {
            "operationMetadataId": "d18456dd-6c09-45ed-a9f2-9bb3b75ffc3a"
          },
          "type": "InitializeVariable",
          "inputs": {
            "variables": [
              {
                "name": "Same Barcode Ys Flags Sum",
                "type": "float",
                "value": 0
              }
            ]
          }
        },
        "Sum_of_Same_Barcodes_Purch_Qty_having_N_Flag": {
          "runAfter": {
            "Sum_of_Same_Barcodes_Purch_Qty_having_Y_Flag": [
              "Succeeded"
            ]
          },
          "metadata": {
            "operationMetadataId": "c7338722-587d-46ce-ac30-2effe47d0109"
          },
          "type": "InitializeVariable",
          "inputs": {
            "variables": [
              {
                "name": "Same Barcode Ns Flags Sum",
                "type": "float",
                "value": 0
              }
            ]
          }
        },
        "Barcode_for_Update_ECQty_": {
          "runAfter": {
            "Sum_of_Same_Barcodes_Purch_Qty_having_N_Flag": [
              "Succeeded"
            ]
          },
          "metadata": {
            "operationMetadataId": "6d6be615-2c68-40df-a67c-fac20eabe1c5"
          },
          "type": "InitializeVariable",
          "inputs": {
            "variables": [
              {
                "name": "Barcode",
                "type": "string"
              }
            ]
          }
        }
      },
      "outputs": {}
    },
    "templateName": "78720f54e49444d0bd456477288a7ef7"
  },
  "schemaVersion": "1.0.0.0"
}