{
  "properties": {
    "connectionReferences": {
      "shared_sharepointonline": {
        "runtimeSource": "invoker",
        "connection": {
          "connectionReferenceLogicalName": "crownpro_sharedsharepointonline_9dfa3"
        },
        "api": {
          "name": "shared_sharepointonline"
        }
      }
    },
    "definition": {
      "$schema": "https://schema.management.azure.com/providers/Microsoft.Logic/schemas/2016-06-01/workflowdefinition.json#",
      "contentVersion": "1.0.0.0",
      "parameters": {
        "$connections": {
          "defaultValue": {},
          "type": "Object"
        },
        "$authentication": {
          "defaultValue": {},
          "type": "SecureObject"
        }
      },
      "triggers": {
        "manual": {
          "metadata": {
            "operationMetadataId": "c0b04a9e-d77e-4db3-8fb9-1f3ffc7010ca"
          },
          "type": "Request",
          "kind": "Button",
          "inputs": {
            "schema": {
              "type": "object",
              "properties": {},
              "required": []
            }
          }
        }
      },
      "actions": {
        "Get_items": {
          "runAfter": {},
          "metadata": {
            "operationMetadataId": "115130bb-51f4-4e5d-b795-42be274b21df"
          },
          "type": "OpenApiConnection",
          "inputs": {
            "host": {
              "apiId": "/providers/Microsoft.PowerApps/apis/shared_sharepointonline",
              "connectionName": "shared_sharepointonline",
              "operationId": "GetItems"
            },
            "parameters": {
              "dataset": "https://capgemini.sharepoint.com/sites/Mysite993",
              "table": "7fc2e8f2-913a-4e69-b090-35aa6f81d16a"
            },
            "authentication": {
              "value": "@json(decodeBase64(triggerOutputs().headers['X-MS-APIM-Tokens']))['$ConnectionKey']",
              "type": "Raw"
            }
          }
        },
        "Apply_to_each": {
          "foreach": "@outputs('Get_items')?['body/value']",
          "actions": {
            "Condition": {
              "actions": {
                "Create_item": {
                  "runAfter": {},
                  "metadata": {
                    "operationMetadataId": "6708270a-8139-4e53-929f-16464df66af0"
                  },
                  "type": "OpenApiConnection",
                  "inputs": {
                    "host": {
                      "apiId": "/providers/Microsoft.PowerApps/apis/shared_sharepointonline",
                      "connectionName": "shared_sharepointonline",
                      "operationId": "PostItem"
                    },
                    "parameters": {
                      "dataset": "https://capgemini.sharepoint.com/sites/Mysite993",
                      "table": "7abd2090-d9d9-41de-a263-5b1e5803d8ea",
                      "item/PurchID": "@items('Apply_to_each')?['PurchID']",
                      "item/Barcode": "@items('Apply_to_each')?['Barcode']",
                      "item/ItemID": "@items('Apply_to_each')?['ItemID']",
                      "item/Size": "@items('Apply_to_each')?['Size']",
                      "item/EffectiveCancellationQuantity": "@items('Apply_to_each')?['EffectiveCancellationQty']",
                      "item/ReasonCode": "@items('Apply_to_each')?['ReasonCode']",
                      "item/ReasonComment": "@items('Apply_to_each')?['ReasonComment']"
                    },
                    "authentication": {
                      "value": "@json(decodeBase64(triggerOutputs().headers['X-MS-APIM-Tokens']))['$ConnectionKey']",
                      "type": "Raw"
                    }
                  }
                }
              },
              "runAfter": {},
              "expression": {
                "greater": [
                  "@items('Apply_to_each')?['EffectiveCancellationQty']",
                  0
                ]
              },
              "metadata": {
                "operationMetadataId": "158cd4b5-5196-4ce2-8eec-33b1a93d78c5"
              },
              "type": "If"
            }
          },
          "runAfter": {
            "Get_items": [
              "Succeeded"
            ]
          },
          "metadata": {
            "operationMetadataId": "fccbb9ca-7b91-45ad-a36c-8c9200cc579f"
          },
          "type": "Foreach"
        },
        "Get_items_2": {
          "runAfter": {
            "Apply_to_each": [
              "Succeeded"
            ]
          },
          "metadata": {
            "operationMetadataId": "774e06f1-c859-4a95-a650-5c8088114117"
          },
          "type": "OpenApiConnection",
          "inputs": {
            "host": {
              "apiId": "/providers/Microsoft.PowerApps/apis/shared_sharepointonline",
              "connectionName": "shared_sharepointonline",
              "operationId": "GetItems"
            },
            "parameters": {
              "dataset": "https://capgemini.sharepoint.com/sites/Mysite993",
              "table": "82cf10cd-e726-4ea7-8040-c1bf5acb2743"
            },
            "authentication": {
              "value": "@json(decodeBase64(triggerOutputs().headers['X-MS-APIM-Tokens']))['$ConnectionKey']",
              "type": "Raw"
            }
          }
        },
        "Apply_to_each_2": {
          "foreach": "@outputs('Get_items_2')?['body/value']",
          "actions": {
            "Get_items_3": {
              "runAfter": {},
              "metadata": {
                "operationMetadataId": "148e4ba2-88e8-4e67-ab1f-826dc95eb655"
              },
              "type": "OpenApiConnection",
              "inputs": {
                "host": {
                  "apiId": "/providers/Microsoft.PowerApps/apis/shared_sharepointonline",
                  "connectionName": "shared_sharepointonline",
                  "operationId": "GetItems"
                },
                "parameters": {
                  "dataset": "https://capgemini.sharepoint.com/sites/Mysite993",
                  "table": "7abd2090-d9d9-41de-a263-5b1e5803d8ea",
                  "$filter": "(PurchID eq '@{items('Apply_to_each_2')?['PurchID']}') and (Barcode eq '@{items('Apply_to_each_2')?['Barcode']}')"
                },
                "authentication": {
                  "value": "@json(decodeBase64(triggerOutputs().headers['X-MS-APIM-Tokens']))['$ConnectionKey']",
                  "type": "Raw"
                }
              }
            },
            "Apply_to_each_3": {
              "foreach": "@outputs('Get_items_3')?['body/value']",
              "actions": {
                "Update_item": {
                  "runAfter": {},
                  "metadata": {
                    "operationMetadataId": "f3391fe3-9075-4616-a7a1-e390049e87dd"
                  },
                  "type": "OpenApiConnection",
                  "inputs": {
                    "host": {
                      "apiId": "/providers/Microsoft.PowerApps/apis/shared_sharepointonline",
                      "connectionName": "shared_sharepointonline",
                      "operationId": "PatchItem"
                    },
                    "parameters": {
                      "dataset": "https://capgemini.sharepoint.com/sites/Mysite993",
                      "table": "7abd2090-d9d9-41de-a263-5b1e5803d8ea",
                      "id": "@items('Apply_to_each_3')?['ID']",
                      "item/ReasonCode": "@items('Apply_to_each_2')?['ReasonCode']",
                      "item/ReasonComment": "@items('Apply_to_each_2')?['ReasonComment']"
                    },
                    "authentication": {
                      "value": "@json(decodeBase64(triggerOutputs().headers['X-MS-APIM-Tokens']))['$ConnectionKey']",
                      "type": "Raw"
                    }
                  }
                }
              },
              "runAfter": {
                "Get_items_3": [
                  "Succeeded"
                ]
              },
              "metadata": {
                "operationMetadataId": "4589eb62-7131-4071-9fc0-bb3f7d354403"
              },
              "type": "Foreach"
            }
          },
          "runAfter": {
            "Get_items_2": [
              "Succeeded"
            ]
          },
          "metadata": {
            "operationMetadataId": "a781cd5a-adf9-4f93-9716-67dbb0ff32b4"
          },
          "type": "Foreach"
        }
      }
    },
    "templateName": null
  },
  "schemaVersion": "1.0.0.0"
}