{
  "properties": {
    "connectionReferences": {
      "shared_excelonlinebusiness": {
        "runtimeSource": "embedded",
        "connection": {
          "connectionReferenceLogicalName": "crownpro_sharedexcelonlinebusiness_6e3df"
        },
        "api": {
          "name": "shared_excelonlinebusiness"
        }
      },
      "shared_sharepointonline_2": {
        "runtimeSource": "embedded",
        "connection": {
          "connectionReferenceLogicalName": "crownpro_sharedsharepointonline_943c8"
        },
        "api": {
          "name": "shared_sharepointonline"
        }
      },
      "shared_office365users_1": {
        "runtimeSource": "embedded",
        "connection": {
          "connectionReferenceLogicalName": "crownpro_sharedoffice365users_824e9"
        },
        "api": {
          "name": "shared_office365users"
        }
      }
    },
    "definition": {
      "$schema": "https://schema.management.azure.com/providers/Microsoft.Logic/schemas/2016-06-01/workflowdefinition.json#",
      "contentVersion": "1.0.0.0",
      "parameters": {
        "$connections": {
          "defaultValue": {},
          "type": "Object"
        },
        "$authentication": {
          "defaultValue": {},
          "type": "SecureObject"
        }
      },
      "triggers": {
        "Recurrence": {
          "recurrence": {
            "frequency": "Day",
            "interval": 1,
            "timeZone": "India Standard Time",
            "schedule": {
              "hours": [
                "4"
              ]
            }
          },
          "metadata": {
            "operationMetadataId": "ed744bc4-c93f-4bf6-a790-275cc4166411"
          },
          "type": "Recurrence"
        }
      },
      "actions": {
        "List_rows_present_in_a_table": {
          "runAfter": {},
          "metadata": {
            "01J7MRPRGR7AJ5LDJIQ5CIOHBH4MLKQDIW": "/Documents/Resource_tracker_file.xlsx",
            "operationMetadataId": "11e94b84-822d-4d47-9486-3ac1b9f1408c",
            "tableId": "{00000000-000C-0000-FFFF-FFFF02000000}",
            "01TKOMME232SMGXOYZVRD2E5ATRMPBBBN3": "/General/6. Time Booking/TheRASolution/2023-ResourceAllocation.xlsx",
            "01TKOMME4PNKIRKYBC5BFIM7SIWXQQARUL": "/General/6. Time Booking/TheRASolution/2024 Resource Allocation.xlsx",
            "01TKOMME5BCRB7FHDOZ5HZ3SMU66H47F7B": "/General/6. Time Booking/TheRASolution/2024 Resource Allocation.xlsx",
            "01TKOMME3RSS3J42FLJZC3EDRKV4HJQT4Z": "/General/6. Time Booking/TheRASolution/2024 Resource Allocation.xlsx"
          },
          "type": "OpenApiConnection",
          "inputs": {
            "host": {
              "apiId": "/providers/Microsoft.PowerApps/apis/shared_excelonlinebusiness",
              "connectionName": "shared_excelonlinebusiness",
              "operationId": "GetItems"
            },
            "parameters": {
              "source": "sites/capgemini.sharepoint.com,4e3be028-8e9e-4bbb-ba16-995742707f82,ddfe0c28-a612-40e5-90cd-dd73c134af9d",
              "drive": "b!KOA7Tp6Ou0u6FplXQnB_gigM_t0SpuVAkM3dc8E0r515aTNDMIrKSb_YQBa0C3Qw",
              "file": "01TKOMME3RSS3J42FLJZC3EDRKV4HJQT4Z",
              "table": "{00000000-000C-0000-FFFF-FFFF02000000}"
            },
            "retryPolicy": {
              "type": "fixed",
              "count": 10,
              "interval": "PT10S"
            },
            "authentication": "@parameters('$authentication')"
          },
          "runtimeConfiguration": {
            "paginationPolicy": {
              "minimumItemCount": 5000
            }
          }
        },
        "Apply_to_each": {
          "foreach": "@outputs('List_rows_present_in_a_table')?['body/value']",
          "actions": {
            "Get_items": {
              "runAfter": {
                "Get_user_profile_(V2)": [
                  "Succeeded",
                  "Failed"
                ]
              },
              "metadata": {
                "operationMetadataId": "7c40fbcc-29af-4356-b1d2-a0e0b7d1cd65"
              },
              "type": "OpenApiConnection",
              "inputs": {
                "host": {
                  "apiId": "/providers/Microsoft.PowerApps/apis/shared_sharepointonline",
                  "connectionName": "shared_sharepointonline_2",
                  "operationId": "GetItems"
                },
                "parameters": {
                  "dataset": "https://capgemini.sharepoint.com/sites/Testing96",
                  "table": "a3a8d0f6-3ec9-4370-b899-c41010898df0",
                  "$filter": "MailID eq '@{outputs('Compose')}'"
                },
                "retryPolicy": {
                  "type": "fixed",
                  "count": 10,
                  "interval": "PT10S"
                },
                "authentication": "@parameters('$authentication')"
              }
            },
            "Condition": {
              "actions": {},
              "runAfter": {
                "updateStatus": [
                  "Succeeded",
                  "Failed"
                ]
              },
              "else": {
                "actions": {
                  "Create_item": {
                    "runAfter": {},
                    "metadata": {
                      "operationMetadataId": "bc35f3df-5800-404a-b831-9a7556098f1b"
                    },
                    "type": "OpenApiConnection",
                    "inputs": {
                      "host": {
                        "apiId": "/providers/Microsoft.PowerApps/apis/shared_sharepointonline",
                        "connectionName": "shared_sharepointonline_2",
                        "operationId": "PostItem"
                      },
                      "parameters": {
                        "dataset": "https://capgemini.sharepoint.com/sites/Testing96",
                        "table": "a3a8d0f6-3ec9-4370-b899-c41010898df0",
                        "item/Emp_x002e_ID": "@trim(items('Apply_to_each')?['Emp_x002e_ID'])",
                        "item/EmployeeName": "@trim(items('Apply_to_each')?['Employee Name'])",
                        "item/MailID": "@outputs('Compose')",
                        "item/CorpID": "@items('Apply_to_each')?['CORP ID']",
                        "item/Status": "@items('Apply_to_each')?['Status']",
                        "item/SolutionCenter": "@items('Apply_to_each')?['SOLUTION CENTER']",
                        "item/BaseLocation": "@items('Apply_to_each')?['Base Location']",
                        "item/Country": "@items('Apply_to_each')?['Country']"
                      },
                      "retryPolicy": {
                        "type": "fixed",
                        "count": 10,
                        "interval": "PT10S"
                      },
                      "authentication": "@parameters('$authentication')"
                    }
                  }
                }
              },
              "expression": {
                "greater": [
                  "@length(outputs('Get_items')?['body/value'])",
                  0
                ]
              },
              "metadata": {
                "operationMetadataId": "6f878e7b-a0f2-44a6-b5d0-60dc7e773f86"
              },
              "type": "If"
            },
            "updateStatus": {
              "foreach": "@outputs('Get_items')?['body/value']",
              "actions": {
                "Status": {
                  "runAfter": {},
                  "metadata": {
                    "operationMetadataId": "aa702949-f1a2-43e0-b761-3b759d13904c"
                  },
                  "type": "OpenApiConnection",
                  "inputs": {
                    "host": {
                      "apiId": "/providers/Microsoft.PowerApps/apis/shared_sharepointonline",
                      "connectionName": "shared_sharepointonline_2",
                      "operationId": "PatchItem"
                    },
                    "parameters": {
                      "dataset": "https://capgemini.sharepoint.com/sites/Testing96",
                      "table": "a3a8d0f6-3ec9-4370-b899-c41010898df0",
                      "id": "@items('updateStatus')?['ID']",
                      "item/Emp_x002e_ID": "@trim(items('Apply_to_each')?['Emp_x002e_ID'])",
                      "item/EmployeeName": "@trim(items('Apply_to_each')?['Employee Name'])",
                      "item/MailID": "@outputs('Compose')",
                      "item/CorpID": "@items('Apply_to_each')?['CORP ID']",
                      "item/Status": "@items('Apply_to_each')?['Status']",
                      "item/SolutionCenter": "@items('Apply_to_each')?['SOLUTION CENTER']",
                      "item/BaseLocation": "@items('Apply_to_each')?['Base Location']",
                      "item/Country": "@items('Apply_to_each')?['Country']"
                    },
                    "authentication": "@parameters('$authentication')"
                  }
                }
              },
              "runAfter": {
                "Get_items": [
                  "Succeeded"
                ]
              },
              "metadata": {
                "operationMetadataId": "3b36ddbf-a5c3-4eb5-bade-b3f21e5fa01f"
              },
              "type": "Foreach"
            },
            "Compose": {
              "runAfter": {},
              "metadata": {
                "operationMetadataId": "98cdeb00-8866-479a-81d8-60e03c30c40c"
              },
              "type": "Compose",
              "inputs": "@trim(items('Apply_to_each')?['Mail ID'])"
            },
            "Get_user_profile_(V2)": {
              "runAfter": {
                "Compose": [
                  "Succeeded"
                ]
              },
              "metadata": {
                "operationMetadataId": "08fc875c-fda6-45a6-9b96-32ae4251c548"
              },
              "type": "OpenApiConnection",
              "inputs": {
                "host": {
                  "apiId": "/providers/Microsoft.PowerApps/apis/shared_office365users",
                  "connectionName": "shared_office365users_1",
                  "operationId": "UserProfile_V2"
                },
                "parameters": {
                  "id": "@outputs('Compose')"
                },
                "retryPolicy": {
                  "type": "fixed",
                  "count": 10,
                  "interval": "PT10S"
                },
                "authentication": "@parameters('$authentication')"
              }
            }
          },
          "runAfter": {
            "List_rows_present_in_a_table": [
              "Succeeded"
            ]
          },
          "metadata": {
            "operationMetadataId": "aa52d742-d0ce-4188-834a-4992a8a6c0c2"
          },
          "type": "Foreach",
          "runtimeConfiguration": {
            "concurrency": {
              "repetitions": 50
            }
          }
        }
      }
    },
    "templateName": null
  },
  "schemaVersion": "1.0.0.0"
}