{
  "properties": {
    "connectionReferences": {
      "shared_powerbi": {
        "runtimeSource": "embedded",
        "connection": {
          "connectionReferenceLogicalName": "crownpro_sharedpowerbi_aa9e6"
        },
        "api": {
          "name": "shared_powerbi"
        }
      },
      "shared_sharepointonline": {
        "runtimeSource": "embedded",
        "connection": {
          "connectionReferenceLogicalName": "crownpro_sharedsharepointonline_9dfa3"
        },
        "api": {
          "name": "shared_sharepointonline"
        }
      }
    },
    "definition": {
      "$schema": "https://schema.management.azure.com/providers/Microsoft.Logic/schemas/2016-06-01/workflowdefinition.json#",
      "contentVersion": "1.0.0.0",
      "parameters": {
        "$connections": {
          "defaultValue": {},
          "type": "Object"
        },
        "$authentication": {
          "defaultValue": {},
          "type": "SecureObject"
        }
      },
      "triggers": {
        "When_an_item_is_created": {
          "recurrence": {
            "frequency": "Minute",
            "interval": 5
          },
          "splitOn": "@triggerOutputs()?['body/value']",
          "metadata": {
            "operationMetadataId": "93fc0dc7-ebb3-47c9-b4d1-e2ce2071247d"
          },
          "type": "OpenApiConnection",
          "inputs": {
            "host": {
              "apiId": "/providers/Microsoft.PowerApps/apis/shared_sharepointonline",
              "connectionName": "shared_sharepointonline",
              "operationId": "GetOnNewItems"
            },
            "parameters": {
              "dataset": "https://capgemini.sharepoint.com/sites/Testing96",
              "table": "a3a8d0f6-3ec9-4370-b899-c41010898df0"
            },
            "authentication": "@parameters('$authentication')"
          }
        }
      },
      "actions": {
        "Refresh_a_dataset": {
          "runAfter": {},
          "metadata": {
            "operationMetadataId": "eb210321-1715-4135-b2b6-d14a7ddbb494"
          },
          "type": "OpenApiConnection",
          "inputs": {
            "host": {
              "apiId": "/providers/Microsoft.PowerApps/apis/shared_powerbi",
              "connectionName": "shared_powerbi",
              "operationId": "RefreshDataset"
            },
            "parameters": {
              "groupid": "cdc72f63-32ee-4c9e-8d2e-c6f54ebfbc85",
              "datasetid": "a54fa62e-a65a-447b-a6f5-d3711ad977fe"
            },
            "authentication": "@parameters('$authentication')"
          }
        }
      },
      "outputs": {}
    },
    "templateName": null
  },
  "schemaVersion": "1.0.0.0"
}