{
  "properties": {
    "connectionReferences": {
      "shared_sharepointonline_1": {
        "runtimeSource": "embedded",
        "connection": {
          "connectionReferenceLogicalName": "crownpro_sharedsharepointonline_b4150"
        },
        "api": {
          "name": "shared_sharepointonline"
        }
      },
      "shared_excelonlinebusiness_1": {
        "runtimeSource": "embedded",
        "connection": {
          "connectionReferenceLogicalName": "crownpro_sharedexcelonlinebusiness_35a04"
        },
        "api": {
          "name": "shared_excelonlinebusiness"
        }
      },
      "shared_excelonlinebusiness": {
        "runtimeSource": "embedded",
        "connection": {
          "connectionReferenceLogicalName": "crownpro_sharedexcelonlinebusiness_35a04"
        },
        "api": {
          "name": "shared_excelonlinebusiness"
        }
      }
    },
    "definition": {
      "$schema": "https://schema.management.azure.com/providers/Microsoft.Logic/schemas/2016-06-01/workflowdefinition.json#",
      "contentVersion": "1.0.0.0",
      "parameters": {
        "$connections": {
          "defaultValue": {},
          "type": "Object"
        },
        "$authentication": {
          "defaultValue": {},
          "type": "SecureObject"
        }
      },
      "triggers": {
        "Recurrence": {
          "recurrence": {
            "frequency": "Week",
            "interval": 1,
            "timeZone": "US Eastern Standard Time",
            "startTime": "2023-01-11T07:00:00Z",
            "schedule": {
              "weekDays": [
                "Monday"
              ],
              "hours": [
                "8"
              ]
            }
          },
          "metadata": {
            "operationMetadataId": "350a5ec1-208a-4c03-8a08-b7448a2e8b6c"
          },
          "type": "Recurrence"
        }
      },
      "actions": {
        "Apply_to_each": {
          "foreach": "@outputs('List_rows_present_in_a_table')?['body/value']",
          "actions": {
            "Get_items": {
              "runAfter": {},
              "metadata": {
                "operationMetadataId": "ce75d87d-4555-4c34-9322-0ebe0761a107"
              },
              "type": "OpenApiConnection",
              "inputs": {
                "host": {
                  "apiId": "/providers/Microsoft.PowerApps/apis/shared_sharepointonline",
                  "connectionName": "shared_sharepointonline_1",
                  "operationId": "GetItems"
                },
                "parameters": {
                  "dataset": "https://capgemini.sharepoint.com/sites/SolcenandCapgemini/",
                  "table": "190c9dd0-d3ab-4869-9001-7cfdea9be825",
                  "viewScopeOption": "RecursiveAll",
                  "$filter": "(field_0 eq'@{items('Apply_to_each')?['RA_CGEmail']}')"
                },
                "retryPolicy": {
                  "type": "fixed",
                  "count": 10,
                  "interval": "PT30S"
                },
                "authentication": "@parameters('$authentication')"
              }
            },
            "Condition": {
              "actions": {
                "Apply_to_each_2": {
                  "foreach": "@outputs('Get_items')?['body/value']",
                  "actions": {
                    "Update_item": {
                      "runAfter": {},
                      "metadata": {
                        "operationMetadataId": "ad46c873-c1a6-4fd1-87d6-43a088f9d3a5"
                      },
                      "type": "OpenApiConnection",
                      "inputs": {
                        "host": {
                          "apiId": "/providers/Microsoft.PowerApps/apis/shared_sharepointonline",
                          "connectionName": "shared_sharepointonline_1",
                          "operationId": "PatchItem"
                        },
                        "parameters": {
                          "dataset": "https://capgemini.sharepoint.com/sites/SolcenandCapgemini/",
                          "table": "190c9dd0-d3ab-4869-9001-7cfdea9be825",
                          "id": "@items('Apply_to_each_2')?['ID']",
                          "item/Title": "@outputs('Get_a_row')?['body/Employee Name']",
                          "item/field_0": "@outputs('Get_a_row')?['body/Mail ID']",
                          "item/field_2": "@outputs('Get_a_row')?['body/Emp_x002e_ID']",
                          "item/field_3": "@outputs('Get_a_row')?['body/CORP ID']",
                          "item/field_4": "@if(equals(outputs('Get_a_row')?['body/Joining date'],''),null,addDays('1899-12-30',int(outputs('Get_a_row')?['body/Joining date']),'yyyy-MM-dd'))",
                          "item/field_5": "@if(equals(outputs('Get_a_row')?['body/LWD'],''),null,addDays('1899-12-30',int(outputs('Get_a_row')?['body/LWD']),'yyyy-MM-dd'))",
                          "item/field_6": "@outputs('Get_a_row')?['body/Owner Name']",
                          "item/field_7": "@outputs('Get_a_row')?['body/Owner ID']",
                          "item/field_8": "@outputs('Get_a_row')?['body/SOLUTION CENTER']",
                          "item/field_9": "@outputs('Get_a_row')?['body/Billing Role description']",
                          "item/field_10/Value": "@outputs('Get_a_row')?['body/Billable Status']",
                          "item/field_11": "@outputs('Get_a_row')?['body/Chanel ID']",
                          "item/field_13": "@outputs('Get_a_row')?['body/AX ID']",
                          "item/field_14/Value": "@outputs('Get_a_row')?['body/Status']",
                          "item/field_15": "@if(equals(outputs('Get_a_row')?['body/Billing start date'],''),null,addDays('1899-12-30',int(outputs('Get_a_row')?['body/Billing start date']),'yyyy-MM-dd'))",
                          "item/field_16": "@if(equals(outputs('Get_a_row')?['body/LWD'],''),null,addDays('1899-12-30',int(outputs('Get_a_row')?['body/LWD']),'yyyy-MM-dd'))",
                          "item/field_19": "@concat('Updated on Date & Time',utcNow())",
                          "item/Allocation": "@outputs('Get_a_row')?['body/FTE']"
                        },
                        "retryPolicy": {
                          "type": "fixed",
                          "count": 10,
                          "interval": "PT10S"
                        },
                        "authentication": "@parameters('$authentication')"
                      }
                    }
                  },
                  "runAfter": {},
                  "metadata": {
                    "operationMetadataId": "e5ac4fff-f4fd-4e6f-a2a0-a3572c7aeb34"
                  },
                  "type": "Foreach",
                  "runtimeConfiguration": {
                    "concurrency": {
                      "repetitions": 50
                    }
                  }
                }
              },
              "runAfter": {
                "Get_a_row": [
                  "Succeeded"
                ]
              },
              "else": {
                "actions": {
                  "Compose": {
                    "runAfter": {},
                    "metadata": {
                      "operationMetadataId": "4fedbfa0-aa28-466d-8d30-62d7dc355d44"
                    },
                    "type": "Compose",
                    "inputs": "@outputs('Get_a_row')?['body/LWD']"
                  },
                  "Create_item": {
                    "runAfter": {
                      "Compose": [
                        "Succeeded"
                      ]
                    },
                    "metadata": {
                      "operationMetadataId": "aa778a87-2261-4912-a99c-cb3662836710"
                    },
                    "type": "OpenApiConnection",
                    "inputs": {
                      "host": {
                        "apiId": "/providers/Microsoft.PowerApps/apis/shared_sharepointonline",
                        "connectionName": "shared_sharepointonline_1",
                        "operationId": "PostItem"
                      },
                      "parameters": {
                        "dataset": "https://capgemini.sharepoint.com/sites/SolcenandCapgemini/",
                        "table": "190c9dd0-d3ab-4869-9001-7cfdea9be825",
                        "item/Title": "@outputs('Get_a_row')?['body/Employee Name']",
                        "item/field_0": "@outputs('Get_a_row')?['body/Mail ID']",
                        "item/field_2": "@outputs('Get_a_row')?['body/Emp_x002e_ID']",
                        "item/field_3": "@outputs('Get_a_row')?['body/CORP ID']",
                        "item/field_4": "@if(equals(outputs('Get_a_row')?['body/Joining date'],''),null,addDays('1899-12-30',int(outputs('Get_a_row')?['body/Joining date']),'yyyy-MM-dd'))",
                        "item/field_5": "@if(equals(outputs('Get_a_row')?['body/LWD'],''),null,addDays('1899-12-30',int(outputs('Get_a_row')?['body/LWD']),'yyyy-MM-dd'))",
                        "item/field_6": "@outputs('Get_a_row')?['body/Owner Name']",
                        "item/field_7": "@outputs('Get_a_row')?['body/Owner ID']",
                        "item/field_8": "@outputs('Get_a_row')?['body/SOLUTION CENTER']",
                        "item/field_9": "@outputs('Get_a_row')?['body/Billing Role description']",
                        "item/field_10/Value": "@outputs('Get_a_row')?['body/Billable Status']",
                        "item/field_11": "@outputs('Get_a_row')?['body/Chanel ID']",
                        "item/field_13": "@outputs('Get_a_row')?['body/AX ID']",
                        "item/field_14/Value": "@outputs('Get_a_row')?['body/Status']",
                        "item/field_15": "@if(equals(outputs('Get_a_row')?['body/Billing start date'],''),null,addDays('1899-12-30',int(outputs('Get_a_row')?['body/Billing start date']),'yyyy-MM-dd'))",
                        "item/field_16": "@if(equals(outputs('Get_a_row')?['body/LWD'],''),null,addDays('1899-12-30',int(outputs('Get_a_row')?['body/LWD']),'yyyy-MM-dd'))",
                        "item/field_19": "@utcnow()",
                        "item/Allocation": "@outputs('Get_a_row')?['body/FTE']"
                      },
                      "retryPolicy": {
                        "type": "fixed",
                        "count": 10,
                        "interval": "PT10S"
                      },
                      "authentication": "@parameters('$authentication')"
                    }
                  }
                }
              },
              "expression": {
                "not": {
                  "equals": [
                    "@length(outputs('Get_items')?['body/value'])",
                    0
                  ]
                }
              },
              "metadata": {
                "operationMetadataId": "6deb1420-8a68-477a-a0fc-937ed7653576"
              },
              "type": "If"
            },
            "Get_a_row": {
              "runAfter": {
                "Get_items": [
                  "Succeeded"
                ]
              },
              "metadata": {
                "01TKOMME232SMGXOYZVRD2E5ATRMPBBBN3": "/General/6. Time Booking/TheRASolution/2023-ResourceAllocation.xlsx",
                "operationMetadataId": "3976f8a3-4878-497e-b7d3-7c8765d0f4f6",
                "tableId": "{00000000-000C-0000-FFFF-FFFF01000000}",
                "01TKOMME4PNKIRKYBC5BFIM7SIWXQQARUL": "/General/6. Time Booking/TheRASolution/2024 Resource Allocation.xlsx",
                "01TKOMME5BCRB7FHDOZ5HZ3SMU66H47F7B": "/General/6. Time Booking/TheRASolution/2024 Resource Allocation.xlsx",
                "01TKOMME3RSS3J42FLJZC3EDRKV4HJQT4Z": "/General/6. Time Booking/TheRASolution/2024 Resource Allocation.xlsx"
              },
              "type": "OpenApiConnection",
              "inputs": {
                "host": {
                  "apiId": "/providers/Microsoft.PowerApps/apis/shared_excelonlinebusiness",
                  "connectionName": "shared_excelonlinebusiness_1",
                  "operationId": "GetItem"
                },
                "parameters": {
                  "source": "groups/6f64175c-546d-45fe-ad05-38896302b78b",
                  "drive": "b!KOA7Tp6Ou0u6FplXQnB_gigM_t0SpuVAkM3dc8E0r515aTNDMIrKSb_YQBa0C3Qw",
                  "file": "01TKOMME3RSS3J42FLJZC3EDRKV4HJQT4Z",
                  "table": "{00000000-000C-0000-FFFF-FFFF02000000}",
                  "idColumn": "Mail ID",
                  "id": "@items('Apply_to_each')?['RA_CGEmail']",
                  "dateTimeFormat": "Serial Number"
                },
                "retryPolicy": {
                  "type": "fixed",
                  "count": 10,
                  "interval": "PT30S"
                },
                "authentication": "@parameters('$authentication')"
              }
            }
          },
          "runAfter": {
            "List_rows_present_in_a_table": [
              "Succeeded"
            ]
          },
          "metadata": {
            "operationMetadataId": "e525d245-5258-46f5-9807-8b884adf51c8"
          },
          "type": "Foreach",
          "runtimeConfiguration": {
            "concurrency": {
              "repetitions": 50
            }
          }
        },
        "List_rows_present_in_a_table": {
          "runAfter": {},
          "metadata": {
            "01TKOMME3RSS3J42FLJZC3EDRKV4HJQT4Z": "/General/6. Time Booking/TheRASolution/2024 Resource Allocation.xlsx",
            "operationMetadataId": "5e59ca6d-6d91-4829-8185-cb58d61625b0",
            "tableId": "{00000000-000C-0000-FFFF-FFFF01000000}"
          },
          "type": "OpenApiConnection",
          "inputs": {
            "host": {
              "apiId": "/providers/Microsoft.PowerApps/apis/shared_excelonlinebusiness",
              "connectionName": "shared_excelonlinebusiness",
              "operationId": "GetItems"
            },
            "parameters": {
              "source": "groups/6f64175c-546d-45fe-ad05-38896302b78b",
              "drive": "b!KOA7Tp6Ou0u6FplXQnB_gigM_t0SpuVAkM3dc8E0r515aTNDMIrKSb_YQBa0C3Qw",
              "file": "01TKOMME3RSS3J42FLJZC3EDRKV4HJQT4Z",
              "table": "{00000000-000C-0000-FFFF-FFFF01000000}"
            },
            "authentication": "@parameters('$authentication')"
          },
          "runtimeConfiguration": {
            "paginationPolicy": {
              "minimumItemCount": 5000
            }
          }
        }
      }
    },
    "templateName": null
  },
  "schemaVersion": "1.0.0.0"
}