<botcomponent schemaname="crbed_userSupport.knowledge.httpswwwtheweathernetworkcomen_5_M8jwJal7GDlYocAhkHx">
  <componenttype>16</componenttype>
  <description>This knowledge source searches information on the web found in https://www.theweathernetwork.com/en website</description>
  <iscustomizable>0</iscustomizable>
  <name>https://www.theweathernetwork.com/en</name>
  <parentbotid>
    <schemaname>crbed_userSupport</schemaname>
  </parentbotid>
  <statecode>0</statecode>
  <statuscode>1</statuscode>
</botcomponent>