{
  "properties": {
    "connectionReferences": {
      "shared_excelonlinebusiness": {
        "runtimeSource": "invoker",
        "connection": {},
        "api": {
          "name": "shared_excelonlinebusiness"
        }
      },
      "shared_sharepointonline": {
        "runtimeSource": "invoker",
        "connection": {},
        "api": {
          "name": "shared_sharepointonline"
        }
      }
    },
    "definition": {
      "$schema": "https://schema.management.azure.com/providers/Microsoft.Logic/schemas/2016-06-01/workflowdefinition.json#",
      "contentVersion": "1.0.0.0",
      "parameters": {
        "$connections": {
          "defaultValue": {},
          "type": "Object"
        },
        "$authentication": {
          "defaultValue": {},
          "type": "SecureObject"
        }
      },
      "triggers": {
        "manual": {
          "metadata": {
            "operationMetadataId": "1337b09e-e5de-44c2-a86f-9628b07df1db"
          },
          "type": "Request",
          "kind": "Button",
          "inputs": {
            "schema": {
              "type": "object",
              "properties": {},
              "required": []
            }
          }
        }
      },
      "actions": {
        "AX_View_Table_Details": {
          "runAfter": {},
          "metadata": {
            "01DQRZCDMYPAEEYNNCLVGYUEPFAKQHMKXR": "/Crown Testing/AX View.xlsx",
            "operationMetadataId": "c0f4ab61-0613-4cd5-b7c5-7348e16932c5",
            "tableId": "{37740C26-93BE-4575-948E-95F668643738}",
            "01DQRZCDI6WDAE5BFFHRDZ2J5LQBLBHPZN": "/Crown POC Testing/AX View 2.xlsx",
            "01DQRZCDNU22EQYDYT5NGIE3KN6QNDK3OG": "/Crown POC Testing/POC ZIP/AX View 2.xlsx"
          },
          "type": "OpenApiConnection",
          "inputs": {
            "host": {
              "connectionName": "shared_excelonlinebusiness",
              "operationId": "GetItems",
              "apiId": "/providers/Microsoft.PowerApps/apis/shared_excelonlinebusiness"
            },
            "parameters": {
              "source": "me",
              "drive": "b!GBbiBUOS202Mvt16kKu4fvomkfNOuXVKqO6Jvd2tWjhoSN6OwAu0QoEKkH-BVK8x",
              "file": "01DQRZCDNU22EQYDYT5NGIE3KN6QNDK3OG",
              "table": "{37740C26-93BE-4575-948E-95F668643738}"
            },
            "authentication": {
              "type": "Raw",
              "value": "@json(decodeBase64(triggerOutputs().headers['X-MS-APIM-Tokens']))['$ConnectionKey']"
            }
          }
        },
        "Checking_Purch_IDs_and_Barcodes": {
          "foreach": "@outputs('AX_View_Table_Details')?['body/value']",
          "actions": {
            "Items_": {
              "runAfter": {},
              "metadata": {
                "operationMetadataId": "51adc9cd-81f9-457a-a4aa-1e4146dd5c37"
              },
              "type": "OpenApiConnection",
              "inputs": {
                "host": {
                  "connectionName": "shared_sharepointonline",
                  "operationId": "GetItems",
                  "apiId": "/providers/Microsoft.PowerApps/apis/shared_sharepointonline"
                },
                "parameters": {
                  "dataset": "https://capgemini.sharepoint.com/sites/Mysite993",
                  "table": "7fc2e8f2-913a-4e69-b090-35aa6f81d16a",
                  "$filter": "((PurchID eq '@{items('Checking_Purch_IDs_and_Barcodes')?['PURCHID']}') and (Barcode eq '@{items('Checking_Purch_IDs_and_Barcodes')?['BARCODE']}'))"
                },
                "authentication": {
                  "type": "Raw",
                  "value": "@json(decodeBase64(triggerOutputs().headers['X-MS-APIM-Tokens']))['$ConnectionKey']"
                }
              }
            },
            "Updating_AX_Values": {
              "foreach": "@outputs('Items_')?['body/value']",
              "actions": {
                "Update_item": {
                  "runAfter": {},
                  "metadata": {
                    "operationMetadataId": "c4d5dcb6-17b3-4b47-bf93-3199a797985c"
                  },
                  "type": "OpenApiConnection",
                  "inputs": {
                    "host": {
                      "connectionName": "shared_sharepointonline",
                      "operationId": "PatchItem",
                      "apiId": "/providers/Microsoft.PowerApps/apis/shared_sharepointonline"
                    },
                    "parameters": {
                      "dataset": "https://capgemini.sharepoint.com/sites/Mysite993",
                      "table": "7fc2e8f2-913a-4e69-b090-35aa6f81d16a",
                      "id": "@items('Updating_AX_Values')?['ID']",
                      "item/RemainInventPhysical": "@items('Checking_Purch_IDs_and_Barcodes')?['REMAININVENTPHYSICAL']",
                      "item/ActualCancelledQty": "@items('Checking_Purch_IDs_and_Barcodes')?['Actual Cancelled Qty']",
                      "item/DeliveredQty": "@items('Checking_Purch_IDs_and_Barcodes')?['Delivered Qty']",
                      "item/InvoicedQty": "@items('Checking_Purch_IDs_and_Barcodes')?['Invoiced Qty']",
                      "item/ProductType": "@items('Checking_Purch_IDs_and_Barcodes')?['Product Type']",
                      "item/WFJProductType": "@items('Checking_Purch_IDs_and_Barcodes')?['WFJ Product Type']",
                      "item/CHKsalesOrder": "@items('Checking_Purch_IDs_and_Barcodes')?['CHKSalesOrder']",
                      "item/CHKSOCustomerName": "@items('Checking_Purch_IDs_and_Barcodes')?['CHK SO Customer Name']",
                      "item/MarketPONumber": "@items('Checking_Purch_IDs_and_Barcodes')?['Market PO Number']",
                      "item/MarketSONumber_x005b_DF_x002f_SA": "@items('Checking_Purch_IDs_and_Barcodes')?['Market SO Number']"
                    },
                    "authentication": {
                      "type": "Raw",
                      "value": "@json(decodeBase64(triggerOutputs().headers['X-MS-APIM-Tokens']))['$ConnectionKey']"
                    }
                  }
                }
              },
              "runAfter": {
                "Items_": [
                  "Succeeded"
                ]
              },
              "metadata": {
                "operationMetadataId": "280a2c87-1a2c-4eb6-9358-dd0925a1b0b2"
              },
              "type": "Foreach"
            }
          },
          "runAfter": {
            "AX_View_Table_Details": [
              "Succeeded"
            ]
          },
          "metadata": {
            "operationMetadataId": "0117a916-227f-456b-a1d7-0c7bf086bb97"
          },
          "type": "Foreach"
        }
      }
    },
    "templateName": ""
  },
  "schemaVersion": "1.0.0.0"
}