<environmentvariabledefinition schemaname="cr3ab_C2XSharepointSiteAddress">
  <defaultvalue>https://lpl.sharepoint.com/sites/CFIACOE-BotDocuments</defaultvalue>
  <displayname default="C2X Sharepoint Site Address">
    <label description="C2X Sharepoint Site Address" languagecode="1033" />
  </displayname>
  <introducedversion>1.0.0.0</introducedversion>
  <iscustomizable>1</iscustomizable>
  <isrequired>0</isrequired>
  <secretstore>0</secretstore>
  <type>100000000</type>
</environmentvariabledefinition>