{"name":"e4b563d9-2af1-4f5e-bb84-00ec12779202","id":"/providers/Microsoft.Flow/flows/e4b563d9-2af1-4f5e-bb84-00ec12779202","type":"Microsoft.Flow/flows","properties":{"apiId":"/providers/Microsoft.PowerApps/apis/shared_logicflows","displayName":"FA Rework for file upload - POC","definition":{"metadata":{"workflowEntityId":null,"processAdvisorMetadata":null,"flowChargedByPaygo":null,"flowclientsuspensionreason":"None","flowclientsuspensiontime":null,"flowclientsuspensionreasondetails":null,"creator":{"id":"0f53e782-45cf-4639-9fb4-7c8848154a1e","type":"User","tenantId":"76a2ae5a-9f00-4f6b-95ed-5d33d77c4d61"},"provisioningMethod":"FromDefinition","failureAlertSubscription":true,"clientLastModifiedTime":"2023-12-07T09:41:18.5994275Z","connectionKeySavedTimeKey":"2023-12-07T09:38:39.7904194Z"},"$schema":"https://schema.management.azure.com/providers/Microsoft.Logic/schemas/2016-06-01/workflowdefinition.json#","contentVersion":"1.0.0.0","parameters":{"$connections":{"defaultValue":{},"type":"Object"},"$authentication":{"defaultValue":{},"type":"SecureObject"}},"triggers":{"manual":{"metadata":{"operationMetadataId":"a7a840dd-97a7-4795-bdc8-05b8a14b8b50"},"type":"Request","kind":"PowerAppV2","inputs":{"schema":{"type":"object","properties":{"file":{"title":"File Content","type":"object","x-ms-dynamically-added":true,"description":"Please select file or image","x-ms-content-hint":"FILE","properties":{"name":{"type":"string"},"contentBytes":{"type":"string","format":"byte"}}},"text":{"title":"File Name","type":"string","x-ms-dynamically-added":true,"description":"Please enter your input","x-ms-content-hint":"TEXT"}},"required":["text"]}}}},"actions":{"Create_file":{"runAfter":{},"metadata":{"operationMetadataId":"b8b2e25a-612f-4f7e-844e-71c46210b231"},"type":"OpenApiConnection","inputs":{"host":{"apiId":"/providers/Microsoft.PowerApps/apis/shared_sharepointonline","connectionName":"shared_sharepointonline","operationId":"CreateFile"},"parameters":{"dataset":"https://capgemini.sharepoint.com/sites/AutomationTeam613","folderPath":"/Shared Documents","name":"@triggerBody()['text']","body":"@triggerBody()?['file']?['contentBytes']"},"authentication":{"value":"@json(decodeBase64(triggerOutputs().headers['X-MS-APIM-Tokens']))['$ConnectionKey']","type":"Raw"}},"runtimeConfiguration":{"contentTransfer":{"transferMode":"Chunked"}}},"List_rows_present_in_a_table":{"runAfter":{"Create_file":["Succeeded"]},"metadata":{"operationMetadataId":"e96a1726-48f7-4fcb-95dc-732fbf1abc4b","tableId":"Table1"},"type":"OpenApiConnection","inputs":{"host":{"apiId":"/providers/Microsoft.PowerApps/apis/shared_excelonlinebusiness","connectionName":"shared_excelonlinebusiness","operationId":"GetItems"},"parameters":{"source":"groups/b0a3018e-e3d7-4bf6-a732-50580df01617","drive":"b!T16pMxNv6kSG1Ks10WUtcVvO4q1KBdFIoGgEJv-EwdH4X5DgvaeGQ51ScBJya1Ag","file":"@outputs('Create_file')?['body/Id']","table":"Table1"},"authentication":{"value":"@json(decodeBase64(triggerOutputs().headers['X-MS-APIM-Tokens']))['$ConnectionKey']","type":"Raw"}}},"Apply_to_each":{"foreach":"@outputs('List_rows_present_in_a_table')?['body/value']","actions":{"Compose":{"runAfter":{},"metadata":{"operationMetadataId":"e5ff35bd-b819-4037-a865-8b5f334fee41"},"type":"Compose","inputs":"@items('Apply_to_each')?['Invoice Id']"},"Append_to_string_variable":{"runAfter":{"Compose":["Succeeded"]},"metadata":{"operationMetadataId":"375f93db-7778-4e27-9f20-32dc3803c43a"},"type":"AppendToStringVariable","inputs":{"name":"InvoiceID","value":"@{outputs('Compose')},"}}},"runAfter":{"InvoiceID":["Succeeded"]},"metadata":{"operationMetadataId":"eeadd48c-1759-43a3-afe9-edfa5897f78d"},"type":"Foreach"},"InvoiceID":{"runAfter":{"List_rows_present_in_a_table":["Succeeded"]},"metadata":{"operationMetadataId":"f2c5bd8b-a5e0-41dc-a604-363dac126b82"},"type":"InitializeVariable","inputs":{"variables":[{"name":"InvoiceID","type":"string"}]}},"Respond_to_a_PowerApp_or_flow":{"runAfter":{"Apply_to_each":["Succeeded"]},"metadata":{"operationMetadataId":"260690ce-0ca0-4401-9170-f3745070d0e9"},"type":"Response","kind":"PowerApp","inputs":{"statusCode":200,"body":{"invoiceid_values":"@variables('InvoiceID')"},"schema":{"type":"object","properties":{"invoiceid_values":{"title":"InvoiceID Values","x-ms-dynamically-added":true,"type":"string"}}}}},"Delete_file":{"runAfter":{"Delay":["Succeeded"]},"metadata":{"operationMetadataId":"c48a7810-48ba-4ec5-b542-5e288440c3cc"},"type":"OpenApiConnection","inputs":{"host":{"apiId":"/providers/Microsoft.PowerApps/apis/shared_sharepointonline","connectionName":"shared_sharepointonline","operationId":"DeleteFile"},"parameters":{"dataset":"https://capgemini.sharepoint.com/sites/AutomationTeam613","id":"@outputs('Create_file')?['body/Id']"},"authentication":{"value":"@json(decodeBase64(triggerOutputs().headers['X-MS-APIM-Tokens']))['$ConnectionKey']","type":"Raw"}}},"Delay":{"runAfter":{"Respond_to_a_PowerApp_or_flow":["Succeeded"]},"metadata":{"operationMetadataId":"e5a2c5dc-7ba0-41e4-84ee-526108b62dbf"},"type":"Wait","inputs":{"interval":{"count":6,"unit":"Minute"}}}}},"connectionReferences":{"shared_sharepointonline":{"connectionName":"shared-sharepointonl-393e486e-8816-4761-ab9a-e9d42a2e51ab","source":"Invoker","id":"/providers/Microsoft.PowerApps/apis/shared_sharepointonline","tier":"NotSpecified"},"shared_excelonlinebusiness":{"connectionName":"shared-excelonlinebu-b7ccac64-f5e0-4070-a011-02a7621bb1a4","source":"Invoker","id":"/providers/Microsoft.PowerApps/apis/shared_excelonlinebusiness","tier":"NotSpecified"}},"flowFailureAlertSubscribed":false,"isManaged":false}}