<appaction uniquename="new__Mscrm.Form.{!EntityLogicalName}.NewRecordForBPFEntity!new_RAAPP!new_referential!0">
  <appmoduleid>
    <uniquename>new_RAAPP</uniquename>
  </appmoduleid>
  <buttonaccessibilitytext default="New">
    <label description="New" languagecode="1033" />
  </buttonaccessibilitytext>
  <buttonlabeltext default="New">
    <label description="New" languagecode="1033" />
  </buttonlabeltext>
  <buttontooltipdescription default="Create a new {EntityLogicalNameMarker} record.">
    <label description="Create a new {EntityLogicalNameMarker} record." languagecode="1033" />
  </buttontooltipdescription>
  <buttontooltiptitle default="New">
    <label description="New" languagecode="1033" />
  </buttontooltiptitle>
  <context>1</context>
  <contextentity>
    <logicalname>new_referential</logicalname>
  </contextentity>
  <contextvalue>new_referential</contextvalue>
  <fonticon>$clientsvg:Add</fonticon>
  <hidden>0</hidden>
  <iscustomizable>1</iscustomizable>
  <isdisabled>0</isdisabled>
  <isgrouptitlehidden>0</isgrouptitlehidden>
  <location>0</location>
  <name>Mscrm.Form.{!EntityLogicalName}.NewRecordForBPFEntity</name>
  <onclickeventjavascriptfunctionname>XrmCore.Commands.NewRecordForBPFEntity.openNewRecord</onclickeventjavascriptfunctionname>
  <onclickeventjavascriptparameters>[{"type":2,"value":null}]</onclickeventjavascriptparameters>
  <onclickeventjavascriptwebresourceid>
    <webresourceid>adea1aea-b2aa-e611-80d6-00155d88c343</webresourceid>
  </onclickeventjavascriptwebresourceid>
  <onclickeventtype>2</onclickeventtype>
  <origin>2</origin>
  <sequence>100100045.0000000000</sequence>
  <statecode>0</statecode>
  <statuscode>1</statuscode>
  <type>0</type>
  <visibilitytype>2</visibilitytype>
</appaction>