<botcomponent schemaname="cr5e0_itHelpdeskTicketAssistant.component.employee_handbook_final.pdf_b6s">
  <componenttype>14</componenttype>
  <description>This employee handbook provides details on HR information such as Employee Classifications, Harassment, Employment information, Discipline, workplace safety, workplace expectations such as conflicts of interest, dress code, use of social media, compensation, time off and vacation, and benefits overview.</description>
  <filedata mimetype="application/pdf">employee_handbook_final.pdf</filedata>
  <iscustomizable>0</iscustomizable>
  <name>Employee Handbook</name>
  <parentbotid>
    <schemaname>cr5e0_itHelpdeskTicketAssistant</schemaname>
  </parentbotid>
  <statecode>0</statecode>
  <statuscode>1</statuscode>
</botcomponent>