{
  "properties": {
    "connectionReferences": {
      "shared_wordonlinebusiness": {
        "runtimeSource": "invoker",
        "connection": {
          "connectionReferenceLogicalName": "fadev_sharedwordonlinebusiness_48702"
        },
        "api": {
          "name": "shared_wordonlinebusiness"
        }
      },
      "shared_onedriveforbusiness": {
        "runtimeSource": "invoker",
        "connection": {
          "connectionReferenceLogicalName": "fadev_sharedonedriveforbusiness_e8ae8"
        },
        "api": {
          "name": "shared_onedriveforbusiness"
        }
      },
      "shared_office365": {
        "runtimeSource": "invoker",
        "connection": {
          "connectionReferenceLogicalName": "fadev_sharedoffice365_0efbf"
        },
        "api": {
          "name": "shared_office365"
        }
      }
    },
    "definition": {
      "$schema": "https://schema.management.azure.com/providers/Microsoft.Logic/schemas/2016-06-01/workflowdefinition.json#",
      "contentVersion": "1.0.0.0",
      "parameters": {
        "$connections": {
          "defaultValue": {},
          "type": "Object"
        },
        "$authentication": {
          "defaultValue": {},
          "type": "SecureObject"
        }
      },
      "triggers": {
        "manual": {
          "metadata": {
            "operationMetadataId": "8d86f9b1-bac7-4b01-8dc7-caaf3a58e38c"
          },
          "type": "Request",
          "kind": "PowerApp",
          "inputs": {
            "schema": {
              "type": "object",
              "properties": {
                "Compose_Inputs": {
                  "type": "any",
                  "description": "Inputs",
                  "x-ms-powerflows-param-ispartial": false
                },
                "Compose_Inputs_1": {
                  "type": "any"
                },
                "Compose_Inputs_2": {
                  "type": "any"
                },
                "Sendanemail(V2)_To": {
                  "type": "string",
                  "format": "email",
                  "description": "Specify email addresses separated by semicolons like someone@contoso.com",
                  "x-ms-powerflows-param-ispartial": false
                }
              },
              "required": [
                "Compose_Inputs",
                "Compose_Inputs_1",
                "Compose_Inputs_2",
                "Sendanemail(V2)_To"
              ]
            }
          }
        }
      },
      "actions": {
        "Items_Data": {
          "runAfter": {},
          "metadata": {
            "operationMetadataId": "899ce437-563b-496d-aaa1-18fcbfd68973"
          },
          "type": "Compose",
          "inputs": "@triggerBody()['Compose_Inputs']"
        },
        "Select_Items": {
          "runAfter": {
            "SubTotalAmount": [
              "Succeeded"
            ]
          },
          "metadata": {
            "operationMetadataId": "739fe00a-41b2-416b-b1bb-50369341246f"
          },
          "type": "Select",
          "inputs": {
            "from": "@json(outputs('Items_Data'))",
            "select": {
              "cr9ef_invoiceid": "@item()?['cr9ef_invoiceid']",
              "cr9ef_itemid": "@item()?['cr9ef_itemid']",
              "cr9ef_invoiceprice": "@item()?['cr9ef_invoiceprice']",
              "cr9ef_invoiceqty": "@item()?['cr9ef_invoiceqty']",
              "cr9ef_lineamount": "@item()?['cr9ef_lineamount']"
            }
          }
        },
        "Populate_a_Microsoft_Word_template": {
          "runAfter": {
            "Select_Header": [
              "Succeeded"
            ]
          },
          "metadata": {
            "017X7R6ZJY5OBH42ADDJHLY4Q4RDQXQBOZ": "/FA Rework/FARework-Temlate2.docx",
            "operationMetadataId": "094380fc-80cb-4cce-9462-b3de757e0f8d",
            "017X7R6ZPVY5H24GEX2FAJUE75BI43MX7U": "/FA Rework/FARework-Temlate2.docx",
            "017X7R6ZJCJLOIRPSQDJD2IKPJSH7WFJPF": "/FA Rework/FARework-Temlate2.docx",
            "017X7R6ZKR4FG3HNZ4GJBKAQH3BCORCYYJ": "/FA Rework/FARework-Temlate2.docx",
            "01BANKFJPWB7BJEF7IBZGL2CNRLBAGQLJJ": "/FAReworkSharePoint/Invoice Template Floder/FARework-Temlate.docx",
            "01DR2WT5EHQBMV7QVULJE25WJJMBU2MANC": "/FA-Rework/Invoice_template/FARework-Template.docx",
            "01DR2WT5HTDQFVV4MIABBY6OVE6IERFWJD": "/FA-Rework/Invoice_template/FARework-Template.docx",
            "01DR2WT5FHG4DIFIRXJRFKHCCGON4M7TW5": "/FA-Rework/Invoice_template/FARework-Template.docx",
            "01DR2WT5D3V4ININPOLBGI7BI64QXLVINN": "/FA-Rework/Invoice_template/FARework-Template.docx",
            "01DR2WT5GUCHADHI2Z6NDZYIVMAT7I4S3B": "/FA-Rework/Invoice_template/FARework-Template.docx",
            "01DR2WT5FULQUBGM5QAFF23I2ODIEOXLQS": "/FA-Rework/Invoice_template/FARework-Template.docx",
            "01DR2WT5E2KZAMCRJGXNC3ZT2REKC4BHCT": "/FA-Rework/Invoice_template/FARework-Template.docx",
            "01DR2WT5CQOR65URHIP5GKZDUH2NKWPCQU": "/FA-Rework/Invoice_template/FARework-Template.docx",
            "01DR2WT5H7WFKGA4EA45FJIAXCZIPF5E4Y": "/FA-Rework/Invoice_template/FARework-Template.docx"
          },
          "type": "OpenApiConnection",
          "inputs": {
            "host": {
              "connectionName": "shared_wordonlinebusiness",
              "operationId": "CreateFileItem",
              "apiId": "/providers/Microsoft.PowerApps/apis/shared_wordonlinebusiness"
            },
            "parameters": {
              "source": "groups/85df62ae-c366-4f3a-a7a9-9388245b057a",
              "drive": "b!1as_VFbviUOysUCZNTF6BDF-CHqMPRJJg79wwOLswfJa5yI0FPEdQY2kGeRsQywk",
              "file": "01DR2WT5H7WFKGA4EA45FJIAXCZIPF5E4Y",
              "dynamicFileSchema/1189017394": "Invoice",
              "dynamicFileSchema/1625886941": "@body('Select_Items')",
              "dynamicFileSchema/1893067471": "@outputs('SubTotalAmount')",
              "dynamicFileSchema/-933206376": "@body('Select_Header')"
            },
            "authentication": {
              "type": "Raw",
              "value": "@json(decodeBase64(triggerOutputs().headers['X-MS-APIM-Tokens']))['$ConnectionKey']"
            }
          }
        },
        "Create_file_2": {
          "runAfter": {
            "Populate_a_Microsoft_Word_template": [
              "Succeeded"
            ]
          },
          "metadata": {
            "operationMetadataId": "58dd5504-a99f-44c9-8353-d3acdb4f716c"
          },
          "type": "OpenApiConnection",
          "inputs": {
            "host": {
              "connectionName": "shared_onedriveforbusiness",
              "operationId": "CreateFile",
              "apiId": "/providers/Microsoft.PowerApps/apis/shared_onedriveforbusiness"
            },
            "parameters": {
              "folderPath": "/FA Reword - Invoice File",
              "name": "Invoice.docx",
              "body": "@body('Populate_a_Microsoft_Word_template')"
            },
            "authentication": {
              "type": "Raw",
              "value": "@json(decodeBase64(triggerOutputs().headers['X-MS-APIM-Tokens']))['$ConnectionKey']"
            }
          },
          "runtimeConfiguration": {
            "contentTransfer": {
              "transferMode": "Chunked"
            }
          }
        },
        "Send_an_email_(V2)": {
          "runAfter": {
            "Convert_file": [
              "Succeeded"
            ]
          },
          "metadata": {
            "operationMetadataId": "00a700c8-336e-46c3-9b5d-6beebf53b184"
          },
          "type": "OpenApiConnection",
          "inputs": {
            "host": {
              "connectionName": "shared_office365",
              "operationId": "SendEmailV2",
              "apiId": "/providers/Microsoft.PowerApps/apis/shared_office365"
            },
            "parameters": {
              "emailMessage/To": "@triggerBody()['Sendanemail(V2)_To']",
              "emailMessage/Subject": "Invoice Generated",
              "emailMessage/Body": "<p>Here is the invoice</p>",
              "emailMessage/Attachments": [
                {
                  "Name": "@outputs('Convert_file')?['headers/x-ms-file-name']",
                  "ContentBytes": "@body('Convert_file')"
                }
              ],
              "emailMessage/Importance": "Normal"
            },
            "authentication": {
              "type": "Raw",
              "value": "@json(decodeBase64(triggerOutputs().headers['X-MS-APIM-Tokens']))['$ConnectionKey']"
            }
          }
        },
        "Delete_file": {
          "runAfter": {
            "Send_an_email_(V2)": [
              "Succeeded"
            ]
          },
          "metadata": {
            "operationMetadataId": "c5b4dc5c-5f72-4f5e-9cda-02efe1b1f6d3"
          },
          "type": "OpenApiConnection",
          "inputs": {
            "host": {
              "connectionName": "shared_onedriveforbusiness",
              "operationId": "DeleteFile",
              "apiId": "/providers/Microsoft.PowerApps/apis/shared_onedriveforbusiness"
            },
            "parameters": {
              "id": "@outputs('Create_file_2')?['body/Id']"
            },
            "authentication": {
              "type": "Raw",
              "value": "@json(decodeBase64(triggerOutputs().headers['X-MS-APIM-Tokens']))['$ConnectionKey']"
            }
          }
        },
        "Convert_file": {
          "runAfter": {
            "Create_file_2": [
              "Succeeded"
            ]
          },
          "metadata": {
            "operationMetadataId": "89ae0b93-b094-4d70-a006-02dbf3adf280"
          },
          "type": "OpenApiConnection",
          "inputs": {
            "host": {
              "connectionName": "shared_onedriveforbusiness",
              "operationId": "ConvertFile",
              "apiId": "/providers/Microsoft.PowerApps/apis/shared_onedriveforbusiness"
            },
            "parameters": {
              "id": "@outputs('Create_file_2')?['body/Id']",
              "type": "PDF"
            },
            "authentication": {
              "type": "Raw",
              "value": "@json(decodeBase64(triggerOutputs().headers['X-MS-APIM-Tokens']))['$ConnectionKey']"
            }
          }
        },
        "Headers_Data": {
          "runAfter": {
            "Items_Data": [
              "Succeeded"
            ]
          },
          "metadata": {
            "operationMetadataId": "1af42e5e-d572-4c9e-b000-5bb3579f4c92"
          },
          "type": "Compose",
          "inputs": "@triggerBody()['Compose_Inputs_1']"
        },
        "Select_Header": {
          "runAfter": {
            "Select_Items": [
              "Succeeded"
            ]
          },
          "metadata": {
            "operationMetadataId": "739fe00a-41b2-416b-b1bb-50369341246f"
          },
          "type": "Select",
          "inputs": {
            "from": "@json(outputs('Headers_Data'))",
            "select": {
              "cr9ef_invoiceid": "@item()?['cr9ef_invoiceid']",
              "cr9ef_invoicetype": "@item()?['cr9ef_invoicetype']",
              "cr9ef_invoicedate": "@item()?['cr9ef_invoicedate']",
              "cr9ef_orliclientcode": "@item()?['cr9ef_orliclientcode']",
              "cr9ef_invoiceclientcode": "@item()?['cr9ef_invoiceclientcode']",
              "cr9ef_deliveryclientcode": "@item()?['cr9ef_deliveryclientcode']",
              "cr9ef_deliveryname": "@item()?['cr9ef_deliveryname']",
              "cr9ef_deliveryaddressline1": "@item()?['cr9ef_deliveryaddressline1']"
            }
          }
        },
        "SubTotalAmount": {
          "runAfter": {
            "Headers_Data": [
              "Succeeded"
            ]
          },
          "metadata": {
            "operationMetadataId": "3c0a7b97-f300-40ab-b2e9-151e352dcb8f"
          },
          "type": "Compose",
          "inputs": "@triggerBody()['Compose_Inputs_2']"
        }
      },
      "outputs": {}
    },
    "templateName": "05ed784f63df4ac7b8cbb465005d6068"
  },
  "schemaVersion": "1.0.0.0"
}