{
  "properties": {
    "connectionReferences": {
      "shared_onedriveforbusiness_1": {
        "runtimeSource": "embedded",
        "connection": {
          "connectionReferenceLogicalName": "fadev_sharedonedriveforbusiness_796d3"
        },
        "api": {
          "name": "shared_onedriveforbusiness"
        }
      },
      "shared_filesystem_1": {
        "runtimeSource": "embedded",
        "connection": {
          "connectionReferenceLogicalName": "fadev_sharedfilesystem_c557c"
        },
        "api": {
          "name": "shared_filesystem"
        }
      }
    },
    "definition": {
      "$schema": "https://schema.management.azure.com/providers/Microsoft.Logic/schemas/2016-06-01/workflowdefinition.json#",
      "contentVersion": "1.0.0.0",
      "parameters": {
        "$connections": {
          "defaultValue": {},
          "type": "Object"
        },
        "$authentication": {
          "defaultValue": {},
          "type": "SecureObject"
        }
      },
      "triggers": {
        "When_a_file_is_created_(properties_only)": {
          "recurrence": {
            "frequency": "Minute",
            "interval": 1
          },
          "splitOn": "@triggerOutputs()?['body']",
          "metadata": {
            "XFxoa2RhdGFwYXh1MDJcQVhfSW50ZXJmYWNlXFVBVFxDSEtcQVBPTExPXElOXElO": "\\\\hkdatapaxu02\\AX_Interface\\UAT\\CHK\\APOLLO\\IN\\IN",
            "operationMetadataId": "0a6c1e4d-6011-4821-9b1e-97525345ac65"
          },
          "type": "OpenApiConnection",
          "inputs": {
            "host": {
              "apiId": "/providers/Microsoft.PowerApps/apis/shared_filesystem",
              "connectionName": "shared_filesystem_1",
              "operationId": "OnNewFiles"
            },
            "parameters": {
              "folderId": "XFxoa2RhdGFwYXh1MDJcQVhfSW50ZXJmYWNlXFVBVFxDSEtcQVBPTExPXElOXElO",
              "maxFileCount": 10
            },
            "authentication": "@parameters('$authentication')"
          }
        }
      },
      "actions": {
        "Create_file": {
          "runAfter": {
            "Get_file_content": [
              "Succeeded"
            ]
          },
          "metadata": {
            "operationMetadataId": "11336324-a5ff-426b-9387-7e2359ef9b43"
          },
          "type": "OpenApiConnection",
          "inputs": {
            "host": {
              "apiId": "/providers/Microsoft.PowerApps/apis/shared_onedriveforbusiness",
              "connectionName": "shared_onedriveforbusiness_1",
              "operationId": "CreateFile"
            },
            "parameters": {
              "folderPath": "/FAREWORK",
              "name": "@triggerOutputs()?['body/Name']",
              "body": "@body('Get_file_content')"
            },
            "authentication": "@parameters('$authentication')"
          },
          "runtimeConfiguration": {
            "contentTransfer": {
              "transferMode": "Chunked"
            }
          }
        },
        "Get_file_content": {
          "runAfter": {},
          "metadata": {
            "operationMetadataId": "ba4ef299-c29b-4da3-9f8e-97b8c343b2d7"
          },
          "type": "OpenApiConnection",
          "inputs": {
            "host": {
              "apiId": "/providers/Microsoft.PowerApps/apis/shared_filesystem",
              "connectionName": "shared_filesystem_1",
              "operationId": "GetFileContent"
            },
            "parameters": {
              "id": "@triggerOutputs()?['body/Path']",
              "inferContentType": true
            },
            "authentication": "@parameters('$authentication')"
          }
        }
      },
      "outputs": {}
    },
    "templateName": null
  },
  "schemaVersion": "1.0.0.0"
}