<botcomponent_workflowset>
  <botcomponent_workflow botcomponentid.schemaname="cr412_coupaVirtualAssistantV3.topic.CancelAllTopics" workflowid.workflowid="6d717169-e41a-f011-998a-7ced8d11d080">
    <iscustomizable>1</iscustomizable>
  </botcomponent_workflow>
  <botcomponent_workflow botcomponentid.schemaname="cr412_coupaVirtualAssistantV3.topic.OnUsersClick" workflowid.workflowid="6d717169-e41a-f011-998a-7ced8d11d080">
    <iscustomizable>1</iscustomizable>
  </botcomponent_workflow>
  <botcomponent_workflow botcomponentid.schemaname="cr412_coupaVirtualAssistantV3.topic.WhenUserAsksQuestionsDirectly" workflowid.workflowid="6d717169-e41a-f011-998a-7ced8d11d080">
    <iscustomizable>1</iscustomizable>
  </botcomponent_workflow>
</botcomponent_workflowset>