<botcomponent_msdyn_aimodelset>
  <botcomponent_msdyn_aimodel botcomponentid.schemaname="cr412_coupaVirtualAssistantV3.topic.OnUsersClick" msdyn_aimodelid.msdyn_aimodelid="b4f69c31-6d1a-4c9d-807d-7fb21a416546">
    <iscustomizable>1</iscustomizable>
  </botcomponent_msdyn_aimodel>
  <botcomponent_msdyn_aimodel botcomponentid.schemaname="cr412_coupaVirtualAssistantV3.topic.WhenUserAsksQuestionsDirectly" msdyn_aimodelid.msdyn_aimodelid="b4f69c31-6d1a-4c9d-807d-7fb21a416546">
    <iscustomizable>1</iscustomizable>
  </botcomponent_msdyn_aimodel>
</botcomponent_msdyn_aimodelset>