<botcomponent_connectionreferenceset>
  <botcomponent_connectionreference botcomponentid.schemaname="cr412_coupaVirtualAssistantV3.component.Office365Users-GetuserprofileV2" connectionreferenceid.connectionreferencelogicalname="cr412_coupaVirtualAssistantV3.shared_office365users.shared-office365user-2f5df397-5b0e-43f6-ba98-fa0288c43dcc">
    <iscustomizable>1</iscustomizable>
  </botcomponent_connectionreference>
  <botcomponent_connectionreference botcomponentid.schemaname="cr412_coupaVirtualAssistantV3.topic.CancelAllTopics" connectionreferenceid.connectionreferencelogicalname="cr6ca_coupa.shared_office365users.shared-office365user-2f5df397-5b0e-43f6-ba98-fa0288c43dcc">
    <iscustomizable>1</iscustomizable>
  </botcomponent_connectionreference>
  <botcomponent_connectionreference botcomponentid.schemaname="cr412_coupaVirtualAssistantV3.topic.OnUsersClick" connectionreferenceid.connectionreferencelogicalname="cr6ca_coupa.shared_office365users.shared-office365user-2f5df397-5b0e-43f6-ba98-fa0288c43dcc">
    <iscustomizable>1</iscustomizable>
  </botcomponent_connectionreference>
  <botcomponent_connectionreference botcomponentid.schemaname="cr412_coupaVirtualAssistantV3.topic.WhenUserAsksQuestionsDirectly" connectionreferenceid.connectionreferencelogicalname="cr412_coupaVirtualAssistantV3.shared_office365users.shared-office365user-2f5df397-5b0e-43f6-ba98-fa0288c43dcc">
    <iscustomizable>1</iscustomizable>
  </botcomponent_connectionreference>
</botcomponent_connectionreferenceset>