<botcomponent_workflowset>
  <botcomponent_workflow botcomponentid.schemaname="crbed_axSupport.component.ServiceNowAutoTicketCreationfromCopilotV10" workflowid.workflowid="dcdd8645-fa9b-ef11-8a6a-6045bd00fb27">
    <iscustomizable>1</iscustomizable>
  </botcomponent_workflow>
  <botcomponent_workflow botcomponentid.schemaname="crbed_axSupport.topic.ConversationStart" workflowid.workflowid="dcdd8645-fa9b-ef11-8a6a-6045bd00fb27">
    <iscustomizable>1</iscustomizable>
  </botcomponent_workflow>
</botcomponent_workflowset>