{
  "properties": {
    "connectionReferences": {
      "shared_excelonlinebusiness": {
        "runtimeSource": "invoker",
        "connection": {
          "connectionReferenceLogicalName": "paflows2_sharedexcelonlinebusiness_2f871"
        },
        "api": {
          "name": "shared_excelonlinebusiness"
        }
      },
      "shared_sharepointonline": {
        "runtimeSource": "invoker",
        "connection": {
          "connectionReferenceLogicalName": "paflows2_sharedsharepointonline_4b398"
        },
        "api": {
          "name": "shared_sharepointonline"
        }
      },
      "shared_visualstudioteamservices": {
        "runtimeSource": "invoker",
        "connection": {
          "connectionReferenceLogicalName": "paflows2_sharedvisualstudioteamservices_3ed9e"
        },
        "api": {
          "name": "shared_visualstudioteamservices"
        }
      }
    },
    "definition": {
      "$schema": "https://schema.management.azure.com/providers/Microsoft.Logic/schemas/2016-06-01/workflowdefinition.json#",
      "contentVersion": "1.0.0.0",
      "parameters": {
        "$connections": {
          "defaultValue": {},
          "type": "Object"
        },
        "$authentication": {
          "defaultValue": {},
          "type": "SecureObject"
        }
      },
      "triggers": {
        "manual": {
          "metadata": {
            "operationMetadataId": "8c1526bb-08ad-4639-97f3-d168cad96549"
          },
          "type": "Request",
          "kind": "Button",
          "inputs": {
            "schema": {
              "type": "object",
              "properties": {},
              "required": []
            }
          }
        }
      },
      "actions": {
        "List_rows_present_in_a_table": {
          "runAfter": {},
          "metadata": {
            "01DQRZCDKFAAC6ZANBTNFI6MLDJRMH7MI4": "/Jira_TN.xlsx",
            "operationMetadataId": "3a59485b-55dc-4456-89cf-3afe5e4cd647",
            "tableId": "{1E9D0342-FB08-49BC-9937-E1A6CFFBDBA7}"
          },
          "type": "OpenApiConnection",
          "inputs": {
            "host": {
              "apiId": "/providers/Microsoft.PowerApps/apis/shared_excelonlinebusiness",
              "connectionName": "shared_excelonlinebusiness",
              "operationId": "GetItems"
            },
            "parameters": {
              "source": "me",
              "drive": "b!GBbiBUOS202Mvt16kKu4fvomkfNOuXVKqO6Jvd2tWjhoSN6OwAu0QoEKkH-BVK8x",
              "file": "01DQRZCDKFAAC6ZANBTNFI6MLDJRMH7MI4",
              "table": "{1E9D0342-FB08-49BC-9937-E1A6CFFBDBA7}"
            },
            "authentication": {
              "value": "@json(decodeBase64(triggerOutputs().headers['X-MS-APIM-Tokens']))['$ConnectionKey']",
              "type": "Raw"
            }
          }
        },
        "Get_items": {
          "runAfter": {
            "List_rows_present_in_a_table": [
              "Succeeded"
            ]
          },
          "metadata": {
            "operationMetadataId": "32933e5c-bfb0-466d-9762-daedd8b85350"
          },
          "type": "OpenApiConnection",
          "inputs": {
            "host": {
              "apiId": "/providers/Microsoft.PowerApps/apis/shared_sharepointonline",
              "connectionName": "shared_sharepointonline",
              "operationId": "GetItems"
            },
            "parameters": {
              "dataset": "https://capgemini.sharepoint.com/sites/AutomationTeam613",
              "table": "0dbaa55d-c2e6-4c80-aed5-31496be43292"
            },
            "authentication": {
              "value": "@json(decodeBase64(triggerOutputs().headers['X-MS-APIM-Tokens']))['$ConnectionKey']",
              "type": "Raw"
            }
          }
        },
        "Apply_to_each": {
          "foreach": "@outputs('List_rows_present_in_a_table')?['body/value']",
          "actions": {
            "Apply_to_each_2": {
              "foreach": "@outputs('Get_items')?['body/value']",
              "actions": {
                "Condition": {
                  "actions": {
                    "Create_a_work_item": {
                      "runAfter": {},
                      "metadata": {
                        "operationMetadataId": "5143f5e7-8cb5-466a-8fb5-12a642cec44f"
                      },
                      "type": "OpenApiConnection",
                      "inputs": {
                        "host": {
                          "apiId": "/providers/Microsoft.PowerApps/apis/shared_visualstudioteamservices",
                          "connectionName": "shared_visualstudioteamservices",
                          "operationId": "CreateWorkItem"
                        },
                        "parameters": {
                          "account": "ragamravi-teja",
                          "project": "Automation",
                          "type": "@items('Apply_to_each_2')?['WorkItemType']",
                          "workItem/title": "@items('Apply_to_each_2')?['Title']",
                          "workItem/description": "<p>@{items('Apply_to_each_2')?['Description']}</p>",
                          "workItem/priority": "@items('Apply_to_each_2')?['Priority']",
                          "workItem/userEnteredFields": {
                            "Assigned To": "@items('Apply_to_each_2')?['Assignee']",
                            "History": "<div><a href=\"@{items('Apply_to_each_2')?['{Link}']}\">SharePoint Location</a></div>"
                          }
                        },
                        "authentication": {
                          "value": "@json(decodeBase64(triggerOutputs().headers['X-MS-APIM-Tokens']))['$ConnectionKey']",
                          "type": "Raw"
                        }
                      }
                    }
                  },
                  "runAfter": {},
                  "expression": {
                    "equals": [
                      "@items('Apply_to_each')?['Ticket Number']",
                      "@items('Apply_to_each_2')?['Title']"
                    ]
                  },
                  "metadata": {
                    "operationMetadataId": "87fd1b7e-c76e-466a-b33b-2242539664b7"
                  },
                  "type": "If"
                }
              },
              "runAfter": {},
              "metadata": {
                "operationMetadataId": "494c0c6b-f7e4-42d2-aa8d-956fb034255e"
              },
              "type": "Foreach"
            }
          },
          "runAfter": {
            "Get_items": [
              "Succeeded"
            ]
          },
          "metadata": {
            "operationMetadataId": "361a6452-a6a8-4cb9-b2f3-e2f981765d12"
          },
          "type": "Foreach"
        }
      }
    },
    "templateName": null
  },
  "schemaVersion": "1.0.0.0"
}