{
  "properties": {
    "connectionReferences": {
      "shared_excelonlinebusiness": {
        "runtimeSource": "invoker",
        "connection": {
          "connectionReferenceLogicalName": "paflows2_sharedexcelonlinebusiness_8ed1b"
        },
        "api": {
          "name": "shared_excelonlinebusiness"
        }
      }
    },
    "definition": {
      "$schema": "https://schema.management.azure.com/providers/Microsoft.Logic/schemas/2016-06-01/workflowdefinition.json#",
      "contentVersion": "1.0.0.0",
      "parameters": {
        "$connections": {
          "defaultValue": {},
          "type": "Object"
        },
        "$authentication": {
          "defaultValue": {},
          "type": "SecureObject"
        }
      },
      "triggers": {
        "manual": {
          "metadata": {
            "operationMetadataId": "3d0e8e37-d8ba-4250-957e-5632e4b91e4e"
          },
          "type": "Request",
          "kind": "Button",
          "inputs": {
            "schema": {
              "type": "object",
              "properties": {
                "boolean": {
                  "title": "Start?",
                  "type": "boolean",
                  "x-ms-dynamically-added": true,
                  "description": "Yes for Start, No for End",
                  "x-ms-content-hint": "BOOLEAN"
                },
                "key-button-date": {
                  "title": "Date",
                  "type": "string",
                  "x-ms-dynamically-added": false
                }
              },
              "required": [
                "boolean",
                "key-button-date"
              ]
            }
          }
        }
      },
      "actions": {
        "Add_a_row_into_a_table": {
          "runAfter": {},
          "metadata": {
            "01DQRZCDPJIAJTFE4NKBEJVJ2KXQPBHFOW": "/Book1.xlsx",
            "operationMetadataId": "a5c76c2d-dfcf-4624-a40c-8abee0d5414d"
          },
          "type": "OpenApiConnection",
          "inputs": {
            "host": {
              "apiId": "/providers/Microsoft.PowerApps/apis/shared_excelonlinebusiness",
              "connectionName": "shared_excelonlinebusiness",
              "operationId": "AddRowV2"
            },
            "parameters": {
              "source": "me",
              "drive": "b!GBbiBUOS202Mvt16kKu4fvomkfNOuXVKqO6Jvd2tWjhoSN6OwAu0QoEKkH-BVK8x",
              "file": "01DQRZCDPJIAJTFE4NKBEJVJ2KXQPBHFOW",
              "table": "{DAF05341-F435-464B-A83F-3741554A71CE}",
              "item/Date": "@triggerBody()['key-button-date']",
              "item/Time ": "@formatDateTime(triggerOutputs()['headers']['x-ms-user-timestamp'],'hh:mm tt')",
              "item/Type": "@if(triggerBody()['boolean'],'Start','End')"
            },
            "authentication": {
              "value": "@json(decodeBase64(triggerOutputs().headers['X-MS-APIM-Tokens']))['$ConnectionKey']",
              "type": "Raw"
            }
          }
        }
      }
    },
    "templateName": null
  },
  "schemaVersion": "1.0.0.0"
}