{
  "properties": {
    "connectionReferences": {
      "shared_onedriveforbusiness": {
        "runtimeSource": "invoker",
        "connection": {
          "connectionReferenceLogicalName": "paflows2_sharedonedriveforbusiness_f6d19"
        },
        "api": {
          "name": "shared_onedriveforbusiness"
        }
      }
    },
    "definition": {
      "$schema": "https://schema.management.azure.com/providers/Microsoft.Logic/schemas/2016-06-01/workflowdefinition.json#",
      "contentVersion": "1.0.0.0",
      "parameters": {
        "$connections": {
          "defaultValue": {},
          "type": "Object"
        },
        "$authentication": {
          "defaultValue": {},
          "type": "SecureObject"
        }
      },
      "triggers": {
        "manual": {
          "metadata": {
            "operationMetadataId": "9dd7cdb7-7433-4f63-8a03-b224fb1ce4fa"
          },
          "type": "Request",
          "kind": "Button",
          "inputs": {
            "schema": {
              "type": "object",
              "properties": {},
              "required": []
            }
          }
        }
      },
      "actions": {
        "Initialize_variable": {
          "runAfter": {},
          "metadata": {
            "operationMetadataId": "89dd59f5-6e84-44b1-982a-dbf9ca2ec419"
          },
          "type": "InitializeVariable",
          "inputs": {
            "variables": [
              {
                "name": "File",
                "type": "string",
                "value": "sample.txt"
              }
            ]
          }
        },
        "List_files_in_folder": {
          "runAfter": {
            "Initialize_variable": [
              "Succeeded"
            ]
          },
          "metadata": {
            "b!GBbiBUOS202Mvt16kKu4fvomkfNOuXVKqO6Jvd2tWjhoSN6OwAu0QoEKkH-BVK8x.01DQRZCDOWQMPWMBM6NFDLFNKUPJBJXAZB": "/Documents/Files_00",
            "operationMetadataId": "532b1d8f-4126-44a5-a256-2b5ae962134e"
          },
          "type": "OpenApiConnection",
          "inputs": {
            "host": {
              "apiId": "/providers/Microsoft.PowerApps/apis/shared_onedriveforbusiness",
              "connectionName": "shared_onedriveforbusiness",
              "operationId": "ListFolderV2"
            },
            "parameters": {
              "id": "b!GBbiBUOS202Mvt16kKu4fvomkfNOuXVKqO6Jvd2tWjhoSN6OwAu0QoEKkH-BVK8x.01DQRZCDOWQMPWMBM6NFDLFNKUPJBJXAZB"
            },
            "authentication": {
              "value": "@json(decodeBase64(triggerOutputs().headers['X-MS-APIM-Tokens']))['$ConnectionKey']",
              "type": "Raw"
            }
          }
        },
        "Filter_array": {
          "runAfter": {
            "List_files_in_folder": [
              "Succeeded"
            ]
          },
          "metadata": {
            "operationMetadataId": "9a81516d-810a-4436-b9e3-123f66f24ecd"
          },
          "type": "Query",
          "inputs": {
            "from": "@outputs('List_files_in_folder')?['body/value']",
            "where": "@contains(item()?['Name'], 'sample')"
          }
        },
        "Copy_file": {
          "runAfter": {
            "Filter_array": [
              "Succeeded"
            ]
          },
          "metadata": {
            "operationMetadataId": "025f57dd-998f-43d9-8827-70d216bbc1af"
          },
          "type": "OpenApiConnection",
          "inputs": {
            "host": {
              "apiId": "/providers/Microsoft.PowerApps/apis/shared_onedriveforbusiness",
              "connectionName": "shared_onedriveforbusiness",
              "operationId": "CopyDriveFile"
            },
            "parameters": {
              "id": "@item()['Id']",
              "destination": "C:\\Users\\ragravit\\OneDrive - Capgemini\\Documents\\Archived_Files",
              "overwrite": false
            },
            "authentication": {
              "value": "@json(decodeBase64(triggerOutputs().headers['X-MS-APIM-Tokens']))['$ConnectionKey']",
              "type": "Raw"
            }
          }
        }
      }
    },
    "templateName": null
  },
  "schemaVersion": "1.0.0.0"
}