{
  "properties": {
    "connectionReferences": {
      "shared_visualstudioteamservices": {
        "runtimeSource": "invoker",
        "connection": {
          "connectionReferenceLogicalName": "paflows2_sharedvisualstudioteamservices_3ed9e"
        },
        "api": {
          "name": "shared_visualstudioteamservices"
        }
      }
    },
    "definition": {
      "$schema": "https://schema.management.azure.com/providers/Microsoft.Logic/schemas/2016-06-01/workflowdefinition.json#",
      "contentVersion": "1.0.0.0",
      "parameters": {
        "$connections": {
          "defaultValue": {},
          "type": "Object"
        },
        "$authentication": {
          "defaultValue": {},
          "type": "SecureObject"
        }
      },
      "triggers": {
        "manual": {
          "metadata": {
            "operationMetadataId": "a355636f-f988-4c0a-b0fe-b91e74af2176"
          },
          "type": "Request",
          "kind": "Button",
          "inputs": {
            "schema": {
              "type": "object",
              "properties": {},
              "required": []
            }
          }
        }
      },
      "actions": {
        "Send_an_HTTP_request_to_Azure_DevOps": {
          "runAfter": {},
          "metadata": {
            "operationMetadataId": "f45be1ff-bda0-462f-80d0-5b92b0dce1af"
          },
          "type": "OpenApiConnection",
          "inputs": {
            "host": {
              "apiId": "/providers/Microsoft.PowerApps/apis/shared_visualstudioteamservices",
              "connectionName": "shared_visualstudioteamservices",
              "operationId": "HttpRequest"
            },
            "parameters": {
              "account": "ragamravi-teja",
              "parameters/Method": "GET",
              "parameters/Uri": "https://dev.azure.com/ragamravi-teja/Automation/_apis/wit/workitems?api-version=5.0$filter=System.State eq To Do'",
              "parameters/Headers": {
                "Authorization": "'dGRydno0czI3cjZ1bDR0M3hsbHB1aGhmMzc3cXQ0cTZ4bjVubHk3Ymx3azQ2dm1kaXRucQ=='"
              },
              "parameters/IsBase64": true
            },
            "authentication": {
              "value": "@json(decodeBase64(triggerOutputs().headers['X-MS-APIM-Tokens']))['$ConnectionKey']",
              "type": "Raw"
            }
          }
        },
        "Parse_JSON": {
          "runAfter": {
            "Send_an_HTTP_request_to_Azure_DevOps": [
              "Succeeded"
            ]
          },
          "metadata": {
            "operationMetadataId": "08e83584-620a-4ad3-bea5-f1f18c82fa86"
          },
          "type": "ParseJson",
          "inputs": {
            "content": "@body('Send_an_HTTP_request_to_Azure_DevOps')",
            "schema": {
              "type": "array",
              "items": {
                "type": "object",
                "properties": {
                  "id": {
                    "type": "integer"
                  },
                  "fields": {
                    "type": "object",
                    "properties": {
                      "System.Title": {
                        "type": "string"
                      }
                    }
                  }
                }
              }
            }
          }
        }
      }
    },
    "templateName": null
  },
  "schemaVersion": "1.0.0.0"
}