{
  "properties": {
    "connectionReferences": {
      "shared_visualstudioteamservices": {
        "runtimeSource": "invoker",
        "connection": {
          "connectionReferenceLogicalName": "paflows2_sharedvisualstudioteamservices_3ed9e"
        },
        "api": {
          "name": "shared_visualstudioteamservices"
        }
      }
    },
    "definition": {
      "$schema": "https://schema.management.azure.com/providers/Microsoft.Logic/schemas/2016-06-01/workflowdefinition.json#",
      "contentVersion": "1.0.0.0",
      "parameters": {
        "$connections": {
          "defaultValue": {},
          "type": "Object"
        },
        "$authentication": {
          "defaultValue": {},
          "type": "SecureObject"
        }
      },
      "triggers": {
        "manual": {
          "metadata": {
            "operationMetadataId": "7944ad50-5619-4fdc-8775-d16243e8e495"
          },
          "type": "Request",
          "kind": "Button",
          "inputs": {
            "schema": {
              "type": "object",
              "properties": {},
              "required": []
            }
          }
        }
      },
      "actions": {
        "Send_an_HTTP_request_to_Azure_DevOps_2": {
          "runAfter": {},
          "metadata": {
            "operationMetadataId": "e7a41d33-ebe0-4c2d-b34d-16721618ae01"
          },
          "type": "OpenApiConnection",
          "inputs": {
            "host": {
              "apiId": "/providers/Microsoft.PowerApps/apis/shared_visualstudioteamservices",
              "connectionName": "shared_visualstudioteamservices",
              "operationId": "HttpRequest"
            },
            "parameters": {
              "account": "ragamravi-teja",
              "parameters/Method": "GET",
              "parameters/Uri": "https://dev.azure.com/ragamravi-teja/Automation/_apis/wit/workitems/States?api-version=5.0 "
            },
            "authentication": {
              "value": "@json(decodeBase64(triggerOutputs().headers['X-MS-APIM-Tokens']))['$ConnectionKey']",
              "type": "Raw"
            }
          }
        },
        "Compose": {
          "runAfter": {
            "Send_an_HTTP_request_to_Azure_DevOps_2": [
              "Succeeded"
            ]
          },
          "metadata": {
            "operationMetadataId": "137faebc-2c33-4dbc-b9fe-51edf88b9849"
          },
          "type": "Compose",
          "inputs": "@body('Send_an_HTTP_request_to_Azure_DevOps_2')?['fields']?['System.State']"
        }
      }
    },
    "templateName": null
  },
  "schemaVersion": "1.0.0.0"
}