{
  "properties": {
    "connectionReferences": {},
    "definition": {
      "$schema": "https://schema.management.azure.com/providers/Microsoft.Logic/schemas/2016-06-01/workflowdefinition.json#",
      "contentVersion": "1.0.0.0",
      "parameters": {
        "$authentication": {
          "defaultValue": {},
          "type": "SecureObject"
        }
      },
      "triggers": {
        "manual": {
          "metadata": {
            "operationMetadataId": "3700cb68-7b8c-4452-966c-f8d52905fb8a"
          },
          "type": "Request",
          "kind": "Button",
          "inputs": {
            "schema": {
              "type": "object",
              "properties": {},
              "required": []
            }
          }
        }
      },
      "actions": {
        "HTTP": {
          "runAfter": {},
          "metadata": {
            "operationMetadataId": "c3ecf159-b64f-410a-bd9e-34eecf03fd0d"
          },
          "type": "Http",
          "inputs": {
            "method": "GET",
            "uri": "https://ccunitedtest.service-now.com/nav_to.do?uri=sys_user.do?sys_id=dcff276547c229107d7566ebd36d435e%26sysparm_view=ess",
            "headers": {
              "Accept": "application/json",
              "Content-Type": "application/json"
            },
            "authentication": {
              "type": "Basic",
              "username": "khd",
              "password": "pass@worD1"
            }
          }
        }
      }
    },
    "templateName": null
  },
  "schemaVersion": "1.0.0.0"
}