{
  "properties": {
    "connectionReferences": {
      "shared_excelonlinebusiness": {
        "runtimeSource": "invoker",
        "connection": {
          "connectionReferenceLogicalName": "paflows2_sharedexcelonlinebusiness_2f871"
        },
        "api": {
          "name": "shared_excelonlinebusiness"
        }
      }
    },
    "definition": {
      "$schema": "https://schema.management.azure.com/providers/Microsoft.Logic/schemas/2016-06-01/workflowdefinition.json#",
      "contentVersion": "1.0.0.0",
      "parameters": {
        "$connections": {
          "defaultValue": {},
          "type": "Object"
        },
        "$authentication": {
          "defaultValue": {},
          "type": "SecureObject"
        }
      },
      "triggers": {
        "manual": {
          "metadata": {
            "operationMetadataId": "54f4afe9-7772-4829-873a-f1f023433eba"
          },
          "type": "Request",
          "kind": "Button",
          "inputs": {
            "schema": {
              "type": "object",
              "properties": {},
              "required": []
            }
          }
        }
      },
      "actions": {
        "List_rows_present_in_a_table": {
          "runAfter": {},
          "metadata": {
            "01DQRZCDKN7ZARJIV3JNFLBT3EMDTI4EUS": "/Test data for RA App.xlsx",
            "operationMetadataId": "5e0c3c11-bc1d-4c0f-959d-b436fb75695d",
            "tableId": "{EB99E78D-E4A2-4595-81D6-FEE0976DBCC8}"
          },
          "type": "OpenApiConnection",
          "inputs": {
            "host": {
              "apiId": "/providers/Microsoft.PowerApps/apis/shared_excelonlinebusiness",
              "connectionName": "shared_excelonlinebusiness",
              "operationId": "GetItems"
            },
            "parameters": {
              "source": "me",
              "drive": "b!GBbiBUOS202Mvt16kKu4fvomkfNOuXVKqO6Jvd2tWjhoSN6OwAu0QoEKkH-BVK8x",
              "file": "01DQRZCDKN7ZARJIV3JNFLBT3EMDTI4EUS",
              "table": "{EB99E78D-E4A2-4595-81D6-FEE0976DBCC8}"
            },
            "authentication": {
              "value": "@json(decodeBase64(triggerOutputs().headers['X-MS-APIM-Tokens']))['$ConnectionKey']",
              "type": "Raw"
            }
          }
        },
        "startDate": {
          "runAfter": {
            "currentMonth": [
              "Succeeded"
            ]
          },
          "metadata": {
            "operationMetadataId": "9889c37d-1e6e-449a-8ab8-86f5bdb71cd7"
          },
          "type": "InitializeVariable",
          "inputs": {
            "variables": [
              {
                "name": "startDate",
                "type": "string"
              }
            ]
          }
        },
        "endDate": {
          "runAfter": {
            "startDate": [
              "Succeeded"
            ]
          },
          "metadata": {
            "operationMetadataId": "1f8c9481-0763-4dc1-ace5-f1c4aba030cf"
          },
          "type": "InitializeVariable",
          "inputs": {
            "variables": [
              {
                "name": "enddate",
                "type": "string"
              }
            ]
          }
        },
        "lastValue": {
          "runAfter": {
            "endDate": [
              "Succeeded"
            ]
          },
          "metadata": {
            "operationMetadataId": "5589c834-fc48-42f9-8855-98200867c335"
          },
          "type": "InitializeVariable",
          "inputs": {
            "variables": [
              {
                "name": "lastValue",
                "type": "float"
              }
            ]
          }
        },
        "currentMonth": {
          "runAfter": {
            "List_rows_present_in_a_table": [
              "Succeeded"
            ]
          },
          "metadata": {
            "operationMetadataId": "37df48d6-708b-40eb-9c2d-83f6b63db867"
          },
          "type": "InitializeVariable",
          "inputs": {
            "variables": [
              {
                "name": "currentEmployee",
                "type": "string"
              }
            ]
          }
        },
        "ColumnsList": {
          "runAfter": {
            "lastValue": [
              "Succeeded"
            ]
          },
          "metadata": {
            "operationMetadataId": "75134005-e2e2-4781-b073-3b20afec7b70"
          },
          "type": "InitializeVariable",
          "inputs": {
            "variables": [
              {
                "name": "columnsList",
                "type": "array"
              }
            ]
          }
        },
        "Compose": {
          "runAfter": {
            "Select": [
              "Succeeded"
            ]
          },
          "metadata": {
            "operationMetadataId": "b1a93e4d-4a2b-4953-8df4-c39cd8a5d99c"
          },
          "type": "Compose",
          "inputs": "@skip(body('Select'),2)"
        },
        "Select": {
          "runAfter": {
            "ColumnsList": [
              "Succeeded"
            ]
          },
          "metadata": {
            "operationMetadataId": "0015eb37-b929-4a87-b838-02a26926647e"
          },
          "type": "Select",
          "inputs": {
            "from": "@split(string(first(outputs('List_rows_present_in_a_table')?['body/value'])),'\",')",
            "select": "@split(replace(replace(replace(item(), '\"', ''), '}', ''), '{', ''), ':')[0]"
          }
        },
        "MonthsNames": {
          "runAfter": {
            "Compose": [
              "Succeeded"
            ]
          },
          "metadata": {
            "operationMetadataId": "87d50b87-3bb1-49e1-8e89-9a7233a924f6"
          },
          "type": "Compose",
          "inputs": "@skip(outputs('Compose'),1)"
        }
      }
    },
    "templateName": null
  },
  "schemaVersion": "1.0.0.0"
}