{
  "properties": {
    "connectionReferences": {
      "shared_sharepointonline": {
        "runtimeSource": "embedded",
        "connection": {
          "connectionReferenceLogicalName": "paflows2_sharedsharepointonline_4b398"
        },
        "api": {
          "name": "shared_sharepointonline"
        }
      }
    },
    "definition": {
      "$schema": "https://schema.management.azure.com/providers/Microsoft.Logic/schemas/2016-06-01/workflowdefinition.json#",
      "contentVersion": "1.0.0.0",
      "parameters": {
        "$connections": {
          "defaultValue": {},
          "type": "Object"
        },
        "$authentication": {
          "defaultValue": {},
          "type": "SecureObject"
        }
      },
      "triggers": {
        "Recurrence": {
          "recurrence": {
            "frequency": "Day",
            "interval": 1,
            "startTime": "2023-04-04T04:30:00Z"
          },
          "metadata": {
            "operationMetadataId": "c1ff70e4-5883-48a5-8cb8-129cfb527f3f"
          },
          "type": "Recurrence"
        }
      },
      "actions": {
        "Initialize_variable": {
          "runAfter": {},
          "metadata": {
            "operationMetadataId": "daea548c-4db1-47b6-b1cf-18833f156996"
          },
          "type": "InitializeVariable",
          "inputs": {
            "variables": [
              {
                "name": "File Name",
                "type": "string",
                "value": "Book"
              }
            ]
          }
        },
        "Get_files_(properties_only)": {
          "runAfter": {
            "Initialize_variable": [
              "Succeeded"
            ]
          },
          "metadata": {
            "operationMetadataId": "d2f0c840-d34f-4c62-8345-ce3df4587342"
          },
          "type": "OpenApiConnection",
          "inputs": {
            "host": {
              "apiId": "/providers/Microsoft.PowerApps/apis/shared_sharepointonline",
              "connectionName": "shared_sharepointonline",
              "operationId": "GetFileItems"
            },
            "parameters": {
              "dataset": "https://capgemini.sharepoint.com/sites/AutomationTeam613",
              "table": "e0905ff8-a7bd-4386-9d52-7012726b5020",
              "folderPath": "/Shared Documents/List_of_Files",
              "$filter": "@variables('File Name')"
            },
            "authentication": "@parameters('$authentication')"
          }
        },
        "Apply_to_each": {
          "foreach": "@outputs('Get_files_(properties_only)')?['body/value']",
          "actions": {
            "Get_file_metadata": {
              "runAfter": {},
              "metadata": {
                "operationMetadataId": "38fb08f0-ab15-4d8f-9318-92dad3918d68"
              },
              "type": "OpenApiConnection",
              "inputs": {
                "host": {
                  "apiId": "/providers/Microsoft.PowerApps/apis/shared_sharepointonline",
                  "connectionName": "shared_sharepointonline",
                  "operationId": "GetFileMetadata"
                },
                "parameters": {
                  "dataset": "https://capgemini.sharepoint.com/sites/AutomationTeam613",
                  "id": "@items('Apply_to_each')?['{Identifier}']"
                },
                "authentication": "@parameters('$authentication')"
              }
            },
            "Move_file": {
              "runAfter": {
                "Get_file_metadata": [
                  "Succeeded"
                ]
              },
              "metadata": {
                "operationMetadataId": "cc580d6b-4eec-43d2-a2ca-2c7be6359fbe"
              },
              "type": "OpenApiConnection",
              "inputs": {
                "host": {
                  "apiId": "/providers/Microsoft.PowerApps/apis/shared_sharepointonline",
                  "connectionName": "shared_sharepointonline",
                  "operationId": "MoveFileAsync"
                },
                "parameters": {
                  "dataset": "https://capgemini.sharepoint.com/sites/AutomationTeam613",
                  "parameters/sourceFileId": "@outputs('Get_file_metadata')?['body/Path']",
                  "parameters/destinationDataset": "https://capgemini.sharepoint.com/sites/AutomationTeam613",
                  "parameters/destinationFolderPath": "/Shared Documents/Archived_Files",
                  "parameters/nameConflictBehavior": 1
                },
                "authentication": "@parameters('$authentication')"
              }
            }
          },
          "runAfter": {
            "Get_files_(properties_only)": [
              "Succeeded"
            ]
          },
          "metadata": {
            "operationMetadataId": "f78422ca-8726-4c60-a51d-5aaa9c9b03f4"
          },
          "type": "Foreach"
        }
      }
    },
    "templateName": null
  },
  "schemaVersion": "1.0.0.0"
}