{
  "properties": {
    "connectionReferences": {
      "shared_teams": {
        "runtimeSource": "invoker",
        "connection": {
          "connectionReferenceLogicalName": "paflows2_sharedteams_59866"
        },
        "api": {
          "name": "shared_teams"
        }
      },
      "shared_visualstudioteamservices": {
        "runtimeSource": "invoker",
        "connection": {
          "connectionReferenceLogicalName": "paflows2_sharedvisualstudioteamservices_3ed9e"
        },
        "api": {
          "name": "shared_visualstudioteamservices"
        }
      },
      "shared_office365users": {
        "runtimeSource": "invoker",
        "connection": {
          "connectionReferenceLogicalName": "paflows2_sharedoffice365users_64074"
        },
        "api": {
          "name": "shared_office365users"
        }
      }
    },
    "definition": {
      "$schema": "https://schema.management.azure.com/providers/Microsoft.Logic/schemas/2016-06-01/workflowdefinition.json#",
      "contentVersion": "1.0.0.0",
      "parameters": {
        "$connections": {
          "defaultValue": {},
          "type": "Object"
        },
        "$authentication": {
          "defaultValue": {},
          "type": "SecureObject"
        }
      },
      "triggers": {
        "manual": {
          "metadata": {
            "operationMetadataId": "a84b5fc7-1882-4fc2-9811-b75284f55ace",
            "flowSystemMetadata": {
              "swaggerOperationId": "ForASelectedMessageV2",
              "taskModuleWidth": null,
              "taskModuleHeight": null,
              "inputsAdaptiveCard": "{\"$schema\":\"http://adaptivecards.io/schemas/adaptive-card.json\",\"type\":\"AdaptiveCard\",\"version\":\"1.3\",\"body\":[{\"type\":\"TextBlock\",\"text\":\"Azure DevOps Work item Details\",\"weight\":\"Bolder\",\"size\":\"Medium\"},{\"text\":\"Work Item Type\",\"type\":\"TextBlock\",\"id\":\"WorkItemType\"},{\"choices\":[{\"title\":\"Issue\",\"value\":\"Issue\"},{\"title\":\"Bug\",\"value\":\"Bug\"},{\"title\":\"Task\",\"value\":\"Task\"}],\"placeholder\":\"Work Item Type\",\"type\":\"Input.ChoiceSet\",\"id\":\"workItemTypeList\"},{\"type\":\"TextBlock\",\"text\":\"Title\"},{\"placeholder\":\"Work item title\",\"type\":\"Input.Text\",\"spacing\":\"None\",\"id\":\"witTitle\"},{\"text\":\"Note: message details will be in the description\",\"type\":\"TextBlock\"}],\"actions\":[{\"type\":\"Action.Submit\",\"title\":\"Submit\"}],\"-ms-tokens\":{}}"
            }
          },
          "type": "Request",
          "kind": "ApiConnection",
          "inputs": {
            "schema": {
              "type": "object",
              "properties": {
                "cardOutputs": {
                  "type": "object",
                  "properties": {
                    "workItemTypeList": {
                      "title": "workItemTypeList",
                      "type": "string"
                    },
                    "witTitle": {
                      "title": "witTitle",
                      "type": "string"
                    }
                  }
                },
                "teamsFlowRunContext": {
                  "type": "object",
                  "properties": {
                    "messagePayload": {
                      "type": "object",
                      "properties": {
                        "from": {
                          "type": "object",
                          "properties": {
                            "user": {
                              "title": "user",
                              "type": "object"
                            }
                          },
                          "required": []
                        },
                        "body": {
                          "type": "object",
                          "properties": {
                            "plainText": {
                              "title": "Plain Text Message Content",
                              "type": "string"
                            }
                          },
                          "required": []
                        },
                        "linkToMessage": {
                          "title": "Link to message",
                          "type": "string"
                        }
                      },
                      "required": []
                    },
                    "from": {
                      "type": "object",
                      "properties": {
                        "aadObjectId": {
                          "title": "Originating User ID",
                          "type": "string"
                        }
                      },
                      "required": []
                    }
                  }
                }
              },
              "required": [
                "cardOutputs",
                "teamsFlowRunContext"
              ]
            },
            "host": {
              "connection": {
                "name": "@parameters('$connections')['shared_teams']['connectionId']"
              }
            },
            "operationId": "ForASelectedMessageV2",
            "parameters": {
              "inputsAdaptiveCard": "{\"$schema\":\"http://adaptivecards.io/schemas/adaptive-card.json\",\"type\":\"AdaptiveCard\",\"version\":\"1.3\",\"body\":[{\"type\":\"TextBlock\",\"text\":\"Azure DevOps Work item Details\",\"weight\":\"Bolder\",\"size\":\"Medium\"},{\"text\":\"Work Item Type\",\"type\":\"TextBlock\",\"id\":\"WorkItemType\"},{\"choices\":[{\"title\":\"Issue\",\"value\":\"Issue\"},{\"title\":\"Epic\",\"value\":\"Epic\"},{\"title\":\"Task\",\"value\":\"Task\"}],\"placeholder\":\"Work Item Type\",\"type\":\"Input.ChoiceSet\",\"id\":\"workItemTypeList\"},{\"type\":\"TextBlock\",\"text\":\"Title\"},{\"placeholder\":\"Work item title\",\"type\":\"Input.Text\",\"spacing\":\"None\",\"id\":\"witTitle\"},{\"text\":\"Note: message details will be in the description\",\"type\":\"TextBlock\"}],\"actions\":[{\"type\":\"Action.Submit\",\"title\":\"Submit\"}],\"-ms-tokens\":{}}"
            }
          }
        }
      },
      "actions": {
        "Create_a_work_item": {
          "runAfter": {
            "Get_user_profile_(V2)": [
              "Succeeded"
            ]
          },
          "metadata": {
            "operationMetadataId": "faafe9f4-0aa0-4307-8635-530e4e200da2"
          },
          "type": "OpenApiConnection",
          "inputs": {
            "host": {
              "apiId": "/providers/Microsoft.PowerApps/apis/shared_visualstudioteamservices",
              "connectionName": "shared_visualstudioteamservices",
              "operationId": "CreateWorkItem"
            },
            "parameters": {
              "account": "ragamravi-teja",
              "project": "Automation",
              "type": "@triggerBody()?['cardOutputs']?['workItemTypeList']",
              "workItem/title": "@triggerBody()?['cardOutputs']?['witTitle']",
              "workItem/description": "\nCreated from Teams message from: \n\n@{triggerBody()?['teamsFlowRunContext']?['messagePayload']?['from']?['user']?['displayName']}<br>\n\n\nMessage:   \n\n@{triggerBody()?['teamsFlowRunContext']?['messagePayload']?['body']?['plainText']}<br>\n\n\n\nTeams Message Link:   \n<a href=\"@{triggerBody()?['teamsFlowRunContext']?['messagePayload']?['linkToMessage']}\"> <button>Click here to view message in Teams </button></a>\n",
              "workItem/priority": 2,
              "workItem/userEnteredFields": {
                "Assigned To": "@outputs('Get_user_profile_(V2)')?['body/mail']"
              }
            },
            "authentication": {
              "value": "@json(decodeBase64(triggerOutputs().headers['X-MS-APIM-Tokens']))['$ConnectionKey']",
              "type": "Raw"
            }
          }
        },
        "Respond_in_Teams_task_module": {
          "runAfter": {
            "Initialize_variable": [
              "Succeeded"
            ]
          },
          "metadata": {
            "operationMetadataId": "6e3943c5-0a11-4883-8c74-a776214ce0d3"
          },
          "type": "Response",
          "kind": "Teams",
          "inputs": {
            "statusCode": 200,
            "body": {
              "responseAdaptiveCard": "{\n    \"type\": \"AdaptiveCard\",\n    \"$schema\": \"http://adaptivecards.io/schemas/adaptive-card.json\",\n    \"version\": \"1.2\",\n    \"body\": [\n        {\n            \"type\": \"TextBlock\",\n            \"size\": \"Large\",\n            \"weight\": \"Bolder\",\n            \"text\": \"Work item created\"\n        },\n        {\n            \"type\": \"TextBlock\",\n            \"text\": \"Work item successfully created.\"\n        },\n        {\n            \"type\": \"FactSet\",\n            \"facts\": [\n                {\n                    \"title\": \"Work Item Id\",\n                    \"value\": \"@{outputs('Create_a_work_item')?['body/id']}\"\n                },\n                 {\n                    \"title\": \"Work Item Title\",\n                   \"value\": \"@{triggerBody()?['cardOutputs']?['witTitle']}\"\n                 }\n            ]\n        }\n    ],\n\"actions\": [\n    {\n      \"type\": \"Action.OpenUrl\",\n      \"title\": \"Click here to view work item\",\n      \"url\": \"@{variables('actual link')}\"\n    }\n  ]\n} "
            },
            "schema": {
              "type": "object",
              "properties": {
                "responseAdaptiveCard": {
                  "title": "Response Adaptive Card",
                  "type": "string"
                }
              }
            }
          }
        },
        "Send_an_HTTP_request_to_Azure_DevOps": {
          "runAfter": {
            "Create_a_work_item": [
              "Succeeded"
            ]
          },
          "metadata": {
            "operationMetadataId": "eca199cf-ebf3-4cc5-a6f5-efdec1cab183"
          },
          "type": "OpenApiConnection",
          "inputs": {
            "host": {
              "apiId": "/providers/Microsoft.PowerApps/apis/shared_visualstudioteamservices",
              "connectionName": "shared_visualstudioteamservices",
              "operationId": "HttpRequest"
            },
            "parameters": {
              "account": "domoreexp",
              "parameters/Method": "GET",
              "parameters/Uri": "@outputs('Create_a_work_item')?['body/url']"
            },
            "authentication": {
              "value": "@json(decodeBase64(triggerOutputs().headers['X-MS-APIM-Tokens']))['$ConnectionKey']",
              "type": "Raw"
            }
          }
        },
        "Initialize_variable": {
          "runAfter": {
            "Send_an_HTTP_request_to_Azure_DevOps": [
              "Succeeded"
            ]
          },
          "metadata": {
            "operationMetadataId": "fc0b7036-0de5-48aa-8197-ba6651393bd8"
          },
          "type": "InitializeVariable",
          "inputs": {
            "variables": [
              {
                "name": "actual link",
                "type": "string",
                "value": "@{body('Send_an_HTTP_request_to_Azure_DevOps')['_links']['html']['href']}"
              }
            ]
          }
        },
        "Get_user_profile_(V2)": {
          "runAfter": {},
          "metadata": {
            "operationMetadataId": "eb426daf-1fc3-49ab-ae81-a13d63d52d00"
          },
          "type": "OpenApiConnection",
          "inputs": {
            "host": {
              "apiId": "/providers/Microsoft.PowerApps/apis/shared_office365users",
              "connectionName": "shared_office365users",
              "operationId": "UserProfile_V2"
            },
            "parameters": {
              "id": "@triggerBody()?['teamsFlowRunContext']?['from']?['aadObjectId']"
            },
            "authentication": {
              "value": "@json(decodeBase64(triggerOutputs().headers['X-MS-APIM-Tokens']))['$ConnectionKey']",
              "type": "Raw"
            }
          }
        }
      }
    },
    "templateName": "8640c42a62fe497681d30ef6732fa37e"
  },
  "schemaVersion": "1.0.0.0"
}