{
  "properties": {
    "connectionReferences": {
      "shared_teams": {
        "runtimeSource": "embedded",
        "connection": {
          "connectionReferenceLogicalName": "paflows2_sharedteams_59866"
        },
        "api": {
          "name": "shared_teams"
        }
      }
    },
    "definition": {
      "$schema": "https://schema.management.azure.com/providers/Microsoft.Logic/schemas/2016-06-01/workflowdefinition.json#",
      "contentVersion": "1.0.0.0",
      "parameters": {
        "$connections": {
          "defaultValue": {},
          "type": "Object"
        },
        "$authentication": {
          "defaultValue": {},
          "type": "SecureObject"
        }
      },
      "triggers": {
        "manual": {
          "metadata": {
            "operationMetadataId": "c95e7847-536b-460a-9362-599322b0fb5c",
            "flowSystemMetadata": {
              "swaggerOperationId": "ForASelectedMessageV2",
              "taskModuleWidth": null,
              "taskModuleHeight": null,
              "inputsAdaptiveCard": "{\"$schema\":\"http://adaptivecards.io/schemas/adaptive-card.json\",\"type\":\"AdaptiveCard\",\"version\":\"1.3\",\"body\":[{\"type\":\"TextBlock\",\"weight\":\"Bolder\",\"size\":\"Medium\",\"text\":\"Title\"},{\"type\":\"Input.Text\",\"placeholder\":\"Write a title here\",\"id\":\"Title\"},{\"type\":\"TextBlock\",\"wrap\":true,\"text\":\"Description\"},{\"type\":\"Input.Text\",\"placeholder\":\"Write a description here\",\"id\":\"Description\"},{\"type\":\"TextBlock\",\"text\":\"Date\",\"id\":\"Date\"},{\"type\":\"Input.Date\",\"id\":\"Month\"}],\"actions\":[{\"type\":\"Action.Submit\",\"title\":\"Submit\"}],\"-ms-tokens\":{}}"
            }
          },
          "type": "Request",
          "kind": "ApiConnection",
          "inputs": {
            "schema": {
              "type": "object",
              "properties": {
                "teamsFlowRunContext": {
                  "type": "object",
                  "properties": {
                    "messagePayload": {
                      "type": "object",
                      "properties": {
                        "from": {
                          "type": "object",
                          "properties": {
                            "user": {
                              "title": "user",
                              "type": "object",
                              "properties": {
                                "id": {
                                  "title": "Sender User ID",
                                  "type": "string"
                                }
                              },
                              "required": []
                            }
                          },
                          "required": []
                        }
                      },
                      "required": []
                    }
                  }
                }
              },
              "required": [
                "teamsFlowRunContext"
              ]
            },
            "host": {
              "connection": {
                "name": "@parameters('$connections')['shared_teams']['connectionId']"
              }
            },
            "operationId": "ForASelectedMessageV2",
            "parameters": {
              "inputsAdaptiveCard": "{\"$schema\":\"http://adaptivecards.io/schemas/adaptive-card.json\",\"type\":\"AdaptiveCard\",\"version\":\"1.3\",\"body\":[{\"type\":\"TextBlock\",\"weight\":\"Bolder\",\"size\":\"Medium\",\"text\":\"Title\"},{\"type\":\"Input.Text\",\"placeholder\":\"Write a title here\",\"id\":\"Title\"},{\"type\":\"TextBlock\",\"wrap\":true,\"text\":\"Work Item Type\"},{\"type\":\"Input.ChoiceSet\",\"choices\":[{\"title\":\"Task\",\"value\":\"Task\"},{\"title\":\"Epic\",\"value\":\"Epic\"},{\"title\":\"Requirement\",\"value\":\"Requirement\"},{\"title\":\"Task Request\",\"value\":\"Task Request \"},{\"title\":\"Issue\",\"value\":\"Issue\"}],\"id\":\"Work Item Type\",\"placeholder\":\"Select\"},{\"type\":\"TextBlock\",\"wrap\":true,\"text\":\"Service Type\"},{\"type\":\"Input.Text\",\"placeholder\":\"Enter Service Type here\",\"id\":\"Service Type\"},{\"type\":\"TextBlock\",\"wrap\":true,\"text\":\"Priority\"},{\"type\":\"Input.Text\",\"placeholder\":\"Enter Priority here\",\"id\":\"Priority\"}],\"actions\":[{\"type\":\"Action.Submit\",\"title\":\"Submit\"}],\"-ms-tokens\":{}}"
            }
          }
        }
      },
      "actions": {
        "Post_adaptive_card_and_wait_for_a_response": {
          "runAfter": {},
          "metadata": {
            "operationMetadataId": "89b38b00-e998-4b0a-b124-0755bfef48d2"
          },
          "type": "OpenApiConnectionWebhook",
          "inputs": {
            "host": {
              "apiId": "/providers/Microsoft.PowerApps/apis/shared_teams",
              "connectionName": "shared_teams",
              "operationId": "PostCardAndWaitForResponse"
            },
            "parameters": {
              "poster": "Flow bot",
              "location": "Chat with Flow bot",
              "body/body/messageBody": "{\n    \"$schema\": \"http://adaptivecards.io/schemas/adaptive-card.json\",\n    \"type\": \"AdaptiveCard\",\n    \"version\": \"1.3\",\n    \"body\": [\n        {\n            \"type\": \"TextBlock\",\n            \"weight\": \"Bolder\",\n            \"size\": \"Medium\",\n            \"text\": \"Title\"\n        },\n        {\n            \"type\": \"Input.Text\",\n            \"placeholder\": \"Write a title here\",\n            \"id\": \"Title\"\n        },\n        {\n            \"type\": \"TextBlock\",\n            \"wrap\": true,\n            \"text\": \"Work Item Type\"\n        },\n        {\n            \"type\": \"Input.ChoiceSet\",\n            \"choices\": [\n                {\n                    \"title\": \"Task\",\n                    \"value\": \"Task\"\n                },\n                {\n                    \"title\": \"Epic\",\n                    \"value\": \"Epic\"\n                },\n                {\n                    \"title\": \"Requirement\",\n                    \"value\": \"Requirement\"\n                },\n                {\n                    \"title\": \"Task Request\",\n                    \"value\": \"Task Request \"\n                },\n                {\n                    \"title\": \"Issue\",\n                    \"value\": \"Issue\"\n                }\n            ],\n            \"id\": \"Work Item Type\",\n            \"placeholder\": \"Select\"\n        },\n        {\n            \"type\": \"TextBlock\",\n            \"wrap\": true,\n            \"text\": \"Service Type\"\n        },\n        {\n            \"type\": \"Input.Text\",\n            \"placeholder\": \"Enter Service Type here\",\n            \"id\": \"Service Type\"\n        },\n        {\n            \"type\": \"TextBlock\",\n            \"wrap\": true,\n            \"text\": \"Priority\"\n        },\n        {\n            \"type\": \"Input.Text\",\n            \"placeholder\": \"Enter Priority here\",\n            \"id\": \"Priority\"\n        }\n    ],\n    \"actions\": [\n        {\n            \"type\": \"Action.Submit\",\n            \"title\": \"Submit\"\n        }\n    ]\n},\n{\n    \"$schema\": \"http://adaptivecards.io/schemas/adaptive-card.json\",\n    \"type\": \"AdaptiveCard\",\n    \"version\": \"1.3\",\n    \"body\": [\n        {\n            \"type\": \"TextBlock\",\n            \"weight\": \"Bolder\",\n            \"size\": \"Medium\",\n            \"text\": \"Title\"\n        },\n        {\n            \"type\": \"TextBlock\",\n            \"isSubtle\": true,\n            \"wrap\": true,\n            \"text\": \"Write a title here\",\n            \"id\": \"Title\"\n        },\n        {\n            \"type\": \"TextBlock\",\n            \"wrap\": true,\n            \"text\": \"Work Item Type\"\n        },\n        {\n            \"type\": \"Input.ChoiceSet\",\n            \"choices\": [\n                {\n                    \"title\": \"Task\",\n                    \"value\": \"Task\"\n                },\n                {\n                    \"title\": \"Issue\",\n                    \"value\": \"Issue\"\n                },\n                {\n                    \"title\": \"Requirement \",\n                    \"value\": \"Requirement\"\n                },\n                {\n                    \"title\": \"Epic\",\n                    \"value\": \"Epic\"\n                },\n                {\n                    \"title\": \"Service Request \",\n                    \"value\": \"Service Request\"\n                }\n            ],\n            \"placeholder\": \"Select\",\n            \"id\": \"Work Item Type\"\n        },\n        {\n            \"type\": \"TextBlock\",\n            \"wrap\": true,\n            \"text\": \"Type of Requirement\",\n            \"id\": \"Type Of Requirement\"\n        },\n        {\n            \"type\": \"Input.Text\",\n            \"id\": \"myEmail\",\n            \"style\": \"Email\",\n            \"spacing\": \"None\",\n            \"placeholder\": \"Enter the type of requirement here\"\n        },\n        {\n            \"type\": \"TextBlock\",\n            \"text\": \" Area \",\n            \"wrap\": true\n        },\n        {\n            \"type\": \"Input.Text\",\n            \"placeholder\": \"Enter your Area here\",\n            \"id\": \"Area\"\n        },\n        {\n            \"type\": \"TextBlock\",\n            \"wrap\": true,\n            \"text\": \"Division\"\n        },\n        {\n            \"type\": \"Input.Text\",\n            \"placeholder\": \"Enter your Division here\",\n            \"id\": \"Division\"\n        },\n        {\n            \"type\": \"TextBlock\",\n            \"wrap\": true,\n            \"text\": \"Domain\"\n        },\n        {\n            \"type\": \"Input.Text\",\n            \"placeholder\": \"Enter Domain here\",\n            \"id\": \"Domain\"\n        },\n        {\n            \"type\": \"TextBlock\",\n            \"wrap\": true,\n            \"text\": \"CERIOW\"\n        },\n        {\n            \"type\": \"Input.Text\",\n            \"placeholder\": \"Enter CERIOW here\",\n            \"id\": \"CERIOW\"\n        },\n        {\n            \"type\": \"TextBlock\",\n            \"wrap\": true,\n            \"text\": \"Complexity\"\n        },\n        {\n            \"type\": \"Input.Text\",\n            \"placeholder\": \"Enter Complexity here\",\n            \"id\": \"Complexity\"\n        },\n        {\n            \"type\": \"TextBlock\",\n            \"wrap\": true,\n            \"text\": \" Business Impact Severity\"\n        },\n        {\n            \"type\": \"Input.Text\",\n            \"placeholder\": \"Enter Business Impact Severity here\",\n            \"id\": \"Business Impact Severity\"\n        }\n    ],\n    \"actions\": [\n        {\n            \"type\": \"Action.Submit\",\n            \"title\": \"Submit\"\n        }\n    ]\n}",
              "body/body/updateMessage": "Thanks for your response!",
              "body/body/recipient/to": "ragam.ravi-teja@capgemini.com;"
            },
            "authentication": "@parameters('$authentication')"
          }
        }
      },
      "outputs": {}
    },
    "templateName": "78720f54e49444d0bd456477288a7ef7"
  },
  "schemaVersion": "1.0.0.0"
}