{
  "properties": {
    "connectionReferences": {
      "shared_teams": {
        "runtimeSource": "invoker",
        "connection": {
          "connectionReferenceLogicalName": "paflows2_sharedteams_59866"
        },
        "api": {
          "name": "shared_teams"
        }
      },
      "shared_office365users": {
        "runtimeSource": "invoker",
        "connection": {
          "connectionReferenceLogicalName": "paflows2_sharedoffice365users_64074"
        },
        "api": {
          "name": "shared_office365users"
        }
      },
      "shared_visualstudioteamservices": {
        "runtimeSource": "invoker",
        "connection": {
          "connectionReferenceLogicalName": "paflows2_sharedvisualstudioteamservices_3ed9e"
        },
        "api": {
          "name": "shared_visualstudioteamservices"
        }
      }
    },
    "definition": {
      "$schema": "https://schema.management.azure.com/providers/Microsoft.Logic/schemas/2016-06-01/workflowdefinition.json#",
      "contentVersion": "1.0.0.0",
      "parameters": {
        "$connections": {
          "defaultValue": {},
          "type": "Object"
        },
        "$authentication": {
          "defaultValue": {},
          "type": "SecureObject"
        }
      },
      "triggers": {
        "manual": {
          "metadata": {
            "operationMetadataId": "fd76b338-091a-494e-851c-14d0bafd47e9",
            "flowSystemMetadata": {
              "swaggerOperationId": "ForASelectedMessageV2",
              "taskModuleWidth": null,
              "taskModuleHeight": null,
              "inputsAdaptiveCard": "{\"$schema\":\"http://adaptivecards.io/schemas/adaptive-card.json\",\"type\":\"AdaptiveCard\",\"version\":\"1.3\",\"body\":[{\"type\":\"TextBlock\",\"text\":\"Select the type of Requirement \",\"wrap\":true},{\"type\":\"Input.ChoiceSet\",\"choices\":[{\"title\":\"Task\",\"value\":\"Task\"},{\"title\":\"Epic\",\"value\":\"Epic\"},{\"title\":\"Issue\",\"value\":\"Issue\"}],\"placeholder\":\"Select\",\"id\":\"Select type of Requirement\"}],\"-ms-tokens\":{}}"
            }
          },
          "type": "Request",
          "kind": "ApiConnection",
          "inputs": {
            "schema": {
              "type": "object",
              "properties": {
                "teamsFlowRunContext": {
                  "type": "object",
                  "properties": {
                    "messagePayload": {
                      "type": "object",
                      "properties": {
                        "from": {
                          "type": "object",
                          "properties": {
                            "user": {
                              "type": "object",
                              "properties": {
                                "id": {
                                  "title": "Sender User ID",
                                  "type": "string"
                                }
                              },
                              "required": []
                            }
                          },
                          "required": []
                        },
                        "body": {
                          "type": "object",
                          "properties": {
                            "content": {
                              "title": "Message Content",
                              "type": "string"
                            }
                          },
                          "required": []
                        }
                      },
                      "required": []
                    }
                  }
                },
                "cardOutputs": {
                  "type": "object",
                  "properties": {
                    "select type of Requirement": {
                      "title": "select type of Requirement",
                      "type": "string"
                    }
                  }
                }
              },
              "required": [
                "teamsFlowRunContext",
                "cardOutputs"
              ]
            },
            "host": {
              "connection": {
                "name": "@parameters('$connections')['shared_teams']['connectionId']"
              }
            },
            "operationId": "ForASelectedMessageV2",
            "parameters": {
              "inputsAdaptiveCard": "{\"$schema\":\"http://adaptivecards.io/schemas/adaptive-card.json\",\"type\":\"AdaptiveCard\",\"version\":\"1.3\",\"body\":[{\"type\":\"TextBlock\",\"text\":\"Azure DevOps Work item Details\",\"weight\":\"Bolder\",\"size\":\"Medium\"},{\"text\":\"Work Item Type\",\"type\":\"TextBlock\",\"id\":\"WorkItemType\"},{\"choices\":[{\"title\":\"Bug\",\"value\":\"Bug\"},{\"title\":\"Feature\",\"value\":\"Feature\"},{\"title\":\"Task\",\"value\":\"Task\"}],\"placeholder\":\"Work Item Type\",\"type\":\"Input.ChoiceSet\",\"id\":\"workItemTypeList\"},{\"type\":\"TextBlock\",\"text\":\"Title\"},{\"placeholder\":\"Work item title\",\"type\":\"Input.Text\",\"spacing\":\"None\",\"id\":\"witTitle\"},{\"text\":\"Note: message details will be in the description\",\"type\":\"TextBlock\"}],\"actions\":[{\"type\":\"Action.Submit\",\"title\":\"Submit\"}],\"-ms-tokens\":{}}"
            }
          }
        }
      },
      "actions": {
        "Get_user_profile_(V2)": {
          "runAfter": {},
          "metadata": {
            "operationMetadataId": "a7d44fa3-7870-4765-aca8-dc1def246d10"
          },
          "type": "OpenApiConnection",
          "inputs": {
            "host": {
              "apiId": "/providers/Microsoft.PowerApps/apis/shared_office365users",
              "connectionName": "shared_office365users",
              "operationId": "UserProfile_V2"
            },
            "parameters": {
              "id": "@triggerBody()?['teamsFlowRunContext']?['messagePayload']?['from']?['user']?['id']"
            },
            "authentication": {
              "value": "@json(decodeBase64(triggerOutputs().headers['X-MS-APIM-Tokens']))['$ConnectionKey']",
              "type": "Raw"
            }
          }
        },
        "Post_adaptive_card_and_wait_for_a_response": {
          "runAfter": {
            "Get_user_profile_(V2)": [
              "Succeeded"
            ]
          },
          "metadata": {
            "operationMetadataId": "d19e444e-b608-4114-b43c-98e0af4b27c2"
          },
          "type": "OpenApiConnectionWebhook",
          "inputs": {
            "host": {
              "apiId": "/providers/Microsoft.PowerApps/apis/shared_teams",
              "connectionName": "shared_teams",
              "operationId": "PostCardAndWaitForResponse"
            },
            "parameters": {
              "poster": "Flow bot",
              "location": "Channel",
              "body/body/messageBody": "{\n    \"$schema\": \"http://adaptivecards.io/schemas/adaptive-card.json\",\n    \"type\": \"AdaptiveCard\",\n    \"version\": \"1.3\",\n    \"actions\": [\n        {\n            \"type\": \"Action.Submit\",\n            \"title\": \"Submit\"\n        }\n    ],\n    \"body\": [\n        {\n            \"type\": \"TextBlock\",\n            \"wrap\": true,\n            \"text\": \"Title\"\n        },\n        {\n            \"type\": \"Input.Text\",\n            \"placeholder\": \"Write a Title here\",\n            \"id\": \"Title\"\n        },\n        {\n            \"type\": \"TextBlock\",\n            \"text\": \"Description\",\n            \"wrap\": true\n        },\n        {\n            \"type\": \"Input.Text\",\n            \"placeholder\": \"@{triggerBody()?['teamsFlowRunContext']?['messagePayload']?['body']?['content']}\",\n            \"id\": \"Description\"\n        }\n    ]\n}",
              "body/body/updateMessage": "Thanks for your response!",
              "body/body/recipient/groupId": "a6604c55-7d9b-4345-866c-3d339da40000",
              "body/body/recipient/channelId": "19:9wc7jdWIyYSsT8kz4i-wiN85D6Ij7e98y6tWjomKJcY1@thread.tacv2"
            },
            "authentication": {
              "value": "@json(decodeBase64(triggerOutputs().headers['X-MS-APIM-Tokens']))['$ConnectionKey']",
              "type": "Raw"
            }
          }
        },
        "Create_a_work_item": {
          "runAfter": {
            "Post_adaptive_card_and_wait_for_a_response": [
              "Succeeded"
            ]
          },
          "metadata": {
            "operationMetadataId": "788c4791-8798-46dd-8f4b-5c8352ef2489"
          },
          "type": "OpenApiConnection",
          "inputs": {
            "host": {
              "apiId": "/providers/Microsoft.PowerApps/apis/shared_visualstudioteamservices",
              "connectionName": "shared_visualstudioteamservices",
              "operationId": "CreateWorkItem"
            },
            "parameters": {
              "account": "ragamravi-teja",
              "project": "Automation",
              "type": "@triggerBody()?['cardOutputs']?['select type of Requirement']",
              "workItem/title": "@outputs('Post_adaptive_card_and_wait_for_a_response')?['body/data/Title']",
              "workItem/description": "<p>@{triggerBody()?['teamsFlowRunContext']?['messagePayload']?['body']?['content']}</p>",
              "shouldReturnAllFields": true,
              "workItem/priority": 2,
              "workItem/userEnteredFields": {
                "Assigned To": "@outputs('Get_user_profile_(V2)')?['body/mail']"
              }
            },
            "authentication": {
              "value": "@json(decodeBase64(triggerOutputs().headers['X-MS-APIM-Tokens']))['$ConnectionKey']",
              "type": "Raw"
            }
          }
        }
      },
      "outputs": {}
    },
    "templateName": null
  },
  "schemaVersion": "1.0.0.0"
}