{
  "properties": {
    "connectionReferences": {
      "shared_teams": {
        "runtimeSource": "embedded",
        "connection": {
          "connectionReferenceLogicalName": "paflows2_sharedteams_59866"
        },
        "api": {
          "name": "shared_teams"
        }
      },
      "shared_visualstudioteamservices": {
        "runtimeSource": "embedded",
        "connection": {
          "connectionReferenceLogicalName": "paflows2_sharedvisualstudioteamservices_3ed9e"
        },
        "api": {
          "name": "shared_visualstudioteamservices"
        }
      },
      "shared_office365": {
        "runtimeSource": "embedded",
        "connection": {
          "connectionReferenceLogicalName": "paflows2_sharedoffice365_44e88"
        },
        "api": {
          "name": "shared_office365"
        }
      }
    },
    "definition": {
      "$schema": "https://schema.management.azure.com/providers/Microsoft.Logic/schemas/2016-06-01/workflowdefinition.json#",
      "contentVersion": "1.0.0.0",
      "parameters": {
        "$connections": {
          "defaultValue": {},
          "type": "Object"
        },
        "$authentication": {
          "defaultValue": {},
          "type": "SecureObject"
        }
      },
      "triggers": {
        "When_a_new_email_arrives_(V3)": {
          "splitOn": "@triggerOutputs()?['body/value']",
          "metadata": {
            "Id::AAMkADBlNzM2NTM4LWM2ZDYtNDE0Ni04YjFiLWNkNDAzZDYzODkwMAAuAAAAAABxmVn2VfKLT40T5XCIwh3CAQCxDsYDHdovQJDZgu-CdVeJAAAAgTg8AAA=": "Survey Mails",
            "operationMetadataId": "dd3cce37-ccfc-488d-bc50-244622687a62"
          },
          "type": "OpenApiConnectionNotification",
          "inputs": {
            "host": {
              "apiId": "/providers/Microsoft.PowerApps/apis/shared_office365",
              "connectionName": "shared_office365",
              "operationId": "OnNewEmailV3"
            },
            "parameters": {
              "folderPath": "Id::AAMkADBlNzM2NTM4LWM2ZDYtNDE0Ni04YjFiLWNkNDAzZDYzODkwMAAuAAAAAABxmVn2VfKLT40T5XCIwh3CAQCxDsYDHdovQJDZgu-CdVeJAAAAgTg8AAA=",
              "includeAttachments": true,
              "importance": "Any",
              "fetchOnlyWithAttachment": false
            },
            "authentication": "@parameters('$authentication')"
          }
        }
      },
      "actions": {
        "Post_adaptive_card_and_wait_for_a_response": {
          "runAfter": {},
          "metadata": {
            "operationMetadataId": "ea40da8a-d7c8-4a63-8a41-b097835e5c21"
          },
          "type": "OpenApiConnectionWebhook",
          "inputs": {
            "host": {
              "apiId": "/providers/Microsoft.PowerApps/apis/shared_teams",
              "connectionName": "shared_teams",
              "operationId": "PostCardAndWaitForResponse"
            },
            "parameters": {
              "poster": "Flow bot",
              "location": "Channel",
              "body/body/messageBody": "{\n    \"$schema\": \"http://adaptivecards.io/schemas/adaptive-card.json\",\n    \"type\": \"AdaptiveCard\",\n    \"version\": \"1.3\",\n    \"body\": [\n        {\n            \"type\": \"TextBlock\",\n            \"text\": \"Select the type of Requirement \",\n            \"wrap\": true\n        },\n        {\n            \"type\": \"Input.ChoiceSet\",\n            \"choices\": [\n                {\n                    \"title\": \"Task\",\n                    \"value\": \"Task\"\n                },\n                {\n                    \"title\": \"Epic\",\n                    \"value\": \"Epic\"\n                },\n                {\n                    \"title\": \"Issue\",\n                    \"value\": \"Issue\"\n                }\n            ],\n            \"placeholder\": \"Select\",\n            \"id\": \"Select type of Requirement\"\n        }\n    ],\n\"actions\": [\n        {\n            \"type\": \"Action.Submit\",\n            \"title\": \"Submit\"\n        }\n    ]\n}",
              "body/body/updateMessage": "Thanks for your response!",
              "body/body/recipient/groupId": "a6604c55-7d9b-4345-866c-3d339da40000",
              "body/body/recipient/channelId": "19:9wc7jdWIyYSsT8kz4i-wiN85D6Ij7e98y6tWjomKJcY1@thread.tacv2"
            },
            "authentication": "@parameters('$authentication')"
          }
        },
        "Create_a_work_item": {
          "runAfter": {
            "Post_adaptive_card_and_wait_for_a_response": [
              "Succeeded"
            ]
          },
          "metadata": {
            "operationMetadataId": "15f9bb33-5f1b-4c26-bd44-eb7df33a9cae"
          },
          "type": "OpenApiConnection",
          "inputs": {
            "host": {
              "apiId": "/providers/Microsoft.PowerApps/apis/shared_visualstudioteamservices",
              "connectionName": "shared_visualstudioteamservices",
              "operationId": "CreateWorkItem"
            },
            "parameters": {
              "account": "ragamravi-teja",
              "project": "Automation",
              "type": "@outputs('Post_adaptive_card_and_wait_for_a_response')?['body/data/select type of Requirement']",
              "workItem/title": "@triggerOutputs()?['body/subject']",
              "workItem/description": "<p>@{triggerOutputs()?['body/body']}</p>",
              "workItem/priority": 3,
              "workItem/userEnteredFields": {
                "System.AssignedTo": "@triggerOutputs()?['body/toRecipients']"
              }
            },
            "authentication": "@parameters('$authentication')"
          }
        }
      },
      "outputs": {}
    },
    "templateName": null
  },
  "schemaVersion": "1.0.0.0"
}