{
  "properties": {
    "connectionReferences": {
      "shared_sharepointonline": {
        "runtimeSource": "embedded",
        "connection": {
          "connectionReferenceLogicalName": "paflows2_sharedsharepointonline_4b398"
        },
        "api": {
          "name": "shared_sharepointonline"
        }
      }
    },
    "definition": {
      "$schema": "https://schema.management.azure.com/providers/Microsoft.Logic/schemas/2016-06-01/workflowdefinition.json#",
      "contentVersion": "1.0.0.0",
      "parameters": {
        "$connections": {
          "defaultValue": {},
          "type": "Object"
        },
        "$authentication": {
          "defaultValue": {},
          "type": "SecureObject"
        }
      },
      "triggers": {
        "When_an_item_is_created_or_modified": {
          "recurrence": {
            "frequency": "Minute",
            "interval": 5
          },
          "splitOn": "@triggerOutputs()?['body/value']",
          "metadata": {
            "operationMetadataId": "4a1bb80c-d19e-4c2b-8d2e-3793b8776688"
          },
          "type": "OpenApiConnection",
          "inputs": {
            "host": {
              "apiId": "/providers/Microsoft.PowerApps/apis/shared_sharepointonline",
              "connectionName": "shared_sharepointonline",
              "operationId": "GetOnUpdatedItems"
            },
            "parameters": {
              "dataset": "https://capgemini.sharepoint.com/sites/Mysite993",
              "table": "8478a406-c605-4863-a745-4e23846a3b51"
            },
            "authentication": "@parameters('$authentication')"
          }
        }
      },
      "actions": {
        "Compose": {
          "runAfter": {},
          "metadata": {
            "operationMetadataId": "b20961e8-33e5-4a87-adf9-3a4ed9ceaf8a"
          },
          "type": "Compose",
          "inputs": "htttps://www.powertechtips.com/"
        },
        "HTTP": {
          "runAfter": {
            "Compose": [
              "Succeeded"
            ]
          },
          "metadata": {
            "operationMetadataId": "486216f9-19d8-4163-a492-328d99e61894"
          },
          "type": "Http",
          "inputs": {
            "method": "GET",
            "uri": "https://api.qrserver.com/v1/create-qr-code/?size=150x150&data=@{triggerOutputs()?['body/AssetBrand']}"
          }
        },
        "QR_Code": {
          "runAfter": {
            "HTTP": [
              "Succeeded"
            ]
          },
          "metadata": {
            "operationMetadataId": "dc2edef9-ff03-4656-9ad2-84cf7e76d4f1"
          },
          "type": "Compose",
          "inputs": "@base64ToBinary(body('HTTP')['$content'])"
        },
        "Add_attachment": {
          "runAfter": {
            "QR_Code": [
              "Succeeded"
            ]
          },
          "metadata": {
            "operationMetadataId": "d4635ba2-7f10-4a52-b25c-311d1f464e5d"
          },
          "type": "OpenApiConnection",
          "inputs": {
            "host": {
              "apiId": "/providers/Microsoft.PowerApps/apis/shared_sharepointonline",
              "connectionName": "shared_sharepointonline",
              "operationId": "CreateAttachment"
            },
            "parameters": {
              "dataset": "https://capgemini.sharepoint.com/sites/Mysite993",
              "table": "8478a406-c605-4863-a745-4e23846a3b51",
              "itemId": "@triggerOutputs()?['body/ID']",
              "displayName": "@{triggerOutputs()?['body/ID']}.png",
              "body": "@outputs('QR_Code')"
            },
            "authentication": "@parameters('$authentication')"
          }
        }
      },
      "outputs": {}
    },
    "templateName": null
  },
  "schemaVersion": "1.0.0.0"
}