{
  "properties": {
    "connectionReferences": {
      "shared_teams": {
        "runtimeSource": "invoker",
        "connection": {
          "connectionReferenceLogicalName": "paflows2_sharedteams_59866"
        },
        "api": {
          "name": "shared_teams"
        }
      },
      "shared_sharepointonline": {
        "runtimeSource": "invoker",
        "connection": {
          "connectionReferenceLogicalName": "paflows2_sharedsharepointonline_4b398"
        },
        "api": {
          "name": "shared_sharepointonline"
        }
      }
    },
    "definition": {
      "$schema": "https://schema.management.azure.com/providers/Microsoft.Logic/schemas/2016-06-01/workflowdefinition.json#",
      "contentVersion": "1.0.0.0",
      "parameters": {
        "$connections": {
          "defaultValue": {},
          "type": "Object"
        },
        "$authentication": {
          "defaultValue": {},
          "type": "SecureObject"
        }
      },
      "triggers": {
        "manual": {
          "metadata": {
            "operationMetadataId": "b28d8998-d844-4308-9bd6-b5d87f513274",
            "flowSystemMetadata": {
              "swaggerOperationId": "ForASelectedMessageV2",
              "taskModuleWidth": null,
              "taskModuleHeight": null,
              "inputsAdaptiveCard": "{\"$schema\":\"http://adaptivecards.io/schemas/adaptive-card.json\",\"type\":\"AdaptiveCard\",\"version\":\"1.3\",\"actions\":[{\"type\":\"Action.Submit\",\"title\":\"Submit\"}],\"body\":[{\"type\":\"Input.ChoiceSet\",\"choices\":[{\"title\":\"Bugs\",\"value\":\"Bugs\"},{\"title\":\"CR's\",\"value\":\"CR's\"},{\"title\":\"Incidents\",\"value\":\"Incidents\"}],\"placeholder\":\"Select\",\"id\":\"Select Work Item\"}],\"-ms-tokens\":{}}"
            }
          },
          "type": "Request",
          "kind": "ApiConnection",
          "inputs": {
            "schema": {
              "type": "object",
              "properties": {
                "teamsFlowRunContext": {
                  "type": "object",
                  "properties": {
                    "messagePayload": {
                      "type": "object",
                      "properties": {
                        "body": {
                          "type": "object",
                          "properties": {
                            "content": {
                              "title": "Message Content",
                              "type": "string"
                            }
                          },
                          "required": []
                        },
                        "from": {
                          "type": "object",
                          "properties": {
                            "user": {
                              "type": "object",
                              "properties": {
                                "displayName": {
                                  "title": "Sender User Display Name",
                                  "type": "string"
                                }
                              },
                              "required": []
                            }
                          },
                          "required": []
                        }
                      },
                      "required": []
                    },
                    "from": {
                      "type": "object",
                      "properties": {
                        "name": {
                          "title": "Originating User Display Name",
                          "type": "string"
                        }
                      },
                      "required": []
                    }
                  }
                },
                "cardOutputs": {
                  "type": "object",
                  "properties": {
                    "select Work Item": {
                      "title": "select Work Item",
                      "type": "string"
                    }
                  }
                }
              },
              "required": [
                "teamsFlowRunContext",
                "cardOutputs"
              ]
            },
            "host": {
              "connection": {
                "name": "@parameters('$connections')['shared_teams']['connectionId']"
              }
            },
            "operationId": "ForASelectedMessageV2",
            "parameters": {
              "inputsAdaptiveCard": "{\"$schema\":\"http://adaptivecards.io/schemas/adaptive-card.json\",\"type\":\"AdaptiveCard\",\"version\":\"1.3\",\"actions\":[{\"type\":\"Action.Submit\",\"title\":\"Submit\"}],\"body\":[{\"type\":\"Input.ChoiceSet\",\"choices\":[{\"title\":\"Bugs\",\"value\":\"Bugs\"},{\"title\":\"CR's\",\"value\":\"CR's\"},{\"title\":\"Incidents\",\"value\":\"Incidents\"}],\"placeholder\":\"Select\",\"id\":\"Select Work Item\"}],\"-ms-tokens\":{}}"
            }
          }
        }
      },
      "actions": {
        "Condition": {
          "actions": {
            "Post_adaptive_card_and_wait_for_a_response": {
              "runAfter": {},
              "metadata": {
                "operationMetadataId": "a572c793-a974-4669-b23d-3b7e9d4a0f56"
              },
              "type": "OpenApiConnectionWebhook",
              "inputs": {
                "host": {
                  "apiId": "/providers/Microsoft.PowerApps/apis/shared_teams",
                  "connectionName": "shared_teams",
                  "operationId": "PostCardAndWaitForResponse"
                },
                "parameters": {
                  "poster": "Flow bot",
                  "location": "Channel",
                  "body/body/messageBody": "{\n    \"type\": \"AdaptiveCard\",\n    \"$schema\": \"http://adaptivecards.io/schemas/adaptive-card.json\",\n    \"version\": \"1.4\",\n    \"body\": [\n        {\n            \"type\": \"TextBlock\",\n            \"text\": \"Title\",\n            \"wrap\": true\n        },\n        {\n            \"type\": \"Input.Text\",\n            \"placeholder\": \"@{triggerBody()?['teamsFlowRunContext']?['messagePayload']?['body']?['content']}\",\n            \"id\": \"Title\"\n        },\n        {\n            \"type\": \"TextBlock\",\n            \"text\": \"Work Item Type\",\n            \"wrap\": true\n        },\n        {\n            \"type\": \"Input.Text\",\n            \"placeholder\": \"Incidents\",\n            \"id\": \"Incidents\"\n        },\n        {\n            \"type\": \"TextBlock\",\n            \"text\": \"Service Type\",\n            \"wrap\": true\n        },\n        {\n            \"type\": \"Input.Text\",\n            \"placeholder\": \"Service Request\",\n            \"id\": \"Service Request\"\n        },\n        {\n            \"type\": \"TextBlock\",\n            \"text\": \"Priority\",\n            \"wrap\": true\n        },\n        {\n            \"type\": \"Input.Text\",\n            \"placeholder\": \"3\",\n            \"id\": \"Priority\"\n        },\n        {\n            \"type\": \"Input.Text\",\n            \"placeholder\": \"@{triggerBody()?['teamsFlowRunContext']?['messagePayload']?['from']?['user']?['displayName']};@{triggerBody()?['teamsFlowRunContext']?['from']?['name']}\",\n            \"id\": \"Watchlist\"\n        },\n        {\n            \"type\": \"ActionSet\",\n            \"actions\": [\n                {\n          \"type\": \"Action.Submit\",\n          \"title\": \"Submit\",\n        }\n            ]\n        }\n    ]\n}",
                  "body/body/updateMessage": "Thanks for your response!",
                  "body/body/recipient/groupId": "a6604c55-7d9b-4345-866c-3d339da40000",
                  "body/body/recipient/channelId": "19:9wc7jdWIyYSsT8kz4i-wiN85D6Ij7e98y6tWjomKJcY1@thread.tacv2"
                },
                "authentication": {
                  "value": "@json(decodeBase64(triggerOutputs().headers['X-MS-APIM-Tokens']))['$ConnectionKey']",
                  "type": "Raw"
                }
              }
            },
            "Create_item": {
              "runAfter": {
                "Post_adaptive_card_and_wait_for_a_response": [
                  "Succeeded"
                ]
              },
              "metadata": {
                "operationMetadataId": "cfd7d991-fc4b-4699-8d10-201f524e46bb"
              },
              "type": "OpenApiConnection",
              "inputs": {
                "host": {
                  "apiId": "/providers/Microsoft.PowerApps/apis/shared_sharepointonline",
                  "connectionName": "shared_sharepointonline",
                  "operationId": "PostItem"
                },
                "parameters": {
                  "dataset": "https://capgemini.sharepoint.com/sites/AutomationTeam613",
                  "table": "df81a844-b36b-40f3-bfa2-3c80de8100ec",
                  "item/Title": "@triggerBody()?['teamsFlowRunContext']?['messagePayload']?['body']?['content']",
                  "item/Work_Item_Type": "Incidents",
                  "item/ServiceType": "Service Request",
                  "item/Priority": "3",
                  "item/CustomerEmail": "@{triggerBody()?['teamsFlowRunContext']?['messagePayload']?['from']?['user']?['displayName']};@{triggerBody()?['teamsFlowRunContext']?['from']?['name']}"
                },
                "authentication": {
                  "value": "@json(decodeBase64(triggerOutputs().headers['X-MS-APIM-Tokens']))['$ConnectionKey']",
                  "type": "Raw"
                }
              }
            }
          },
          "runAfter": {},
          "else": {
            "actions": {
              "Condition_2": {
                "actions": {
                  "Post_adaptive_card_and_wait_for_a_response_2": {
                    "runAfter": {},
                    "metadata": {
                      "operationMetadataId": "f5b5a9a5-bb22-4dab-8ac0-8e7a1be5af5c"
                    },
                    "type": "OpenApiConnectionWebhook",
                    "inputs": {
                      "host": {
                        "apiId": "/providers/Microsoft.PowerApps/apis/shared_teams",
                        "connectionName": "shared_teams",
                        "operationId": "PostCardAndWaitForResponse"
                      },
                      "parameters": {
                        "poster": "Flow bot",
                        "location": "Channel",
                        "body/body/messageBody": "{\n    \"$schema\": \"http://adaptivecards.io/schemas/adaptive-card.json\",\n    \"type\": \"AdaptiveCard\",\n    \"version\": \"1.3\",\n    \"body\": [\n        {\n            \"type\": \"TextBlock\",\n            \"text\": \"Title\",\n            \"weight\": \"Bolder\",\n            \"size\": \"Medium\"\n        },\n        {\n            \"type\": \"Input.Text\",\n            \"placeholder\": \"@{triggerBody()?['teamsFlowRunContext']?['messagePayload']?['body']?['content']}\",\n            \"id\": \"Title\"\n        },\n        {\n            \"type\": \"TextBlock\",\n            \"wrap\": true,\n            \"text\": \"Work Item Type\"\n        },\n        {\n            \"type\": \"Input.Text\",\n            \"id\": \"Work Item Type\",\n            \"spacing\": \"None\",\n            \"placeholder\": \"Requirement\"\n        },\n        {\n            \"type\": \"TextBlock\",\n            \"text\": \"Type of Requirement\",\n            \"wrap\": true\n        },\n        {\n            \"type\": \"Input.Text\",\n            \"spacing\": \"None\",\n            \"id\": \"Type of Requirement \",\n            \"placeholder\": \"Change Request\"\n        },\n        {\n            \"type\": \"TextBlock\",\n            \"text\": \"Priority\",\n            \"wrap\": true\n        },\n        {\n            \"type\": \"Input.Text\",\n            \"placeholder\": \"3\",\n            \"id\": \"priority\"\n        },\n        {\n            \"type\": \"TextBlock\",\n            \"wrap\": true,\n            \"text\": \"Service Type\"\n        },\n        {\n            \"type\": \"Input.Text\",\n            \"placeholder\": \"Information\",\n            \"id\": \"Service Type\"\n        },\n        {\n            \"type\": \"TextBlock\",\n            \"wrap\": true,\n            \"text\": \"Area \"\n        },\n        {\n            \"type\": \"Input.Text\",\n            \"placeholder\": \"Global\",\n            \"id\": \"Area\"\n        },\n        {\n            \"type\": \"TextBlock\",\n            \"wrap\": true,\n            \"text\": \"Division \"\n        },\n        {\n            \"type\": \"Input.Text\",\n            \"placeholder\": \"Finance\",\n            \"id\": \"Division\"\n        },\n        {\n            \"type\": \"TextBlock\",\n            \"wrap\": true,\n            \"text\": \"Domain\"\n        },\n        {\n            \"type\": \"Input.Text\",\n            \"placeholder\": \"Finance\",\n            \"id\": \"Domain\"\n        },\n        {\n            \"type\": \"TextBlock\",\n            \"wrap\": true,\n            \"text\": \"CERIOW\"\n        },\n        {\n            \"type\": \"Input.Text\",\n            \"placeholder\": \"Extension\",\n            \"id\": \"CERIOW\"\n        },\n        {\n            \"type\": \"TextBlock\",\n            \"wrap\": true,\n            \"text\": \"Complexity\"\n        },\n        {\n            \"type\": \"Input.Text\",\n            \"placeholder\": \"Low\",\n            \"id\": \"Complexity\"\n        },\n        {\n            \"type\": \"TextBlock\",\n            \"wrap\": true,\n            \"text\": \"Business Impact Severity\"\n        },\n        {\n            \"type\": \"Input.Text\",\n            \"placeholder\": \"Low\",\n            \"id\": \"Business Impact Severity\"\n        },\n        {\n            \"type\": \"TextBlock\",\n            \"text\": \"Watchlist\",\n            \"wrap\": true\n        },\n        {\n            \"type\": \"Input.Text\",\n            \"placeholder\": \"@{triggerBody()?['teamsFlowRunContext']?['messagePayload']?['from']?['user']?['displayName']};@{triggerBody()?['teamsFlowRunContext']?['from']?['name']}\",\n            \"id\": \"Watchlist\"\n        }\n    ],\n    \"actions\": [\n        {\n            \"type\": \"Action.Submit\",\n            \"title\": \"Submit\"\n        }\n    ]\n}",
                        "body/body/updateMessage": "Thanks for your response!",
                        "body/body/recipient/groupId": "a6604c55-7d9b-4345-866c-3d339da40000",
                        "body/body/recipient/channelId": "19:9wc7jdWIyYSsT8kz4i-wiN85D6Ij7e98y6tWjomKJcY1@thread.tacv2"
                      },
                      "authentication": {
                        "value": "@json(decodeBase64(triggerOutputs().headers['X-MS-APIM-Tokens']))['$ConnectionKey']",
                        "type": "Raw"
                      }
                    }
                  },
                  "Create_item_2": {
                    "runAfter": {
                      "Post_adaptive_card_and_wait_for_a_response_2": [
                        "Succeeded"
                      ]
                    },
                    "metadata": {
                      "operationMetadataId": "36862c3b-2bca-4f00-86af-719f6bc17af2"
                    },
                    "type": "OpenApiConnection",
                    "inputs": {
                      "host": {
                        "apiId": "/providers/Microsoft.PowerApps/apis/shared_sharepointonline",
                        "connectionName": "shared_sharepointonline",
                        "operationId": "PostItem"
                      },
                      "parameters": {
                        "dataset": "https://capgemini.sharepoint.com/sites/AutomationTeam613",
                        "table": "88f26a6a-7011-4cda-8a39-58d558310b55",
                        "item/Title": "@triggerBody()?['teamsFlowRunContext']?['messagePayload']?['body']?['content']",
                        "item/Work_Item_Type": "Requirement",
                        "item/Type_Of_Requirement": "Change Request",
                        "item/ServiceType": "Information",
                        "item/Area": "Global",
                        "item/Division": "Finance",
                        "item/Domain": "Finance",
                        "item/CERIOW": "Extension",
                        "item/Complexity": "Low",
                        "item/Priority": 3,
                        "item/BusinessImapctSeverity": "Low",
                        "item/Watchlist": "@{triggerBody()?['teamsFlowRunContext']?['messagePayload']?['from']?['user']?['displayName']},@{triggerBody()?['teamsFlowRunContext']?['from']?['name']}"
                      },
                      "authentication": {
                        "value": "@json(decodeBase64(triggerOutputs().headers['X-MS-APIM-Tokens']))['$ConnectionKey']",
                        "type": "Raw"
                      }
                    }
                  }
                },
                "runAfter": {},
                "else": {
                  "actions": {
                    "Post_adaptive_card_and_wait_for_a_response_3": {
                      "runAfter": {},
                      "metadata": {
                        "operationMetadataId": "806b9993-a1a8-49ce-ad9d-4267f7173d54"
                      },
                      "type": "OpenApiConnectionWebhook",
                      "inputs": {
                        "host": {
                          "apiId": "/providers/Microsoft.PowerApps/apis/shared_teams",
                          "connectionName": "shared_teams",
                          "operationId": "PostCardAndWaitForResponse"
                        },
                        "parameters": {
                          "poster": "Flow bot",
                          "location": "Channel",
                          "body/body/messageBody": "{\n    \"$schema\": \"http://adaptivecards.io/schemas/adaptive-card.json\",\n    \"type\": \"AdaptiveCard\",\n    \"version\": \"1.3\",\n    \"body\": [\n        {\n            \"type\": \"TextBlock\",\n            \"text\": \"Title\",\n            \"weight\": \"Bolder\",\n            \"size\": \"Medium\"\n        },\n        {\n            \"type\": \"Input.Text\",\n            \"placeholder\": \"@{triggerBody()?['teamsFlowRunContext']?['messagePayload']?['body']?['content']}\",\n            \"id\": \"Title\"\n        },\n        {\n            \"type\": \"TextBlock\",\n            \"wrap\": true,\n            \"text\": \"Work Item Type\"\n        },\n        {\n            \"type\": \"Input.Text\",\n            \"id\": \"Work Item Type\",\n            \"spacing\": \"None\",\n            \"placeholder\": \"@{triggerBody()?['cardOutputs']?['select Work Item']}\",\n        },\n        {\n            \"type\": \"TextBlock\",\n            \"text\": \"Type of Requirement\",\n            \"wrap\": true\n        },\n        {\n            \"type\": \"Input.Text\",\n            \"spacing\": \"None\",\n            \"id\": \"Type of Requirement \",\n            \"placeholder\": \"Bug\"\n        },\n        {\n            \"type\": \"TextBlock\",\n            \"text\": \"Priority\",\n            \"wrap\": true\n        },\n        {\n            \"type\": \"Input.Text\",\n            \"placeholder\": \"3\",\n            \"id\": \"Priority\"\n        },\n        {\n            \"type\": \"TextBlock\",\n            \"text\": \"Bug Type \"\n        },\n        {\n            \"type\": \"Input.Text\",\n            \"spacing\": \"None\",\n            \"placeholder\": \"Internal\",\n            \"id\": \"Bug Type\"\n        },\n        {\n            \"type\": \"TextBlock\",\n            \"wrap\": true,\n            \"text\": \"Service Type\"\n        },\n        {\n            \"type\": \"Input.Text\",\n            \"placeholder\": \"Bug\",\n            \"id\": \"Service Type\"\n        },\n        {\n            \"type\": \"TextBlock\",\n            \"wrap\": true,\n            \"text\": \"Area \"\n        },\n        {\n            \"type\": \"Input.Text\",\n            \"placeholder\": \"Global\",\n            \"id\": \"Area\"\n        },\n        {\n            \"type\": \"TextBlock\",\n            \"wrap\": true,\n            \"text\": \"Division \"\n        },\n        {\n            \"type\": \"Input.Text\",\n            \"placeholder\": \"Finance\",\n            \"id\": \"Division\"\n        },\n        {\n            \"type\": \"TextBlock\",\n            \"wrap\": true,\n            \"text\": \"Domain\"\n        },\n        {\n            \"type\": \"Input.Text\",\n            \"placeholder\": \"Finance\",\n            \"id\": \"Domain\"\n        },\n        {\n            \"type\": \"TextBlock\",\n            \"wrap\": true,\n            \"text\": \"CERIOW\"\n        },\n        {\n            \"type\": \"Input.Text\",\n            \"placeholder\": \"Exntension\",\n            \"id\": \"CERIOW\"\n        },\n        {\n            \"type\": \"TextBlock\",\n            \"wrap\": true,\n            \"text\": \"Complexity\"\n        },\n        {\n            \"type\": \"Input.Text\",\n            \"placeholder\": \"Low\",\n            \"id\": \"Complexity\"\n        },\n        {\n            \"type\": \"TextBlock\",\n            \"wrap\": true,\n            \"text\": \"Business Impact Severity\"\n        },\n        {\n            \"type\": \"Input.Text\",\n            \"placeholder\": \"Low\",\n            \"id\": \"Business Impact Severity\"\n        },\n        {\n            \"type\": \"TextBlock\",\n            \"text\": \"Watchlist\",\n            \"wrap\": true\n        },\n        {\n            \"type\": \"Input.Text\",\n            \"placeholder\": \"@{triggerBody()?['teamsFlowRunContext']?['messagePayload']?['from']?['user']?['displayName']},@{triggerBody()?['teamsFlowRunContext']?['from']?['name']}\",\n            \"id\": \"Watchlist\"\n        }\n    ],\n    \"actions\": [\n        {\n            \"type\": \"Action.Submit\",\n            \"title\": \"Submit\"\n        }\n    ]\n}",
                          "body/body/updateMessage": "Thanks for your response!",
                          "body/body/recipient/groupId": "a6604c55-7d9b-4345-866c-3d339da40000",
                          "body/body/recipient/channelId": "19:9wc7jdWIyYSsT8kz4i-wiN85D6Ij7e98y6tWjomKJcY1@thread.tacv2"
                        },
                        "authentication": {
                          "value": "@json(decodeBase64(triggerOutputs().headers['X-MS-APIM-Tokens']))['$ConnectionKey']",
                          "type": "Raw"
                        }
                      }
                    },
                    "Create_item_3": {
                      "runAfter": {
                        "Post_adaptive_card_and_wait_for_a_response_3": [
                          "Succeeded"
                        ]
                      },
                      "metadata": {
                        "operationMetadataId": "d148fbcc-1a3e-47a0-8424-d078d40517f9"
                      },
                      "type": "OpenApiConnection",
                      "inputs": {
                        "host": {
                          "apiId": "/providers/Microsoft.PowerApps/apis/shared_sharepointonline",
                          "connectionName": "shared_sharepointonline",
                          "operationId": "PostItem"
                        },
                        "parameters": {
                          "dataset": "https://capgemini.sharepoint.com/sites/AutomationTeam613",
                          "table": "506dc4ef-43cc-4774-837d-ae8069b8d333",
                          "item/Title": "@triggerBody()?['teamsFlowRunContext']?['messagePayload']?['body']?['content']",
                          "item/WorkItemType": "Bug",
                          "item/TypeofRequirement": "Bug",
                          "item/BugType": "Internal",
                          "item/ServiceType": "Information",
                          "item/Area": "Global",
                          "item/Domain": "Finance",
                          "item/Domain0": "Finance",
                          "item/CERIOW": "Extension",
                          "item/Complexity": "Low",
                          "item/BusinessImpactSeverity": "Low",
                          "item/Watchlist": "@{triggerBody()?['teamsFlowRunContext']?['from']?['name']};@{triggerBody()?['teamsFlowRunContext']?['messagePayload']?['from']?['user']?['displayName']}",
                          "item/priority0": "3"
                        },
                        "authentication": {
                          "value": "@json(decodeBase64(triggerOutputs().headers['X-MS-APIM-Tokens']))['$ConnectionKey']",
                          "type": "Raw"
                        }
                      }
                    }
                  }
                },
                "expression": {
                  "equals": [
                    "@triggerBody()?['cardOutputs']?['select Work Item']",
                    "CR's"
                  ]
                },
                "metadata": {
                  "operationMetadataId": "13fabed9-d1d9-4ef3-9db7-20dcd9f8644e"
                },
                "type": "If"
              }
            }
          },
          "expression": {
            "equals": [
              "@triggerBody()?['cardOutputs']?['select Work Item']",
              "Incidents"
            ]
          },
          "metadata": {
            "operationMetadataId": "38247ea2-70be-44da-bac0-806a1b154b05"
          },
          "type": "If"
        }
      }
    },
    "templateName": null
  },
  "schemaVersion": "1.0.0.0"
}