{
  "properties": {
    "connectionReferences": {
      "shared_onedriveforbusiness": {
        "runtimeSource": "invoker",
        "connection": {
          "connectionReferenceLogicalName": "paflows2_sharedonedriveforbusiness_f6d19"
        },
        "api": {
          "name": "shared_onedriveforbusiness"
        }
      },
      "shared_excelonlinebusiness": {
        "runtimeSource": "invoker",
        "connection": {
          "connectionReferenceLogicalName": "paflows2_sharedexcelonlinebusiness_2f871"
        },
        "api": {
          "name": "shared_excelonlinebusiness"
        }
      },
      "shared_office365": {
        "runtimeSource": "invoker",
        "connection": {
          "connectionReferenceLogicalName": "paflows2_sharedoffice365_44e88"
        },
        "api": {
          "name": "shared_office365"
        }
      },
      "shared_onedriveforbusiness_1": {
        "runtimeSource": "invoker",
        "connection": {
          "connectionReferenceLogicalName": "paflows2_sharedonedriveforbusiness_ea2e8"
        },
        "api": {
          "name": "shared_onedriveforbusiness"
        }
      }
    },
    "definition": {
      "$schema": "https://schema.management.azure.com/providers/Microsoft.Logic/schemas/2016-06-01/workflowdefinition.json#",
      "contentVersion": "1.0.0.0",
      "parameters": {
        "$connections": {
          "defaultValue": {},
          "type": "Object"
        },
        "$authentication": {
          "defaultValue": {},
          "type": "SecureObject"
        }
      },
      "triggers": {
        "manual": {
          "metadata": {
            "operationMetadataId": "1e7644fb-e3ec-45af-9028-adb099151dee"
          },
          "type": "Request",
          "kind": "Button",
          "inputs": {
            "schema": {
              "type": "object",
              "properties": {},
              "required": []
            }
          }
        }
      },
      "actions": {
        "Get_file_content": {
          "runAfter": {},
          "metadata": {
            "b!GBbiBUOS202Mvt16kKu4fvomkfNOuXVKqO6Jvd2tWjhoSN6OwAu0QoEKkH-BVK8x.01DQRZCDKCAFDQPHSGYRFZUSOOB3WH7DUD": "/Desktop/CSV.csv",
            "operationMetadataId": "2e9d669f-218d-4bd0-b049-8a22f897ed3b",
            "b!GBbiBUOS202Mvt16kKu4fvomkfNOuXVKqO6Jvd2tWjhoSN6OwAu0QoEKkH-BVK8x.01DQRZCDKYTPFLQAP3SBH3JK6AVPQRSXP2": "/Invoice_Testing.xlsx",
            "b!GBbiBUOS202Mvt16kKu4fvomkfNOuXVKqO6Jvd2tWjhoSN6OwAu0QoEKkH-BVK8x.01DQRZCDLBXAE6IRQMF5A2X5MBSE77LIQW": "/Desktop/NLY_CHK_FASH_INVOICE_CH_20230905082641.csv"
          },
          "type": "OpenApiConnection",
          "inputs": {
            "host": {
              "apiId": "/providers/Microsoft.PowerApps/apis/shared_onedriveforbusiness",
              "connectionName": "shared_onedriveforbusiness",
              "operationId": "GetFileContent"
            },
            "parameters": {
              "id": "b!GBbiBUOS202Mvt16kKu4fvomkfNOuXVKqO6Jvd2tWjhoSN6OwAu0QoEKkH-BVK8x.01DQRZCDLBXAE6IRQMF5A2X5MBSE77LIQW",
              "inferContentType": true
            },
            "authentication": {
              "value": "@json(decodeBase64(triggerOutputs().headers['X-MS-APIM-Tokens']))['$ConnectionKey']",
              "type": "Raw"
            }
          }
        },
        "NewLine": {
          "runAfter": {
            "Get_file_content": [
              "Succeeded"
            ]
          },
          "metadata": {
            "operationMetadataId": "b244341e-8cf6-4b1c-9144-9318bd2aa404"
          },
          "type": "Compose",
          "inputs": "\n"
        },
        "SplitLine": {
          "runAfter": {
            "NewLine": [
              "Succeeded"
            ]
          },
          "metadata": {
            "operationMetadataId": "fe57e7cc-4552-4f87-a677-85698dd1c5b0"
          },
          "type": "Compose",
          "inputs": "@split(outputs('Get_file_content')?['body'], 'Header')"
        },
        "Remove": {
          "runAfter": {
            "SplitLine": [
              "Succeeded"
            ]
          },
          "metadata": {
            "operationMetadataId": "30d297a9-e688-47fe-90da-8e229d8bccee"
          },
          "type": "Compose",
          "inputs": "@skip(outputs('SplitLine'),1)"
        },
        "Invoice1": {
          "runAfter": {
            "Remove": [
              "Succeeded"
            ]
          },
          "metadata": {
            "operationMetadataId": "b329bab0-8b3e-4fcd-a878-2bdd34cbbfec"
          },
          "type": "Compose",
          "inputs": "@outputs('Remove')?[1]"
        },
        "Split": {
          "runAfter": {
            "Invoice1": [
              "Succeeded"
            ]
          },
          "metadata": {
            "operationMetadataId": "b1cb0cbd-f004-46a5-a5fc-1fa355a53723"
          },
          "type": "Compose",
          "inputs": "@split(outputs('Invoice1'), outputs('NewLine'))"
        },
        "Header": {
          "runAfter": {
            "Split": [
              "Succeeded"
            ]
          },
          "metadata": {
            "operationMetadataId": "05ad7549-658d-43ca-b43d-63db6d8e1f62"
          },
          "type": "Compose",
          "inputs": "@outputs('Split')?[0]"
        },
        "Items": {
          "runAfter": {
            "Header": [
              "Succeeded"
            ]
          },
          "metadata": {
            "operationMetadataId": "be92f8a2-86ce-46d7-a9fd-d6903e598e7c"
          },
          "type": "Compose",
          "inputs": "@skip(outputs('Split'),1)"
        },
        "Splitbycomma": {
          "runAfter": {
            "Items": [
              "Succeeded"
            ]
          },
          "metadata": {
            "operationMetadataId": "18e27169-d269-4318-a441-41f209322d9b"
          },
          "type": "Compose",
          "inputs": "@split(outputs('Header'),';')"
        },
        "Json_for_Header": {
          "runAfter": {
            "Splitbycomma": [
              "Succeeded"
            ]
          },
          "metadata": {
            "operationMetadataId": "758a2b3b-9dae-4eb2-b21f-22ce4304fca4"
          },
          "type": "Compose",
          "inputs": {
            "Header": "Header",
            "Invoice ID": "@{outputs('Splitbycomma')?[1]}",
            "Invoice Type": "@{outputs('Splitbycomma')?[2]}",
            "Invoice Date": "@{outputs('Splitbycomma')?[3]}",
            "ORLI Client Code": "@{outputs('Splitbycomma')?[4]}",
            "Invoice Client Code ": "@{outputs('Splitbycomma')?[5]}",
            "Delivery Client Code": "@{outputs('Splitbycomma')?[6]}",
            "Delivery Name": "@{outputs('Splitbycomma')?[7]}",
            "Delivery Address Line1": "@{outputs('Splitbycomma')?[8]}",
            "Delivery Address Line2": "@{outputs('Splitbycomma')?[9]}",
            "Delivery Address ZIP Code Town": "@{outputs('Splitbycomma')?[10]}",
            "Delivery Address Country": "@{outputs('Splitbycomma')?[11]}",
            "Currency Code ": "@{outputs('Splitbycomma')?[12]}",
            "Cash Disc Percent": "@{outputs('Splitbycomma')?[13]}",
            "Filter1": "@{outputs('Splitbycomma')?[14]}",
            "Filter2": "@{outputs('Splitbycomma')?[15]}",
            "Filter3": "@{outputs('Splitbycomma')?[16]}",
            "Filter4": "@{outputs('Splitbycomma')?[17]}",
            "Filter5": "@{outputs('Splitbycomma')?[18]}"
          }
        },
        "Apply_to_each": {
          "foreach": "@outputs('Items')",
          "actions": {
            "SplitItems": {
              "runAfter": {},
              "metadata": {
                "operationMetadataId": "531ec664-9c52-441b-b4f9-9f4529427985"
              },
              "type": "Compose",
              "inputs": "@split(item(),';')"
            },
            "Json_for_Items": {
              "runAfter": {
                "SplitItems": [
                  "Succeeded"
                ]
              },
              "metadata": {
                "operationMetadataId": "e4b2b84d-8c5b-4ca0-a443-0747770ca69c"
              },
              "type": "Compose",
              "inputs": {
                "Item": "@{outputs('SplitItems')?[0]}",
                "PackingSlip ID": "@{outputs('SplitItems')?[1]}",
                "Vendor Ref": "@{outputs('SplitItems')?[2]}",
                "Purch ID": "@{outputs('SplitItems')?[3]}",
                "CNL- Customer Ref": "@{outputs('SplitItems')?[4]}",
                "Line Number": "@{outputs('SplitItems')?[5]}",
                "Item ID": "@{outputs('SplitItems')?[6]}",
                "Barcode": "@{outputs('SplitItems')?[7]}",
                "Item Season": "@{outputs('SplitItems')?[8]}",
                "Invoice Qty": "@{outputs('SplitItems')?[9]}",
                "Invoice Unit": "@{outputs('SplitItems')?[10]}",
                "Invoice Price": "@{outputs('SplitItems')?[11]}",
                "Price Unit": "@{outputs('SplitItems')?[12]}",
                "Currency Code": "@{outputs('SplitItems')?[13]}",
                "Closed": "@{outputs('SplitItems')?[14]}",
                "LineDisc": "@{outputs('SplitItems')?[15]}",
                "LinePercent": "@{outputs('SplitItems')?[16]}",
                "Invoice Markup": "@{outputs('SplitItems')?[17]}",
                "Confirmed Tax Amount": "@{outputs('SplitItems')?[18]}",
                "Line Amount": "@{outputs('SplitItems')?[19]}",
                "Fiter1": "@{outputs('SplitItems')?[20]}",
                "Filter2": "@{outputs('SplitItems')?[21]}"
              }
            }
          },
          "runAfter": {
            "Parse_JSON": [
              "Succeeded"
            ]
          },
          "metadata": {
            "operationMetadataId": "e6278a55-79e2-4880-83a7-9a1a549d473c"
          },
          "type": "Foreach",
          "runtimeConfiguration": {
            "concurrency": {
              "repetitions": 50
            }
          }
        },
        "Parse_JSON": {
          "runAfter": {
            "Json_for_Header": [
              "Succeeded"
            ]
          },
          "metadata": {
            "operationMetadataId": "53246b4d-e95b-46fd-9e2f-db8859426853"
          },
          "type": "ParseJson",
          "inputs": {
            "content": "@outputs('Json_for_Header')",
            "schema": {
              "type": "object",
              "properties": {
                "Header": {
                  "type": "string"
                },
                "Invoice ID": {
                  "type": "string"
                },
                "Invoice Type": {
                  "type": "string"
                },
                "Invoice Date": {
                  "type": "string"
                },
                "ORLI Client Code": {
                  "type": "string"
                },
                "Invoice Client Code ": {
                  "type": "string"
                },
                "Delivery Client Code": {
                  "type": "string"
                },
                "Delivery Name": {
                  "type": "string"
                },
                "Delivery Address Line1": {
                  "type": "string"
                },
                "Delivery Address Line2": {
                  "type": "string"
                },
                "Delivery Address ZIP Code Town": {
                  "type": "string"
                },
                "Delivery Address Country": {
                  "type": "string"
                },
                "Currency Code ": {
                  "type": "string"
                },
                "Cash Disc Percent": {
                  "type": "string"
                },
                "Filter1": {
                  "type": "string"
                },
                "Filter2": {
                  "type": "string"
                },
                "Filter3": {
                  "type": "string"
                },
                "Filter4": {
                  "type": "string"
                },
                "Filter5": {
                  "type": "string"
                }
              }
            }
          }
        },
        "json_items": {
          "runAfter": {
            "Apply_to_each": [
              "Succeeded"
            ]
          },
          "metadata": {
            "operationMetadataId": "4d04b67a-4c01-4871-b451-a3723486716b"
          },
          "type": "Compose",
          "inputs": "@outputs('Json_for_Items')"
        },
        "Parse_JSON_2": {
          "runAfter": {
            "json_items": [
              "Succeeded"
            ]
          },
          "metadata": {
            "operationMetadataId": "1c7560d0-4ac8-4aaf-afaf-1a2b0d2a66be"
          },
          "type": "ParseJson",
          "inputs": {
            "content": "@outputs('json_items')",
            "schema": {
              "type": "array",
              "items": {
                "type": "object",
                "properties": {
                  "Item": {
                    "type": "string"
                  },
                  "PackingSlip ID": {
                    "type": "string"
                  },
                  "Vendor Ref": {
                    "type": "string"
                  },
                  "Purch ID": {
                    "type": "string"
                  },
                  "CNL- Customer Ref": {
                    "type": "string"
                  },
                  "Line Number": {
                    "type": "string"
                  },
                  "Item ID": {
                    "type": "string"
                  },
                  "Barcode": {
                    "type": "string"
                  },
                  "Item Season": {
                    "type": "string"
                  },
                  "Invoice Qty": {
                    "type": "string"
                  },
                  "Invoice Unit": {
                    "type": "string"
                  },
                  "Invoice Price": {
                    "type": "string"
                  },
                  "Price Unit": {
                    "type": "string"
                  },
                  "Currency Code": {
                    "type": "string"
                  },
                  "Closed": {
                    "type": "string"
                  },
                  "LineDisc": {
                    "type": "string"
                  },
                  "LinePercent": {
                    "type": "string"
                  },
                  "Invoice Markup": {
                    "type": "string"
                  },
                  "Confirmed Tax Amount": {
                    "type": "string"
                  },
                  "Line Amount": {
                    "type": "string"
                  },
                  "Fiter1": {
                    "type": "string"
                  },
                  "Filter2": {
                    "type": "string"
                  }
                },
                "required": [
                  "Item",
                  "PackingSlip ID",
                  "Vendor Ref",
                  "Purch ID",
                  "CNL- Customer Ref",
                  "Line Number",
                  "Item ID",
                  "Barcode",
                  "Item Season",
                  "Invoice Qty",
                  "Invoice Unit",
                  "Invoice Price",
                  "Price Unit",
                  "Currency Code",
                  "Closed",
                  "LineDisc",
                  "LinePercent",
                  "Invoice Markup",
                  "Confirmed Tax Amount",
                  "Line Amount",
                  "Fiter1",
                  "Filter2"
                ]
              }
            }
          }
        },
        "Apply_to_each_2": {
          "foreach": "@body('Parse_JSON_2')",
          "actions": {
            "Add_a_row_into_a_table": {
              "runAfter": {},
              "metadata": {
                "01DQRZCDKYTPFLQAP3SBH3JK6AVPQRSXP2": "/Invoice_Testing.xlsx",
                "operationMetadataId": "78029286-ecfa-4717-93c9-b6b4058cbae1",
                "tableId": "{452B965A-FE37-4904-B607-150A4D6C0403}"
              },
              "type": "OpenApiConnection",
              "inputs": {
                "host": {
                  "apiId": "/providers/Microsoft.PowerApps/apis/shared_excelonlinebusiness",
                  "connectionName": "shared_excelonlinebusiness",
                  "operationId": "AddRowV2"
                },
                "parameters": {
                  "source": "me",
                  "drive": "b!GBbiBUOS202Mvt16kKu4fvomkfNOuXVKqO6Jvd2tWjhoSN6OwAu0QoEKkH-BVK8x",
                  "file": "01DQRZCDKYTPFLQAP3SBH3JK6AVPQRSXP2",
                  "table": "{452B965A-FE37-4904-B607-150A4D6C0403}",
                  "item/Header": "@body('Parse_JSON')?['Header']",
                  "item/Invoice ID ": "@body('Parse_JSON')?['Invoice ID']",
                  "item/Invoice Type": "@body('Parse_JSON')?['Invoice Type']",
                  "item/Invoice Date": "@body('Parse_JSON')?['Invoice Date']",
                  "item/ORLI Client Code": "@body('Parse_JSON')?['ORLI Client Code']",
                  "item/Invoice Client Code": "@body('Parse_JSON')?['Invoice Client Code ']",
                  "item/Delivery Client Code": "@body('Parse_JSON')?['Delivery Client Code']",
                  "item/Delivery Name": "@body('Parse_JSON')?['Delivery Name']",
                  "item/Delivery Address Line1": "@body('Parse_JSON')?['Delivery Address Line1']",
                  "item/Delivery Addess Line2": "@body('Parse_JSON')?['Delivery Address Line2']",
                  "item/Delivery Address Country": "@body('Parse_JSON')?['Delivery Address Country']",
                  "item/Currency Code": "@items('Apply_to_each_2')['Currency Code']",
                  "item/Cash Disc Percent": "@body('Parse_JSON')?['Cash Disc Percent']",
                  "item/Filter1": "@body('Parse_JSON')?['Filter1']",
                  "item/Filter2": "@body('Parse_JSON')?['Filter2']",
                  "item/Filter3": "@body('Parse_JSON')?['Filter3']",
                  "item/Filter4": "@body('Parse_JSON')?['Filter4']",
                  "item/Filter5": "@body('Parse_JSON')?['Filter5']",
                  "item/Item": "@items('Apply_to_each_2')['Item']",
                  "item/PackingSlip ID": "@items('Apply_to_each_2')['PackingSlip ID']",
                  "item/Vendor Ref": "@items('Apply_to_each_2')['Vendor Ref']",
                  "item/Purch ID": "@items('Apply_to_each_2')['Purch ID']",
                  "item/ItemID": "@items('Apply_to_each_2')['Item ID']",
                  "item/Barcode": "@items('Apply_to_each_2')['Barcode']",
                  "item/Item Season": "@items('Apply_to_each_2')['Item Season']",
                  "item/InvoiceQty": "@items('Apply_to_each_2')['Invoice Qty']",
                  "item/InvoiceUnit": "@items('Apply_to_each_2')['Invoice Unit']",
                  "item/InvoicePrice": "@items('Apply_to_each_2')['Invoice Price']",
                  "item/PriceUnit": "@items('Apply_to_each_2')['Price Unit']",
                  "item/CurrencyCode": "@items('Apply_to_each_2')['Currency Code']",
                  "item/Closed": "@items('Apply_to_each_2')['Closed']",
                  "item/LineDisc": "@items('Apply_to_each_2')['LineDisc']",
                  "item/LinePercent": "@items('Apply_to_each_2')['LinePercent']",
                  "item/Invoice Markup": "@items('Apply_to_each_2')['Invoice Markup']",
                  "item/Confirmed Tax Amount": "@items('Apply_to_each_2')['Confirmed Tax Amount']",
                  "item/Line Amount": "@items('Apply_to_each_2')['Line Amount']",
                  "item/Filter12": "@items('Apply_to_each_2')['Fiter1']",
                  "item/Filter22": "@items('Apply_to_each_2')['Filter2']"
                },
                "authentication": {
                  "value": "@json(decodeBase64(triggerOutputs().headers['X-MS-APIM-Tokens']))['$ConnectionKey']",
                  "type": "Raw"
                }
              }
            }
          },
          "runAfter": {
            "Parse_JSON_2": [
              "Succeeded"
            ]
          },
          "metadata": {
            "operationMetadataId": "8eb731db-7c12-43bb-a4c3-f270772463c1"
          },
          "type": "Foreach"
        },
        "Send_an_email_(V2)": {
          "runAfter": {
            "Final_Excel_Content": [
              "Succeeded"
            ]
          },
          "metadata": {
            "operationMetadataId": "9763b401-e272-43e0-a106-fc9914637eb4"
          },
          "type": "OpenApiConnection",
          "inputs": {
            "host": {
              "apiId": "/providers/Microsoft.PowerApps/apis/shared_office365",
              "connectionName": "shared_office365",
              "operationId": "SendEmailV2"
            },
            "parameters": {
              "emailMessage/To": "ragam.ravi-teja@capgemini.com",
              "emailMessage/Subject": "Final Report ",
              "emailMessage/Body": "<p>Hi,<br>\n<br>\nHere I attached the final report.<br>\n<br>\nThnanks and Regards,<br>\nRavi Teja Ragam</p>",
              "emailMessage/Attachments": [
                {
                  "Name": "Final Report.xlsx",
                  "ContentBytes": "@body('Final_Excel_Content')"
                }
              ],
              "emailMessage/Importance": "Normal"
            },
            "authentication": {
              "value": "@json(decodeBase64(triggerOutputs().headers['X-MS-APIM-Tokens']))['$ConnectionKey']",
              "type": "Raw"
            }
          }
        },
        "Final_Excel_Content": {
          "runAfter": {
            "Apply_to_each_2": [
              "Succeeded"
            ]
          },
          "metadata": {
            "b!GBbiBUOS202Mvt16kKu4fvomkfNOuXVKqO6Jvd2tWjhoSN6OwAu0QoEKkH-BVK8x.01DQRZCDKYTPFLQAP3SBH3JK6AVPQRSXP2": "/Invoice_Testing.xlsx",
            "operationMetadataId": "a4a32e6a-8065-48fc-9b0a-2664d3f6cb91"
          },
          "type": "OpenApiConnection",
          "inputs": {
            "host": {
              "apiId": "/providers/Microsoft.PowerApps/apis/shared_onedriveforbusiness",
              "connectionName": "shared_onedriveforbusiness_1",
              "operationId": "GetFileContent"
            },
            "parameters": {
              "id": "b!GBbiBUOS202Mvt16kKu4fvomkfNOuXVKqO6Jvd2tWjhoSN6OwAu0QoEKkH-BVK8x.01DQRZCDKYTPFLQAP3SBH3JK6AVPQRSXP2",
              "inferContentType": true
            },
            "authentication": {
              "value": "@json(decodeBase64(triggerOutputs().headers['X-MS-APIM-Tokens']))['$ConnectionKey']",
              "type": "Raw"
            }
          }
        }
      },
      "outputs": {}
    },
    "templateName": null
  },
  "schemaVersion": "1.0.0.0"
}