{
  "properties": {
    "connectionReferences": {
      "shared_excelonlinebusiness": {
        "runtimeSource": "invoker",
        "connection": {
          "connectionReferenceLogicalName": "paflows2_sharedexcelonlinebusiness_2f871"
        },
        "api": {
          "name": "shared_excelonlinebusiness"
        }
      }
    },
    "definition": {
      "$schema": "https://schema.management.azure.com/providers/Microsoft.Logic/schemas/2016-06-01/workflowdefinition.json#",
      "contentVersion": "1.0.0.0",
      "parameters": {
        "$connections": {
          "defaultValue": {},
          "type": "Object"
        },
        "$authentication": {
          "defaultValue": {},
          "type": "SecureObject"
        }
      },
      "triggers": {
        "manual": {
          "metadata": {
            "operationMetadataId": "67b4b4bc-accc-4ab6-a948-d919323822dc"
          },
          "type": "Request",
          "kind": "Button",
          "inputs": {
            "schema": {
              "type": "object",
              "properties": {},
              "required": []
            }
          }
        }
      },
      "actions": {
        "List_rows_present_in_a_table": {
          "runAfter": {},
          "metadata": {
            "01DQRZCDP2H2SYTVVNTNCLVFCE4QIEV6RQ": "/Delete_Row_without_knowing_Key_value.xlsx",
            "operationMetadataId": "b8b4058b-e0f0-47b7-a0a9-dcfab45e31f1"
          },
          "type": "OpenApiConnection",
          "inputs": {
            "host": {
              "apiId": "/providers/Microsoft.PowerApps/apis/shared_excelonlinebusiness",
              "connectionName": "shared_excelonlinebusiness",
              "operationId": "GetItems"
            },
            "parameters": {
              "source": "me",
              "drive": "b!GBbiBUOS202Mvt16kKu4fvomkfNOuXVKqO6Jvd2tWjhoSN6OwAu0QoEKkH-BVK8x",
              "file": "01DQRZCDP2H2SYTVVNTNCLVFCE4QIEV6RQ",
              "table": "{EEE1121D-2B49-41F1-82F7-CFA8E98981DD}",
              "$filter": "@item()?['Bot Number']"
            },
            "authentication": {
              "value": "@json(decodeBase64(triggerOutputs().headers['X-MS-APIM-Tokens']))['$ConnectionKey']",
              "type": "Raw"
            }
          }
        },
        "Apply_to_each_2": {
          "foreach": "@item()?['BotNumber']",
          "actions": {
            "Delete_a_row_2": {
              "runAfter": {},
              "metadata": {
                "01DQRZCDP2H2SYTVVNTNCLVFCE4QIEV6RQ": "/Delete_Row_without_knowing_Key_value.xlsx",
                "operationMetadataId": "cb6a3e60-26dd-45b5-8296-62a5c78f16e6"
              },
              "type": "OpenApiConnection",
              "inputs": {
                "host": {
                  "apiId": "/providers/Microsoft.PowerApps/apis/shared_excelonlinebusiness",
                  "connectionName": "shared_excelonlinebusiness",
                  "operationId": "DeleteItem"
                },
                "parameters": {
                  "source": "me",
                  "drive": "b!GBbiBUOS202Mvt16kKu4fvomkfNOuXVKqO6Jvd2tWjhoSN6OwAu0QoEKkH-BVK8x",
                  "file": "01DQRZCDP2H2SYTVVNTNCLVFCE4QIEV6RQ",
                  "table": "{EEE1121D-2B49-41F1-82F7-CFA8E98981DD}",
                  "idColumn": "Bot Number",
                  "id": "@items('Apply_to_each_2')?['Bot Number']"
                },
                "authentication": {
                  "value": "@json(decodeBase64(triggerOutputs().headers['X-MS-APIM-Tokens']))['$ConnectionKey']",
                  "type": "Raw"
                }
              }
            }
          },
          "runAfter": {
            "List_rows_present_in_a_table": [
              "Succeeded"
            ]
          },
          "metadata": {
            "operationMetadataId": "59d68e07-a6e2-428b-acc7-e0434feafe04"
          },
          "type": "Foreach"
        }
      }
    },
    "templateName": null
  },
  "schemaVersion": "1.0.0.0"
}