{
  "properties": {
    "connectionReferences": {
      "shared_sharepointonline": {
        "runtimeSource": "invoker",
        "connection": {
          "connectionReferenceLogicalName": "paflows2_sharedsharepointonline_4b398"
        },
        "api": {
          "name": "shared_sharepointonline"
        }
      },
      "shared_onedriveforbusiness": {
        "runtimeSource": "invoker",
        "connection": {
          "connectionReferenceLogicalName": "paflows2_sharedonedriveforbusiness_f6d19"
        },
        "api": {
          "name": "shared_onedriveforbusiness"
        }
      }
    },
    "definition": {
      "$schema": "https://schema.management.azure.com/providers/Microsoft.Logic/schemas/2016-06-01/workflowdefinition.json#",
      "contentVersion": "1.0.0.0",
      "parameters": {
        "$connections": {
          "defaultValue": {},
          "type": "Object"
        },
        "$authentication": {
          "defaultValue": {},
          "type": "SecureObject"
        }
      },
      "triggers": {
        "manual": {
          "metadata": {
            "operationMetadataId": "c9acaf12-b0a3-4e13-a800-c41148fdd8d1"
          },
          "type": "Request",
          "kind": "Button",
          "inputs": {
            "schema": {
              "type": "object",
              "properties": {},
              "required": []
            }
          }
        }
      },
      "actions": {
        "Get_items": {
          "runAfter": {},
          "metadata": {
            "operationMetadataId": "5eadbbed-ed14-40ed-b4c7-77910a8aee4a"
          },
          "type": "OpenApiConnection",
          "inputs": {
            "host": {
              "apiId": "/providers/Microsoft.PowerApps/apis/shared_sharepointonline",
              "connectionName": "shared_sharepointonline",
              "operationId": "GetItems"
            },
            "parameters": {
              "dataset": "https://capgemini.sharepoint.com/sites/AutomationTeam613",
              "table": "5da59378-2d39-48c7-b70b-136547ca3f5f"
            },
            "authentication": {
              "value": "@json(decodeBase64(triggerOutputs().headers['X-MS-APIM-Tokens']))['$ConnectionKey']",
              "type": "Raw"
            }
          }
        },
        "Create_CSV_table": {
          "runAfter": {
            "Get_items": [
              "Succeeded"
            ]
          },
          "metadata": {
            "operationMetadataId": "a54df438-0a3c-4286-8ec6-b62c5e6bfada"
          },
          "type": "Table",
          "inputs": {
            "from": "@outputs('Get_items')?['body/value']",
            "format": "CSV"
          }
        },
        "Create_file": {
          "runAfter": {
            "Create_CSV_table": [
              "Succeeded"
            ]
          },
          "metadata": {
            "operationMetadataId": "3ef42e7f-a7c7-4065-bfd7-7d372e9fe654"
          },
          "type": "OpenApiConnection",
          "inputs": {
            "host": {
              "apiId": "/providers/Microsoft.PowerApps/apis/shared_onedriveforbusiness",
              "connectionName": "shared_onedriveforbusiness",
              "operationId": "CreateFile"
            },
            "parameters": {
              "folderPath": "Documents/Archived_Files",
              "name": "Export0.csv@{concat('user feedback',formatDateTime(utcNow(),'yyyyMMdd'),'.csv')}",
              "body": "@body('Create_CSV_table')"
            },
            "authentication": {
              "value": "@json(decodeBase64(triggerOutputs().headers['X-MS-APIM-Tokens']))['$ConnectionKey']",
              "type": "Raw"
            }
          },
          "runtimeConfiguration": {
            "contentTransfer": {
              "transferMode": "Chunked"
            }
          }
        }
      }
    },
    "templateName": null
  },
  "schemaVersion": "1.0.0.0"
}