{
  "properties": {
    "connectionReferences": {
      "shared_office365": {
        "runtimeSource": "embedded",
        "connection": {
          "connectionReferenceLogicalName": "paflows2_sharedoffice365_44e88"
        },
        "api": {
          "name": "shared_office365"
        }
      },
      "shared_visualstudioteamservices": {
        "runtimeSource": "embedded",
        "connection": {
          "connectionReferenceLogicalName": "paflows2_sharedvisualstudioteamservices_3ed9e"
        },
        "api": {
          "name": "shared_visualstudioteamservices"
        }
      }
    },
    "definition": {
      "$schema": "https://schema.management.azure.com/providers/Microsoft.Logic/schemas/2016-06-01/workflowdefinition.json#",
      "contentVersion": "1.0.0.0",
      "parameters": {
        "$connections": {
          "defaultValue": {},
          "type": "Object"
        },
        "$authentication": {
          "defaultValue": {},
          "type": "SecureObject"
        }
      },
      "triggers": {
        "When_a_new_email_arrives_(V3)": {
          "splitOn": "@triggerOutputs()?['body/value']",
          "metadata": {
            "Id::AAMkADBlNzM2NTM4LWM2ZDYtNDE0Ni04YjFiLWNkNDAzZDYzODkwMAAuAAAAAABxmVn2VfKLT40T5XCIwh3CAQCxDsYDHdovQJDZgu-CdVeJAAApNJNfAAA=": "Epic Work Items",
            "operationMetadataId": "dc6cd9ef-1e0c-4627-b3bd-5d908afddb9e"
          },
          "type": "OpenApiConnectionNotification",
          "inputs": {
            "host": {
              "apiId": "/providers/Microsoft.PowerApps/apis/shared_office365",
              "connectionName": "shared_office365",
              "operationId": "OnNewEmailV3"
            },
            "parameters": {
              "folderPath": "Id::AAMkADBlNzM2NTM4LWM2ZDYtNDE0Ni04YjFiLWNkNDAzZDYzODkwMAAuAAAAAABxmVn2VfKLT40T5XCIwh3CAQCxDsYDHdovQJDZgu-CdVeJAAApNJNfAAA=",
              "includeAttachments": false,
              "importance": "Any",
              "fetchOnlyWithAttachment": false
            },
            "authentication": "@parameters('$authentication')"
          }
        }
      },
      "actions": {
        "Create_a_work_item": {
          "runAfter": {},
          "metadata": {
            "operationMetadataId": "036a9a56-92c9-4d73-a35d-93882b96ae8f"
          },
          "type": "OpenApiConnection",
          "inputs": {
            "host": {
              "apiId": "/providers/Microsoft.PowerApps/apis/shared_visualstudioteamservices",
              "connectionName": "shared_visualstudioteamservices",
              "operationId": "CreateWorkItem"
            },
            "parameters": {
              "account": "ragamravi-teja",
              "project": "Automation",
              "type": "Epic",
              "workItem/title": "@triggerOutputs()?['body/subject']",
              "workItem/description": "<p>@{triggerOutputs()?['body/body']}</p>",
              "workItem/priority": 3,
              "workItem/dynamicFields/System.AssignedTo": "@triggerOutputs()?['body/toRecipients']"
            },
            "authentication": "@parameters('$authentication')"
          }
        }
      }
    },
    "templateName": null
  },
  "schemaVersion": "1.0.0.0"
}