{
  "properties": {
    "connectionReferences": {},
    "definition": {
      "$schema": "https://schema.management.azure.com/providers/Microsoft.Logic/schemas/2016-06-01/workflowdefinition.json#",
      "contentVersion": "undefined",
      "parameters": {
        "$authentication": {
          "defaultValue": {},
          "type": "SecureObject"
        },
        "$connections": {
          "defaultValue": {},
          "type": "Object"
        }
      },
      "triggers": {
        "manual": {
          "type": "Request",
          "kind": "PowerAppV2",
          "inputs": {
            "schema": {
              "type": "object",
              "properties": {},
              "required": []
            }
          }
        }
      },
      "actions": {
        "Compose": {
          "runAfter": {},
          "type": "Compose",
          "inputs": "@triggerOutputs()"
        },
        "Compose_1": {
          "runAfter": {
            "Compose": [
              "Succeeded"
            ]
          },
          "type": "Compose",
          "inputs": "@triggerBody()"
        }
      }
    },
    "templateName": null
  },
  "schemaVersion": "1.0.0.0"
}