{
  "properties": {
    "connectionReferences": {
      "shared_sharepointonline": {
        "runtimeSource": "invoker",
        "connection": {
          "connectionReferenceLogicalName": "paflows2_sharedsharepointonline_4b398"
        },
        "api": {
          "name": "shared_sharepointonline"
        }
      },
      "shared_onedriveforbusiness": {
        "runtimeSource": "invoker",
        "connection": {
          "connectionReferenceLogicalName": "paflows2_sharedonedriveforbusiness_ea2e8"
        },
        "api": {
          "name": "shared_onedriveforbusiness"
        }
      },
      "shared_office365": {
        "runtimeSource": "invoker",
        "connection": {
          "connectionReferenceLogicalName": "paflows2_sharedoffice365_44e88"
        },
        "api": {
          "name": "shared_office365"
        }
      }
    },
    "definition": {
      "$schema": "https://schema.management.azure.com/providers/Microsoft.Logic/schemas/2016-06-01/workflowdefinition.json#",
      "contentVersion": "1.0.0.0",
      "parameters": {
        "$authentication": {
          "defaultValue": {},
          "type": "SecureObject"
        },
        "$connections": {
          "defaultValue": {},
          "type": "Object"
        }
      },
      "triggers": {
        "manual": {
          "metadata": {
            "operationMetadataId": "10f084d2-4726-41eb-80ac-b2099054ee7c"
          },
          "type": "Request",
          "kind": "PowerAppV2",
          "inputs": {
            "schema": {
              "type": "object",
              "properties": {
                "text": {
                  "title": "Input",
                  "type": "string",
                  "x-ms-dynamically-added": true,
                  "description": "Please enter your input",
                  "x-ms-content-hint": "TEXT"
                }
              },
              "required": [
                "text"
              ]
            }
          }
        }
      },
      "actions": {
        "InvoiceID": {
          "runAfter": {},
          "metadata": {
            "operationMetadataId": "2a3fd18d-95e3-4286-8dd4-feff3b92be9c"
          },
          "type": "Compose",
          "inputs": "@triggerBody()['text']"
        },
        "Get_items": {
          "runAfter": {
            "InvoiceID": [
              "Succeeded"
            ]
          },
          "metadata": {
            "operationMetadataId": "73cd5f19-5323-47ee-b88e-189a35e4337a"
          },
          "type": "OpenApiConnection",
          "inputs": {
            "parameters": {
              "dataset": "https://capgemini.sharepoint.com/sites/AutomationTeam613",
              "table": "228e5b39-207f-4587-b721-5e1ee67fca0c",
              "$filter": "InvoiceID eq '@{outputs('InvoiceID')}'"
            },
            "host": {
              "apiId": "/providers/Microsoft.PowerApps/apis/shared_sharepointonline",
              "connectionName": "shared_sharepointonline",
              "operationId": "GetItems"
            },
            "authentication": {
              "value": "@json(decodeBase64(triggerOutputs().headers['X-MS-APIM-Tokens']))['$ConnectionKey']",
              "type": "Raw"
            }
          }
        },
        "Select": {
          "runAfter": {
            "Get_items": [
              "Succeeded"
            ]
          },
          "metadata": {
            "operationMetadataId": "9abf4bd6-191c-43d3-8a38-37b3c4908130"
          },
          "type": "Select",
          "inputs": {
            "from": "@outputs('Get_items')?['body/value']",
            "select": {
              "Invoice ID": "@item()?['InvoiceID']",
              "Invoice Date": "@item()?['InvoiceDATE']",
              "Packing Slip ID": "@item()?['PackingSlipID']",
              "Vendor Ref": "@item()?['VendorRef']",
              "Purch ID": "@item()?['PurchID']",
              "Item ID": "@item()?['ItemID']",
              "Barcode": "@item()?['Barcode']",
              "Line Number": "@item()?['LineNumber']",
              "Invoice Price": "@item()?['InvoicePrice']",
              "CurrencyCode": "@item()?['CurrencyCode']",
              "Invoice Qty": "@item()?['InvoiceQty']",
              "Line Amount": "@item()?['LineAmount']"
            }
          }
        },
        "Create_HTML_table": {
          "runAfter": {
            "Select": [
              "Succeeded"
            ]
          },
          "metadata": {
            "operationMetadataId": "660f2ef7-3028-49b5-816c-fe949ad30a42"
          },
          "type": "Table",
          "inputs": {
            "from": "@body('Select')",
            "format": "HTML"
          }
        },
        "HTML": {
          "runAfter": {
            "Create_HTML_table": [
              "Succeeded"
            ]
          },
          "metadata": {
            "operationMetadataId": "f0d2fb08-7d26-4f00-af20-df5e09574503"
          },
          "type": "Compose",
          "inputs": "<!DOCTYPE html>\n<html lang=\"en\">\n<head>\n<meta charset=\"UTF-8\">\n<meta name=\"viewport\" content=\"width=device-width, initial-scale=1.0\">\n<title>Invoice</title>\n<style>\nbody {\nfont-family: Arial, sans-serif;\n}\n.invoice {\nwidth: 80%;\nmargin: auto;\nborder: 1px solid #ccc;\npadding: 20px;\nbox-shadow: 0 0 10px rgba(0, 0, 0, 0.1);\n}\ntable {\nwidth: 100%;\nborder-collapse: collapse;\nmargin-top: 20px;\n}\nth, td {\nborder: 1px solid #ddd;\npadding: 8px;\ntext-align: left;\n}\nth {\nbackground-color: #f2f2f2;\n}\n</style>\n</head>\n<body>\n<div class=\"invoice\">\n<h2>Invoice</h2>\n<p><strong>Invoice ID:</strong> #12345</p>\n<table>\n<thead>\n<tr>\n<th>Item</th>\n<th>Description</th>\n<th>Quantity</th>\n<th>Price</th>\n<th>Total</th>\n</tr>\n</thead>\n<tbody>\n<tr>\n<td>Item 1</td>\n<td>Description 1</td>\n<td>2</td>\n<td>$50.00</td>\n<td>$100.00</td>\n</tr>\n<tr>\n<td>Item 2</td>\n<td>Description 2</td>\n<td>1</td>\n<td>$30.00</td>\n<td>$30.00</td>\n</tr>\n</tbody>\n</table>\n<p><strong>Total:</strong> $130.00</p>\n</div>\n</body>\n</html>\n<br><br>\n@{body('Create_HTML_table')}"
        },
        "Create_file": {
          "runAfter": {
            "HTML": [
              "Succeeded"
            ]
          },
          "metadata": {
            "operationMetadataId": "71e48fce-e847-4e23-b05c-af5980d08e13"
          },
          "type": "OpenApiConnection",
          "inputs": {
            "parameters": {
              "folderPath": "/Desktop",
              "name": "Invoice.html",
              "body": "@outputs('HTML')"
            },
            "host": {
              "apiId": "/providers/Microsoft.PowerApps/apis/shared_onedriveforbusiness",
              "connectionName": "shared_onedriveforbusiness",
              "operationId": "CreateFile"
            },
            "authentication": {
              "value": "@json(decodeBase64(triggerOutputs().headers['X-MS-APIM-Tokens']))['$ConnectionKey']",
              "type": "Raw"
            }
          },
          "runtimeConfiguration": {
            "contentTransfer": {
              "transferMode": "Chunked"
            }
          }
        },
        "Convert_file": {
          "runAfter": {
            "Create_file": [
              "Succeeded"
            ]
          },
          "metadata": {
            "operationMetadataId": "0a6aff24-77ba-4e58-9348-bda01e4efde0"
          },
          "type": "OpenApiConnection",
          "inputs": {
            "parameters": {
              "id": "@outputs('Create_file')?['body/Id']",
              "type": "PDF"
            },
            "host": {
              "apiId": "/providers/Microsoft.PowerApps/apis/shared_onedriveforbusiness",
              "connectionName": "shared_onedriveforbusiness",
              "operationId": "ConvertFile"
            },
            "authentication": {
              "value": "@json(decodeBase64(triggerOutputs().headers['X-MS-APIM-Tokens']))['$ConnectionKey']",
              "type": "Raw"
            }
          }
        },
        "Send_an_email_(V2)": {
          "runAfter": {
            "Convert_file": [
              "Succeeded"
            ]
          },
          "metadata": {
            "operationMetadataId": "b41112b4-6235-4b82-b841-b9b5298a3b9f"
          },
          "type": "OpenApiConnection",
          "inputs": {
            "parameters": {
              "emailMessage/To": "ragam.ravi-teja@capgemini.com;ragam.ravi-teja@capgemini.com",
              "emailMessage/Subject": "Invoice",
              "emailMessage/Body": "<p>Hi,<br>\n<br>\nHere is the invoice with items.<br>\n<br>\nThanks and Regards,<br>\nRavi Teja Ragam</p>",
              "emailMessage/Attachments": [
                {
                  "Name": "@outputs('Convert_file')?['headers/x-ms-file-name']",
                  "ContentBytes": "@body('Convert_file')"
                }
              ],
              "emailMessage/Importance": "Normal"
            },
            "host": {
              "apiId": "/providers/Microsoft.PowerApps/apis/shared_office365",
              "connectionName": "shared_office365",
              "operationId": "SendEmailV2"
            },
            "authentication": {
              "value": "@json(decodeBase64(triggerOutputs().headers['X-MS-APIM-Tokens']))['$ConnectionKey']",
              "type": "Raw"
            }
          }
        }
      }
    },
    "templateName": null
  },
  "schemaVersion": "1.0.0.0"
}