{
  "properties": {
    "connectionReferences": {},
    "definition": {
      "$schema": "https://schema.management.azure.com/providers/Microsoft.Logic/schemas/2016-06-01/workflowdefinition.json#",
      "contentVersion": "1.0.0.0",
      "parameters": {
        "$authentication": {
          "defaultValue": {},
          "type": "SecureObject"
        }
      },
      "triggers": {
        "manual": {
          "metadata": {
            "operationMetadataId": "99150b42-09df-4675-a308-65152622f8a7"
          },
          "type": "Request",
          "kind": "Button",
          "inputs": {
            "schema": {
              "type": "object",
              "properties": {},
              "required": []
            }
          }
        }
      },
      "actions": {
        "Initialize_variable": {
          "runAfter": {},
          "metadata": {
            "operationMetadataId": "5124fa87-6ff3-41b1-90af-31a06100dcd5"
          },
          "type": "InitializeVariable",
          "inputs": {
            "variables": [
              {
                "name": "Counter",
                "type": "integer",
                "value": 0
              }
            ]
          }
        },
        "Do_until": {
          "actions": {
            "Increment_variable": {
              "runAfter": {},
              "metadata": {
                "operationMetadataId": "7d9cec05-2dea-4538-b8f7-8a5cd004becb"
              },
              "type": "IncrementVariable",
              "inputs": {
                "name": "Counter",
                "value": 1
              }
            }
          },
          "runAfter": {
            "Initialize_variable": [
              "Succeeded"
            ]
          },
          "expression": "@equals(variables('Counter'), 3)",
          "limit": {
            "count": 60,
            "timeout": "PT1H"
          },
          "metadata": {
            "operationMetadataId": "addb2a8e-aa4e-4ab7-930e-4ad92072f991"
          },
          "type": "Until"
        }
      }
    },
    "templateName": null
  },
  "schemaVersion": "1.0.0.0"
}