{
  "properties": {
    "connectionReferences": {},
    "definition": {
      "$schema": "https://schema.management.azure.com/providers/Microsoft.Logic/schemas/2016-06-01/workflowdefinition.json#",
      "contentVersion": "1.0.0.0",
      "parameters": {
        "$authentication": {
          "defaultValue": {},
          "type": "SecureObject"
        }
      },
      "triggers": {
        "manual": {
          "metadata": {
            "operationMetadataId": "cd2d82ea-a16a-485a-a405-3572b4fbdc2f"
          },
          "type": "Request",
          "kind": "PowerApp",
          "inputs": {
            "schema": {
              "type": "object",
              "properties": {
                "Initializevariable_Value": {
                  "type": "integer",
                  "description": "Enter initial value",
                  "x-ms-powerflows-param-ispartial": false
                }
              },
              "required": [
                "Initializevariable_Value"
              ]
            }
          }
        }
      },
      "actions": {
        "Initialize_variable": {
          "runAfter": {},
          "metadata": {
            "operationMetadataId": "1d2963b6-97fd-408f-9d72-ae2808892751"
          },
          "type": "InitializeVariable",
          "inputs": {
            "variables": [
              {
                "name": "Counter",
                "type": "integer",
                "value": "@triggerBody()['Initializevariable_Value']"
              }
            ]
          }
        },
        "Do_until": {
          "actions": {
            "Increment_variable": {
              "runAfter": {},
              "metadata": {
                "operationMetadataId": "87ac607b-8835-437c-81b5-9cdb5caa65f9"
              },
              "type": "IncrementVariable",
              "inputs": {
                "name": "Counter",
                "value": 1
              }
            }
          },
          "runAfter": {
            "Initialize_variable": [
              "Succeeded"
            ]
          },
          "expression": "@equals(variables('Counter'), 5)",
          "limit": {
            "count": 60,
            "timeout": "PT1H"
          },
          "metadata": {
            "operationMetadataId": "0e47617a-34d1-4997-a493-48552063ddcb"
          },
          "type": "Until"
        }
      }
    },
    "templateName": null
  },
  "schemaVersion": "1.0.0.0"
}