{
  "properties": {
    "connectionReferences": {
      "shared_microsoftforms": {
        "runtimeSource": "embedded",
        "connection": {
          "connectionReferenceLogicalName": "paflows2_sharedmicrosoftforms_ed115"
        },
        "api": {
          "name": "shared_microsoftforms"
        }
      },
      "shared_excelonlinebusiness": {
        "runtimeSource": "embedded",
        "connection": {
          "connectionReferenceLogicalName": "paflows2_sharedexcelonlinebusiness_2f871"
        },
        "api": {
          "name": "shared_excelonlinebusiness"
        }
      }
    },
    "definition": {
      "$schema": "https://schema.management.azure.com/providers/Microsoft.Logic/schemas/2016-06-01/workflowdefinition.json#",
      "contentVersion": "1.0.0.0",
      "parameters": {
        "$connections": {
          "defaultValue": {},
          "type": "Object"
        },
        "$authentication": {
          "defaultValue": {},
          "type": "SecureObject"
        }
      },
      "triggers": {
        "When_a_new_response_is_submitted": {
          "splitOn": "@triggerOutputs()?['body/value']",
          "metadata": {
            "operationMetadataId": "1a3481ee-ca38-4423-a876-7fdba7f511e6"
          },
          "type": "OpenApiConnectionWebhook",
          "inputs": {
            "host": {
              "apiId": "/providers/Microsoft.PowerApps/apis/shared_microsoftforms",
              "connectionName": "shared_microsoftforms",
              "operationId": "CreateFormWebhook"
            },
            "parameters": {
              "form_id": "Wq6idgCfa0-V7V0z13xNYajWIQ_TaW5JrZSmPLVRyRdUNjk4WENNQVo3TFhOSEFJS1RWOU1YU1ZGMC4u"
            },
            "authentication": "@parameters('$authentication')"
          }
        }
      },
      "actions": {
        "Get_response_details": {
          "runAfter": {},
          "metadata": {
            "operationMetadataId": "a7d3269c-965e-4af7-ac1d-7601a416d1c8"
          },
          "type": "OpenApiConnection",
          "inputs": {
            "host": {
              "apiId": "/providers/Microsoft.PowerApps/apis/shared_microsoftforms",
              "connectionName": "shared_microsoftforms",
              "operationId": "GetFormResponseById"
            },
            "parameters": {
              "form_id": "Wq6idgCfa0-V7V0z13xNYajWIQ_TaW5JrZSmPLVRyRdUNjk4WENNQVo3TFhOSEFJS1RWOU1YU1ZGMC4u",
              "response_id": "@triggerOutputs()?['body/resourceData/responseId']"
            },
            "authentication": "@parameters('$authentication')"
          }
        },
        "Add_a_row_into_a_table": {
          "runAfter": {
            "Get_response_details": [
              "Succeeded"
            ]
          },
          "metadata": {
            "01DQRZCDNSS5BP2U6WMVE37TKSXVCVYOVA": "/Administration Form.xlsx",
            "operationMetadataId": "26fed597-6a53-4378-9c92-c71f7a71ac34"
          },
          "type": "OpenApiConnection",
          "inputs": {
            "host": {
              "apiId": "/providers/Microsoft.PowerApps/apis/shared_excelonlinebusiness",
              "connectionName": "shared_excelonlinebusiness",
              "operationId": "AddRowV2"
            },
            "parameters": {
              "source": "me",
              "drive": "b!GBbiBUOS202Mvt16kKu4fvomkfNOuXVKqO6Jvd2tWjhoSN6OwAu0QoEKkH-BVK8x",
              "file": "01DQRZCDNSS5BP2U6WMVE37TKSXVCVYOVA",
              "table": "{4237570D-D05D-44E4-B5FE-6860EFED6DFF}",
              "item/Title": "@outputs('Get_response_details')?['body/rc613d64fe35c4450a387024a53738615']",
              "item/First Name": "@outputs('Get_response_details')?['body/r2eff27e6513f4ed6b8bd87d48498a2b0']",
              "item/Date Of Birth": "@outputs('Get_response_details')?['body/racc5ce146f1d42988bb2726d74f5fc1d']",
              "item/Phone Number": "@outputs('Get_response_details')?['body/r5b1bf6bed35b4c28a85c15fe8edab253']",
              "item/Gender": "@outputs('Get_response_details')?['body/r74c899c905be48a697808d57fe05034e']",
              "item/Email": "@outputs('Get_response_details')?['body/r7d152b3e383a4bcc9ea0a1f876342f3c']",
              "item/Home Address": "@outputs('Get_response_details')?['body/r36bbfbdd160142bf9699e15ea634c2f2']"
            },
            "authentication": "@parameters('$authentication')"
          }
        }
      },
      "outputs": {}
    },
    "templateName": null
  },
  "schemaVersion": "1.0.0.0"
}