{
  "properties": {
    "connectionReferences": {
      "shared_teams": {
        "runtimeSource": "invoker",
        "connection": {
          "connectionReferenceLogicalName": "paflows2_sharedteams_59866"
        },
        "api": {
          "name": "shared_teams"
        }
      },
      "shared_visualstudioteamservices": {
        "runtimeSource": "invoker",
        "connection": {
          "connectionReferenceLogicalName": "paflows2_sharedvisualstudioteamservices_3ed9e"
        },
        "api": {
          "name": "shared_visualstudioteamservices"
        }
      }
    },
    "definition": {
      "$schema": "https://schema.management.azure.com/providers/Microsoft.Logic/schemas/2016-06-01/workflowdefinition.json#",
      "contentVersion": "1.0.0.0",
      "parameters": {
        "$connections": {
          "defaultValue": {},
          "type": "Object"
        },
        "$authentication": {
          "defaultValue": {},
          "type": "SecureObject"
        }
      },
      "triggers": {
        "manual": {
          "metadata": {
            "operationMetadataId": "590ab41b-6d23-471d-96e8-edbecd9d60ae",
            "flowSystemMetadata": {
              "swaggerOperationId": "ForASelectedMessageV2",
              "taskModuleWidth": null,
              "taskModuleHeight": null,
              "inputsAdaptiveCard": "{}"
            }
          },
          "type": "Request",
          "kind": "ApiConnection",
          "inputs": {
            "schema": {
              "type": "object",
              "properties": {
                "teamsFlowRunContext": {
                  "type": "object",
                  "properties": {
                    "messagePayload": {
                      "type": "object",
                      "properties": {
                        "body": {
                          "type": "object",
                          "properties": {
                            "content": {
                              "title": "Message Content",
                              "type": "string"
                            }
                          },
                          "required": []
                        }
                      },
                      "required": []
                    }
                  }
                }
              },
              "required": [
                "teamsFlowRunContext"
              ]
            },
            "host": {
              "connection": {
                "name": "@parameters('$connections')['shared_teams']['connectionId']"
              }
            },
            "operationId": "ForASelectedMessageV2",
            "parameters": {
              "inputsAdaptiveCard": "{}"
            }
          }
        }
      },
      "actions": {
        "Get_query_results": {
          "runAfter": {},
          "metadata": {
            "be17105e-6b21-407c-a8c0-7e03bc9c233c": "My Queries/Raviteja",
            "operationMetadataId": "78b03b0e-20fd-486c-ae6e-fe33ed85fe26"
          },
          "type": "OpenApiConnection",
          "inputs": {
            "host": {
              "apiId": "/providers/Microsoft.PowerApps/apis/shared_visualstudioteamservices",
              "connectionName": "shared_visualstudioteamservices",
              "operationId": "GetQueryResultsV2"
            },
            "parameters": {
              "account": "ragamravi-teja",
              "project": "Automation",
              "queryId": "be17105e-6b21-407c-a8c0-7e03bc9c233c",
              "workItemsCount": 200
            },
            "authentication": {
              "value": "@json(decodeBase64(triggerOutputs().headers['X-MS-APIM-Tokens']))['$ConnectionKey']",
              "type": "Raw"
            }
          }
        },
        "Compose": {
          "runAfter": {
            "Get_query_results": [
              "Succeeded"
            ]
          },
          "metadata": {
            "operationMetadataId": "90e00e44-912e-4ee9-aed7-78ba67691ea7"
          },
          "type": "Compose",
          "inputs": "@outputs('Get_query_results')?['body/value']"
        },
        "Work_Item_Type": {
          "runAfter": {
            "Compose": [
              "Succeeded"
            ]
          },
          "metadata": {
            "operationMetadataId": "f2a79a41-e680-4985-b4c2-4d1ba05b9c13"
          },
          "type": "InitializeVariable",
          "inputs": {
            "variables": [
              {
                "name": "Work Item Type",
                "type": "array"
              }
            ]
          }
        },
        "Work_Item_ID_": {
          "runAfter": {
            "Work_Item_Type": [
              "Succeeded"
            ]
          },
          "metadata": {
            "operationMetadataId": "7e5f3bb3-5b2a-4c83-ab24-e13846bc3e21"
          },
          "type": "InitializeVariable",
          "inputs": {
            "variables": [
              {
                "name": "Work Item ID",
                "type": "array"
              }
            ]
          }
        },
        "Apply_to_each": {
          "foreach": "@outputs('Get_query_results')?['body/value']",
          "actions": {
            "Compose_2": {
              "runAfter": {},
              "metadata": {
                "operationMetadataId": "687d3fad-f607-4a01-b6a0-386ed5763911"
              },
              "type": "Compose",
              "inputs": "@items('Apply_to_each')?['System.WorkItemType']"
            },
            "Append_to_array_variable": {
              "runAfter": {
                "Compose_2": [
                  "Succeeded"
                ]
              },
              "metadata": {
                "operationMetadataId": "d91849e2-ac99-45d9-8823-6b1048972523"
              },
              "type": "AppendToArrayVariable",
              "inputs": {
                "name": "Work Item Type",
                "value": {
                  "Title": "@{outputs('Compose_2')}",
                  "value": "@{outputs('Compose_2')}"
                }
              }
            },
            "Compose_3": {
              "runAfter": {
                "Append_to_array_variable": [
                  "Succeeded"
                ]
              },
              "metadata": {
                "operationMetadataId": "94c9da45-a5d7-4492-82aa-e975f061c1a5"
              },
              "type": "Compose",
              "inputs": "@items('Apply_to_each')?['System.Id']"
            },
            "Append_to_array_variable_2": {
              "runAfter": {
                "Compose_3": [
                  "Succeeded"
                ]
              },
              "metadata": {
                "operationMetadataId": "10337c33-f594-4e9b-ba71-88c731fd6e9e"
              },
              "type": "AppendToArrayVariable",
              "inputs": {
                "name": "Work Item ID",
                "value": {
                  "Title": "@{outputs('Compose_3')}",
                  "value": "@{outputs('Compose_3')}"
                }
              }
            }
          },
          "runAfter": {
            "Work_Item_ID_": [
              "Succeeded"
            ]
          },
          "metadata": {
            "operationMetadataId": "58b5762a-6c1b-4654-af3f-9cbb1aed985e"
          },
          "type": "Foreach"
        },
        "Adaptive_Card_Output": {
          "runAfter": {
            "Apply_to_each": [
              "Succeeded"
            ]
          },
          "metadata": {
            "operationMetadataId": "a9ad5c59-93fc-4124-9b07-a5cbc28ad4b7"
          },
          "type": "Compose",
          "inputs": {
            "$schema": "http://adaptivecards.io/schemas/adaptive-card.json",
            "type": "AdaptiveCard",
            "version": "1.3",
            "actions": [
              {
                "type": "Action.Submit",
                "title": "Submit"
              }
            ],
            "body": [
              {
                "type": "Input.ChoiceSet",
                "choices": "@variables('Work Item Type')",
                "placeholder": "Select",
                "label": "Select Work Item Type",
                "id": "Work Item Type"
              },
              {
                "type": "Input.ChoiceSet",
                "choices": "@variables('Work Item ID')",
                "placeholder": "Select",
                "label": "Select Work Item ID",
                "id": "Work Item ID"
              }
            ]
          }
        },
        "Post_adaptive_card_and_wait_for_a_response": {
          "runAfter": {
            "Adaptive_Card_Output": [
              "Succeeded"
            ]
          },
          "metadata": {
            "operationMetadataId": "30e951f9-4842-4608-93b6-bb98131cb5e4"
          },
          "type": "OpenApiConnectionWebhook",
          "inputs": {
            "host": {
              "apiId": "/providers/Microsoft.PowerApps/apis/shared_teams",
              "connectionName": "shared_teams",
              "operationId": "PostCardAndWaitForResponse"
            },
            "parameters": {
              "poster": "Flow bot",
              "location": "Channel",
              "body/body/messageBody": "@outputs('Adaptive_Card_Output')",
              "body/body/updateMessage": "Thanks for your response!",
              "body/body/recipient/groupId": "a6604c55-7d9b-4345-866c-3d339da40000",
              "body/body/recipient/channelId": "19:9wc7jdWIyYSsT8kz4i-wiN85D6Ij7e98y6tWjomKJcY1@thread.tacv2"
            },
            "authentication": {
              "value": "@json(decodeBase64(triggerOutputs().headers['X-MS-APIM-Tokens']))['$ConnectionKey']",
              "type": "Raw"
            }
          }
        },
        "Update_a_work_item": {
          "runAfter": {
            "Post_adaptive_card_and_wait_for_a_response": [
              "Succeeded"
            ]
          },
          "metadata": {
            "operationMetadataId": "d0386b43-e4d3-4a50-9853-25824d6cb876"
          },
          "type": "OpenApiConnection",
          "inputs": {
            "host": {
              "apiId": "/providers/Microsoft.PowerApps/apis/shared_visualstudioteamservices",
              "connectionName": "shared_visualstudioteamservices",
              "operationId": "UpdateWorkItem"
            },
            "parameters": {
              "account": "ragamravi-teja",
              "id": "@outputs('Post_adaptive_card_and_wait_for_a_response')?['body/data/Work Item ID']",
              "project": "Automation",
              "workItem/description": "<p>@{triggerBody()?['teamsFlowRunContext']?['messagePayload']?['body']?['content']}</p>",
              "type": "@outputs('Post_adaptive_card_and_wait_for_a_response')?['body/data/Work Item Type']"
            },
            "authentication": {
              "value": "@json(decodeBase64(triggerOutputs().headers['X-MS-APIM-Tokens']))['$ConnectionKey']",
              "type": "Raw"
            }
          }
        }
      }
    },
    "templateName": null
  },
  "schemaVersion": "1.0.0.0"
}