{
  "properties": {
    "connectionReferences": {
      "shared_msnweather": {
        "runtimeSource": "invoker",
        "connection": {
          "connectionReferenceLogicalName": "paflows2_sharedmsnweather_af72f"
        },
        "api": {
          "name": "shared_msnweather"
        }
      },
      "shared_flowpush": {
        "runtimeSource": "invoker",
        "connection": {
          "connectionReferenceLogicalName": "paflows2_sharedflowpush_4f33b"
        },
        "api": {
          "name": "shared_flowpush"
        }
      }
    },
    "definition": {
      "$schema": "https://schema.management.azure.com/providers/Microsoft.Logic/schemas/2016-06-01/workflowdefinition.json#",
      "contentVersion": "1.0.0.0",
      "parameters": {
        "$connections": {
          "defaultValue": {},
          "type": "Object"
        },
        "$authentication": {
          "defaultValue": {},
          "type": "SecureObject"
        }
      },
      "triggers": {
        "manual": {
          "metadata": {
            "operationMetadataId": "503b1ce4-507a-4979-9c22-f232bd9af31e"
          },
          "type": "Request",
          "kind": "Button",
          "inputs": {
            "schema": {
              "type": "object",
              "properties": {
                "location": {
                  "type": "object",
                  "properties": {
                    "address": {
                      "type": "object",
                      "properties": {
                        "countryOrRegion": {
                          "type": "string",
                          "x-ms-dynamically-added": false
                        }
                      },
                      "required": [
                        "countryOrRegion"
                      ]
                    },
                    "coordinates": {
                      "type": "object",
                      "properties": {
                        "longitude": {
                          "type": "string",
                          "x-ms-dynamically-added": false
                        },
                        "latitude": {
                          "type": "string",
                          "x-ms-dynamically-added": false
                        }
                      },
                      "required": [
                        "longitude",
                        "latitude"
                      ]
                    }
                  },
                  "required": [
                    "address",
                    "coordinates"
                  ]
                }
              },
              "required": [
                "location"
              ]
            }
          }
        }
      },
      "actions": {
        "Condition": {
          "actions": {
            "Get_forecast_for_today_(US)": {
              "runAfter": {},
              "metadata": {
                "flowSystemMetadata": {
                  "swaggerOperationId": "TodaysForecast"
                },
                "operationMetadataId": "c075c977-e073-4767-80a9-582e09230ec9"
              },
              "type": "ApiConnection",
              "inputs": {
                "host": {
                  "connection": {
                    "name": "@json(decodeBase64(triggerOutputs().headers['X-MS-APIM-Tokens']))['$connections']['shared_msnweather']['connectionId']"
                  }
                },
                "method": "get",
                "path": "/forecast/today/@{encodeURIComponent(triggerBody()['location']['coordinates']['latitude'],', ',triggerBody()['location']['coordinates']['longitude'])}",
                "queries": {
                  "units": "Imperial"
                },
                "authentication": {
                  "type": "Raw",
                  "value": "@json(decodeBase64(triggerOutputs().headers['X-MS-APIM-Tokens']))['$ConnectionKey']"
                }
              }
            },
            "Send_a_push_notification_(US)": {
              "runAfter": {
                "Get_forecast_for_today_(US)": [
                  "Succeeded"
                ]
              },
              "metadata": {
                "flowSystemMetadata": {
                  "swaggerOperationId": "SendNotification"
                },
                "operationMetadataId": "05dfd8a0-4eb0-41c1-835c-d0428d3cdf95"
              },
              "type": "ApiConnection",
              "inputs": {
                "host": {
                  "connection": {
                    "name": "@json(decodeBase64(triggerOutputs().headers['X-MS-APIM-Tokens']))['$connections']['shared_flowpush']['connectionId']"
                  }
                },
                "method": "post",
                "body": {
                  "notificationText": "High of @{body('Get_forecast_for_today_(US)')?['responses']?['daily']?['tempHi']}@{body('Get_forecast_for_today_(US)')?['units']?['temperature']} and low of @{body('Get_forecast_for_today_(US)')?['responses']?['daily']?['tempLo']}@{body('Get_forecast_for_today_(US)')?['units']?['temperature']}. @{body('Get_forecast_for_today_(US)')?['responses']?['daily']?['precip']}% chance of rain.",
                  "notificationLink": {
                    "uri": "@{body('Get_forecast_for_today_(US)')?['responses']?['source']?['clickThrough']}",
                    "label": "See the full details about the @{body('Get_forecast_for_today_(US)')?['responses']?['daily']?['pvdrCap']} weather in @{body('Get_forecast_for_today_(US)')?['responses']?['source']?['location']}"
                  }
                },
                "path": "/sendNotification",
                "authentication": {
                  "type": "Raw",
                  "value": "@json(decodeBase64(triggerOutputs().headers['X-MS-APIM-Tokens']))['$ConnectionKey']"
                }
              }
            }
          },
          "runAfter": {},
          "else": {
            "actions": {
              "Send_a_push_notification_(Metric)": {
                "runAfter": {
                  "Get_forecast_for_today_(Metric)": [
                    "Succeeded"
                  ]
                },
                "metadata": {
                  "flowSystemMetadata": {
                    "swaggerOperationId": "SendNotification"
                  },
                  "operationMetadataId": "f971dde0-9ebc-4ebb-b7ab-0b934c5a831e"
                },
                "type": "ApiConnection",
                "inputs": {
                  "host": {
                    "connection": {
                      "name": "@json(decodeBase64(triggerOutputs().headers['X-MS-APIM-Tokens']))['$connections']['shared_flowpush']['connectionId']"
                    }
                  },
                  "method": "post",
                  "body": {
                    "notificationText": "High of @{body('Get_forecast_for_today_(Metric)')?['responses']?['daily']?['tempHi']}@{body('Get_forecast_for_today_(Metric)')?['units']?['temperature']} and low of @{body('Get_forecast_for_today_(Metric)')?['responses']?['daily']?['tempLo']}@{body('Get_forecast_for_today_(Metric)')?['units']?['temperature']}. @{body('Get_forecast_for_today_(Metric)')?['responses']?['daily']?['precip']}% chance of rain.",
                    "notificationLink": {
                      "uri": "@{body('Get_forecast_for_today_(Metric)')?['responses']?['source']?['clickThrough']}",
                      "label": "See the full details about the @{body('Get_forecast_for_today_(Metric)')?['responses']?['daily']?['pvdrCap']} weather in @{body('Get_forecast_for_today_(Metric)')?['responses']?['source']?['location']}"
                    }
                  },
                  "path": "/sendNotification",
                  "authentication": {
                    "type": "Raw",
                    "value": "@json(decodeBase64(triggerOutputs().headers['X-MS-APIM-Tokens']))['$ConnectionKey']"
                  }
                }
              },
              "Get_forecast_for_today_(Metric)": {
                "runAfter": {},
                "metadata": {
                  "flowSystemMetadata": {
                    "swaggerOperationId": "TodaysForecast"
                  },
                  "operationMetadataId": "2a95d6b3-0f2b-41f5-9628-37980b5b8203"
                },
                "type": "ApiConnection",
                "inputs": {
                  "host": {
                    "connection": {
                      "name": "@json(decodeBase64(triggerOutputs().headers['X-MS-APIM-Tokens']))['$connections']['shared_msnweather']['connectionId']"
                    }
                  },
                  "method": "get",
                  "path": "/forecast/today/@{encodeURIComponent(triggerBody()['location']['coordinates']['latitude'],', ',triggerBody()['location']['coordinates']['longitude'])}",
                  "queries": {
                    "units": "Metric"
                  },
                  "authentication": {
                    "type": "Raw",
                    "value": "@json(decodeBase64(triggerOutputs().headers['X-MS-APIM-Tokens']))['$ConnectionKey']"
                  }
                }
              }
            }
          },
          "expression": "@equals(triggerBody()['location']['address']['countryOrRegion'], 'United States')",
          "metadata": {
            "operationMetadataId": "9d1a1617-9da5-47c9-a28c-8af3f33582fd"
          },
          "type": "If"
        }
      },
      "outputs": {}
    },
    "templateName": "b331bb10d27b11e6a4d6dd74e8f2382f"
  },
  "schemaVersion": "1.0.0.0"
}