{
  "properties": {
    "connectionReferences": {
      "shared_visualstudioteamservices": {
        "runtimeSource": "invoker",
        "connection": {
          "connectionReferenceLogicalName": "paflows2_sharedvisualstudioteamservices_3ed9e"
        },
        "api": {
          "name": "shared_visualstudioteamservices"
        }
      },
      "shared_teams": {
        "runtimeSource": "invoker",
        "connection": {
          "connectionReferenceLogicalName": "paflows2_sharedteams_59866"
        },
        "api": {
          "name": "shared_teams"
        }
      }
    },
    "definition": {
      "$schema": "https://schema.management.azure.com/providers/Microsoft.Logic/schemas/2016-06-01/workflowdefinition.json#",
      "contentVersion": "1.0.0.0",
      "parameters": {
        "$connections": {
          "defaultValue": {},
          "type": "Object"
        },
        "$authentication": {
          "defaultValue": {},
          "type": "SecureObject"
        }
      },
      "triggers": {
        "Button": {
          "metadata": {
            "operationMetadataId": "b2ec51e0-11dc-4fe0-87b7-6fbffa42c55a"
          },
          "type": "Request",
          "kind": "Button",
          "inputs": {
            "schema": {
              "type": "object",
              "properties": {},
              "required": []
            }
          }
        }
      },
      "actions": {
        "Get_query_results": {
          "runAfter": {},
          "metadata": {
            "be17105e-6b21-407c-a8c0-7e03bc9c233c": "My Queries/Raviteja",
            "operationMetadataId": "1b5d8d17-a2a6-45f0-b648-22dbd925d4ac"
          },
          "type": "OpenApiConnection",
          "inputs": {
            "host": {
              "apiId": "/providers/Microsoft.PowerApps/apis/shared_visualstudioteamservices",
              "connectionName": "shared_visualstudioteamservices",
              "operationId": "GetQueryResultsV2"
            },
            "parameters": {
              "account": "ragamravi-teja",
              "project": "Automation",
              "queryId": "be17105e-6b21-407c-a8c0-7e03bc9c233c",
              "workItemsCount": 100
            },
            "authentication": {
              "value": "@json(decodeBase64(triggerOutputs().headers['X-MS-APIM-Tokens']))['$ConnectionKey']",
              "type": "Raw"
            }
          }
        },
        "Compose": {
          "runAfter": {
            "Get_query_results": [
              "Succeeded"
            ]
          },
          "metadata": {
            "operationMetadataId": "205b6903-dd29-41c3-85fc-18764f486020"
          },
          "type": "Compose",
          "inputs": "@outputs('Get_query_results')?['body/value']"
        },
        "Apply_to_each": {
          "foreach": "@outputs('Get_query_results')?['body/value']",
          "actions": {
            "Compose_2": {
              "runAfter": {},
              "metadata": {
                "operationMetadataId": "23829284-ce72-4279-aa04-82a818925f99"
              },
              "type": "Compose",
              "inputs": "@items('Apply_to_each')?['System.Id']"
            },
            "Append_to_array_variable": {
              "runAfter": {
                "Compose_2": [
                  "Succeeded"
                ]
              },
              "metadata": {
                "operationMetadataId": "5604c09c-e38f-45ad-b8c3-19d4accbbcf5"
              },
              "type": "AppendToArrayVariable",
              "inputs": {
                "name": "Work item id",
                "value": {
                  "title": "@{outputs('Compose_2')}",
                  "value": "@{outputs('Compose_2')}"
                }
              }
            },
            "Compose_3": {
              "runAfter": {
                "Append_to_array_variable": [
                  "Succeeded"
                ]
              },
              "metadata": {
                "operationMetadataId": "8d7de682-3cbd-46be-9fcf-ce9a1835dc8e"
              },
              "type": "Compose",
              "inputs": "@items('Apply_to_each')?['System.WorkItemType']"
            },
            "Append_to_array_variable_2": {
              "runAfter": {
                "Compose_3": [
                  "Succeeded"
                ]
              },
              "metadata": {
                "operationMetadataId": "58996e16-3a4b-464a-836a-dc8f1ce9b5f9"
              },
              "type": "AppendToArrayVariable",
              "inputs": {
                "name": "Work item type",
                "value": {
                  "title": "@{outputs('Compose_3')}",
                  "value": "@{outputs('Compose_3')}"
                }
              }
            }
          },
          "runAfter": {
            "Work_item_type": [
              "Succeeded"
            ]
          },
          "metadata": {
            "operationMetadataId": "7d5f3474-9fac-4c02-a82b-8eed51d27110"
          },
          "type": "Foreach"
        },
        "Work_item_id_variable": {
          "runAfter": {
            "Compose": [
              "Succeeded"
            ]
          },
          "metadata": {
            "operationMetadataId": "0e686eb4-cb1f-4d1e-8684-24682974d076"
          },
          "type": "InitializeVariable",
          "inputs": {
            "variables": [
              {
                "name": "Work item id",
                "type": "array"
              }
            ]
          }
        },
        "Work_item_type": {
          "runAfter": {
            "Work_item_id_variable": [
              "Succeeded"
            ]
          },
          "metadata": {
            "operationMetadataId": "62e338ef-47c0-4bc1-b3d0-9537c87a47d8"
          },
          "type": "InitializeVariable",
          "inputs": {
            "variables": [
              {
                "name": "Work item type",
                "type": "array"
              }
            ]
          }
        },
        "Adaptive_Card_": {
          "runAfter": {
            "Apply_to_each": [
              "Succeeded"
            ]
          },
          "metadata": {
            "operationMetadataId": "48056726-f92e-4ab5-9c5f-deccabf5cd13"
          },
          "type": "Compose",
          "inputs": {
            "$schema": "http://adaptivecards.io/schemas/adaptive-card.json",
            "type": "AdaptiveCard",
            "version": "1.3",
            "actions": [
              {
                "type": "Action.Submit",
                "title": "Submit"
              }
            ],
            "body": [
              {
                "type": "Input.ChoiceSet",
                "choices": "@variables('Work item type')",
                "placeholder": "Select",
                "label": "Select Work Item Type",
                "id": "Work Item Type"
              },
              {
                "type": "Input.ChoiceSet",
                "choices": "@variables('Work item id')",
                "placeholder": "Select",
                "label": "Select Work Item ID",
                "id": "Work Item ID"
              }
            ]
          }
        },
        "Post_card_in_a_chat_or_channel": {
          "runAfter": {
            "Adaptive_Card_": [
              "Succeeded"
            ]
          },
          "metadata": {
            "operationMetadataId": "e558b10c-d446-408f-be26-bd128451626f"
          },
          "type": "OpenApiConnection",
          "inputs": {
            "host": {
              "apiId": "/providers/Microsoft.PowerApps/apis/shared_teams",
              "connectionName": "shared_teams",
              "operationId": "PostCardToConversation"
            },
            "parameters": {
              "poster": "Flow bot",
              "location": "Chat with Flow bot",
              "body/recipient": "ragam.ravi-teja@capgemini.com;",
              "body/messageBody": "@outputs('Adaptive_Card_')"
            },
            "authentication": {
              "value": "@json(decodeBase64(triggerOutputs().headers['X-MS-APIM-Tokens']))['$ConnectionKey']",
              "type": "Raw"
            }
          }
        }
      },
      "outputs": {}
    },
    "templateName": "78720f54e49444d0bd456477288a7ef7"
  },
  "schemaVersion": "1.0.0.0"
}