{
  "properties": {
    "connectionReferences": {},
    "definition": {
      "$schema": "https://schema.management.azure.com/providers/Microsoft.Logic/schemas/2016-06-01/workflowdefinition.json#",
      "contentVersion": "1.0.0.0",
      "parameters": {
        "$authentication": {
          "defaultValue": {},
          "type": "SecureObject"
        }
      },
      "triggers": {
        "manual": {
          "metadata": {
            "operationMetadataId": "e178d6dd-af65-4899-9e18-f68d9054dc57"
          },
          "type": "Request",
          "kind": "PowerAppV2",
          "inputs": {
            "schema": {
              "type": "object",
              "properties": {},
              "required": []
            }
          }
        }
      },
      "actions": {
        "Initialize_variable": {
          "runAfter": {},
          "metadata": {
            "operationMetadataId": "0fbd778d-0c0a-45fa-a8df-5477d50bc29a"
          },
          "type": "InitializeVariable",
          "inputs": {
            "variables": [
              {
                "name": "Number of Likes",
                "type": "integer",
                "value": 1
              }
            ]
          }
        },
        "Increment_variable": {
          "runAfter": {
            "Initialize_variable": [
              "Succeeded"
            ]
          },
          "metadata": {
            "operationMetadataId": "ed8d69c8-22a4-4ba5-a893-caa2c9e2a9fc"
          },
          "type": "IncrementVariable",
          "inputs": {
            "name": "Number of Likes",
            "value": 1
          }
        }
      }
    },
    "templateName": null
  },
  "schemaVersion": "1.0.0.0"
}