{
  "properties": {
    "connectionReferences": {
      "shared_visualstudioteamservices": {
        "runtimeSource": "embedded",
        "connection": {
          "connectionReferenceLogicalName": "paflows2_sharedvisualstudioteamservices_3ed9e"
        },
        "api": {
          "name": "shared_visualstudioteamservices"
        }
      },
      "shared_office365": {
        "runtimeSource": "embedded",
        "connection": {
          "connectionReferenceLogicalName": "paflows2_sharedoffice365_44e88"
        },
        "api": {
          "name": "shared_office365"
        }
      }
    },
    "definition": {
      "$schema": "https://schema.management.azure.com/providers/Microsoft.Logic/schemas/2016-06-01/workflowdefinition.json#",
      "contentVersion": "1.0.0.0",
      "parameters": {
        "$connections": {
          "defaultValue": {},
          "type": "Object"
        },
        "$authentication": {
          "defaultValue": {},
          "type": "SecureObject"
        }
      },
      "triggers": {
        "When_a_new_email_arrives_in_a_shared_mailbox_(V2)": {
          "recurrence": {
            "frequency": "Minute",
            "interval": 5
          },
          "splitOn": "@triggerOutputs()?['body/value']",
          "metadata": {
            "operationMetadataId": "600d0117-cab4-4bcb-af11-069d32bb6cd5",
            "Id::AQMkAGQ1ZDRhZmI3LTcyNjItNGE0MC04MjZjLWIxNDZhMzY3NTM4OAAALgAAA2FaaTp_sWxJsXD_E5zOfOEBAIJQpk-blzJCrJlbYFrbbZYAAAIBDAAAAA==": "Inbox",
            "Id::AAMkAGQ1ZDRhZmI3LTcyNjItNGE0MC04MjZjLWIxNDZhMzY3NTM4OAAuAAAAAABhWmk6frFsSbFw-hOcznzhAQCCUKZP25cyQqyZW2Ba222WAAIo7LLAAAA=": "Test"
          },
          "type": "OpenApiConnection",
          "inputs": {
            "host": {
              "apiId": "/providers/Microsoft.PowerApps/apis/shared_office365",
              "connectionName": "shared_office365",
              "operationId": "SharedMailboxOnNewEmailV2"
            },
            "parameters": {
              "mailboxAddress": "chanel-phoenix-automation.in@capgemini.com;",
              "importance": "Any",
              "hasAttachments": false,
              "includeAttachments": true,
              "subjectFilter": "Create Issue"
            },
            "authentication": "@parameters('$authentication')"
          }
        }
      },
      "actions": {
        "Create_a_work_item": {
          "runAfter": {},
          "metadata": {
            "operationMetadataId": "dedc6da1-5b2a-4663-b0fc-adcace3571ef"
          },
          "type": "OpenApiConnection",
          "inputs": {
            "host": {
              "apiId": "/providers/Microsoft.PowerApps/apis/shared_visualstudioteamservices",
              "connectionName": "shared_visualstudioteamservices",
              "operationId": "CreateWorkItem"
            },
            "parameters": {
              "account": "ragamravi-teja",
              "project": "Automation",
              "type": "Issue",
              "workItem/title": "@last(split(triggerBody()?['subject'],'Create Issue:'))",
              "workItem/description": "<p></p>",
              "workItem/priority": 3,
              "workItem/dynamicFields/System.AssignedTo": "@triggerOutputs()?['body/from']"
            },
            "authentication": "@parameters('$authentication')"
          }
        },
        "Apply_to_each_2": {
          "foreach": "@triggerOutputs()?['body/attachments']",
          "actions": {
            "Send_an_HTTP_request_to_Azure_DevOps_3": {
              "runAfter": {},
              "metadata": {
                "operationMetadataId": "4fb411b3-82e9-4795-9d14-6ded8e899700"
              },
              "type": "OpenApiConnection",
              "inputs": {
                "host": {
                  "apiId": "/providers/Microsoft.PowerApps/apis/shared_visualstudioteamservices",
                  "connectionName": "shared_visualstudioteamservices",
                  "operationId": "HttpRequest"
                },
                "parameters": {
                  "account": "ragamravi-teja",
                  "parameters/Method": "POST",
                  "parameters/Uri": "/_apis/wit/attachments?filename=@{items('Apply_to_each_2')?['name']}&api-version=5.1",
                  "parameters/Headers": {
                    "Content-Type": "application/octet-stream"
                  },
                  "parameters/Body": "@items('Apply_to_each_2')?['contentBytes']",
                  "parameters/IsBase64": true
                },
                "authentication": "@parameters('$authentication')"
              }
            },
            "Parse_JSON_2": {
              "runAfter": {
                "Send_an_HTTP_request_to_Azure_DevOps_3": [
                  "Succeeded"
                ]
              },
              "metadata": {
                "operationMetadataId": "4a81c0e0-0ae1-4b22-9739-0341535fc623"
              },
              "type": "ParseJson",
              "inputs": {
                "content": "@body('Send_an_HTTP_request_to_Azure_DevOps_3')",
                "schema": {
                  "type": "object",
                  "properties": {
                    "id": {
                      "type": "string"
                    },
                    "url": {
                      "type": "string"
                    }
                  }
                }
              }
            },
            "Send_an_HTTP_request_to_Azure_DevOps_4": {
              "runAfter": {
                "Parse_JSON_2": [
                  "Succeeded"
                ]
              },
              "metadata": {
                "operationMetadataId": "f5e63363-8950-483e-a7f2-7e7302f5b610"
              },
              "type": "OpenApiConnection",
              "inputs": {
                "host": {
                  "apiId": "/providers/Microsoft.PowerApps/apis/shared_visualstudioteamservices",
                  "connectionName": "shared_visualstudioteamservices",
                  "operationId": "HttpRequest"
                },
                "parameters": {
                  "account": "ragamravi-teja",
                  "parameters/Method": "PATCH",
                  "parameters/Uri": "/_apis/wit/workitems/@{outputs('Create_a_work_item')?['body/id']}/?api-version=5.1",
                  "parameters/Headers": {
                    "Content-Type": "application/json-patch+json"
                  },
                  "parameters/Body": "[\n  {\n    'op': 'add',\n    'path': '/relations/-',\n    'value': {\n      'rel': 'AttachedFile',\n      'url': '@{body('Parse_JSON_2')?['url']}',\n      'attributes': {\n        'comment': 'Bug details',\n        'name':'@{items('Apply_to_each_2')?['name']}'\n      }\n    }\n  }\n]"
                },
                "authentication": "@parameters('$authentication')"
              }
            }
          },
          "runAfter": {
            "Create_a_work_item": [
              "Succeeded"
            ]
          },
          "metadata": {
            "operationMetadataId": "cb1ecf62-090d-476d-b5cd-63816c5b70e9"
          },
          "type": "Foreach"
        }
      },
      "outputs": {}
    },
    "templateName": null
  },
  "schemaVersion": "1.0.0.0"
}