{
  "properties": {
    "connectionReferences": {
      "shared_office365": {
        "runtimeSource": "embedded",
        "connection": {
          "connectionReferenceLogicalName": "paflows2_sharedoffice365_f67ef"
        },
        "api": {
          "name": "shared_office365"
        }
      }
    },
    "definition": {
      "$schema": "https://schema.management.azure.com/providers/Microsoft.Logic/schemas/2016-06-01/workflowdefinition.json#",
      "contentVersion": "1.0.0.0",
      "parameters": {
        "$connections": {
          "defaultValue": {},
          "type": "Object"
        },
        "$authentication": {
          "defaultValue": {},
          "type": "SecureObject"
        }
      },
      "triggers": {
        "Recurrence": {
          "recurrence": {
            "frequency": "Minute",
            "interval": 1,
            "startTime": "2023-02-09T07:30:00Z"
          },
          "metadata": {
            "operationMetadataId": "cecbf992-d339-4da5-8e4b-f87872a93866"
          },
          "type": "Recurrence"
        }
      },
      "actions": {
        "Get_emails_(V3)": {
          "runAfter": {},
          "metadata": {
            "operationMetadataId": "2e32a29c-84e0-4763-b009-21d3e3e572ea"
          },
          "type": "OpenApiConnection",
          "inputs": {
            "host": {
              "apiId": "/providers/Microsoft.PowerApps/apis/shared_office365",
              "connectionName": "shared_office365",
              "operationId": "GetEmailsV3"
            },
            "parameters": {
              "folderPath": "Inbox",
              "fetchOnlyUnread": true,
              "includeAttachments": false,
              "top": 10,
              "importance": "Any",
              "fetchOnlyWithAttachment": false,
              "subjectFilter": "Daily Digest"
            },
            "authentication": "@parameters('$authentication')"
          }
        },
        "Apply_to_each": {
          "foreach": "@outputs('Get_emails_(V3)')?['body/value']",
          "actions": {
            "Move_email_(V2)": {
              "runAfter": {},
              "metadata": {
                "operationMetadataId": "a8cf96c2-2fd9-4477-b6f0-c5d67281e799"
              },
              "type": "OpenApiConnection",
              "inputs": {
                "host": {
                  "apiId": "/providers/Microsoft.PowerApps/apis/shared_office365",
                  "connectionName": "shared_office365",
                  "operationId": "MoveV2"
                },
                "parameters": {
                  "messageId": "@items('Apply_to_each')?['id']",
                  "folderPath": "Survey Mails"
                },
                "authentication": "@parameters('$authentication')"
              }
            }
          },
          "runAfter": {
            "Get_emails_(V3)": [
              "Succeeded"
            ]
          },
          "metadata": {
            "operationMetadataId": "f15041dc-8fc2-4f14-9415-376088bda517"
          },
          "type": "Foreach"
        }
      }
    },
    "templateName": null
  },
  "schemaVersion": "1.0.0.0"
}