{
  "properties": {
    "connectionReferences": {
      "shared_office365": {
        "runtimeSource": "invoker",
        "connection": {
          "connectionReferenceLogicalName": "paflows2_sharedoffice365_f67ef"
        },
        "api": {
          "name": "shared_office365"
        }
      }
    },
    "definition": {
      "$schema": "https://schema.management.azure.com/providers/Microsoft.Logic/schemas/2016-06-01/workflowdefinition.json#",
      "contentVersion": "1.0.0.0",
      "parameters": {
        "$connections": {
          "defaultValue": {},
          "type": "Object"
        },
        "$authentication": {
          "defaultValue": {},
          "type": "SecureObject"
        }
      },
      "triggers": {
        "manual": {
          "metadata": {
            "operationMetadataId": "bcd70a31-4bab-4ec2-bb01-ea4f80b205aa"
          },
          "type": "Request",
          "kind": "Button",
          "inputs": {
            "schema": {
              "type": "object",
              "properties": {},
              "required": []
            }
          }
        }
      },
      "actions": {
        "Get_emails_(V3)": {
          "runAfter": {},
          "metadata": {
            "operationMetadataId": "58f0626f-6e13-4fbb-b03c-3e4fd15320b5"
          },
          "type": "OpenApiConnection",
          "inputs": {
            "host": {
              "apiId": "/providers/Microsoft.PowerApps/apis/shared_office365",
              "connectionName": "shared_office365",
              "operationId": "GetEmailsV3"
            },
            "parameters": {
              "folderPath": "Inbox",
              "fetchOnlyUnread": false,
              "includeAttachments": false,
              "top": 10,
              "importance": "Any",
              "fetchOnlyWithAttachment": false,
              "subjectFilter": "Daily Digest"
            },
            "authentication": {
              "value": "@json(decodeBase64(triggerOutputs().headers['X-MS-APIM-Tokens']))['$ConnectionKey']",
              "type": "Raw"
            }
          }
        },
        "Apply_to_each": {
          "foreach": "@outputs('Get_emails_(V3)')?['body/value']",
          "actions": {
            "Move_email_(V2)": {
              "runAfter": {},
              "metadata": {
                "Id::AAMkADBlNzM2NTM4LWM2ZDYtNDE0Ni04YjFiLWNkNDAzZDYzODkwMAAuAAAAAABxmVn2VfKLT40T5XCIwh3CAQCxDsYDHdovQJDZgu-CdVeJAAAAgTg8AAA=": "Survey Mails",
                "operationMetadataId": "ed1821b9-e6b5-4f44-a767-197e4ee8064e"
              },
              "type": "OpenApiConnection",
              "inputs": {
                "host": {
                  "apiId": "/providers/Microsoft.PowerApps/apis/shared_office365",
                  "connectionName": "shared_office365",
                  "operationId": "MoveV2"
                },
                "parameters": {
                  "messageId": "@items('Apply_to_each')?['id']",
                  "folderPath": "Id::AAMkADBlNzM2NTM4LWM2ZDYtNDE0Ni04YjFiLWNkNDAzZDYzODkwMAAuAAAAAABxmVn2VfKLT40T5XCIwh3CAQCxDsYDHdovQJDZgu-CdVeJAAAAgTg8AAA=",
                  "mailboxAddress": "ragam.ravi-teja@capgemini.com;"
                },
                "authentication": {
                  "value": "@json(decodeBase64(triggerOutputs().headers['X-MS-APIM-Tokens']))['$ConnectionKey']",
                  "type": "Raw"
                }
              }
            }
          },
          "runAfter": {
            "Get_emails_(V3)": [
              "Succeeded"
            ]
          },
          "metadata": {
            "operationMetadataId": "ba7f18d8-4b55-439d-8637-d66bb774f069"
          },
          "type": "Foreach"
        }
      }
    },
    "templateName": null
  },
  "schemaVersion": "1.0.0.0"
}