{
  "properties": {
    "connectionReferences": {
      "shared_microsoftforms": {
        "runtimeSource": "invoker",
        "connection": {
          "connectionReferenceLogicalName": "paflows2_sharedmicrosoftforms_ed115"
        },
        "api": {
          "name": "shared_microsoftforms"
        }
      },
      "shared_excelonlinebusiness": {
        "runtimeSource": "invoker",
        "connection": {
          "connectionReferenceLogicalName": "paflows2_sharedexcelonlinebusiness_2f871"
        },
        "api": {
          "name": "shared_excelonlinebusiness"
        }
      }
    },
    "definition": {
      "$schema": "https://schema.management.azure.com/providers/Microsoft.Logic/schemas/2016-06-01/workflowdefinition.json#",
      "contentVersion": "1.0.0.0",
      "parameters": {
        "$connections": {
          "defaultValue": {},
          "type": "Object"
        },
        "$authentication": {
          "defaultValue": {},
          "type": "SecureObject"
        }
      },
      "triggers": {
        "manual": {
          "metadata": {
            "operationMetadataId": "ce87e7ac-c7ff-4309-afb5-934ad845adb6"
          },
          "type": "Request",
          "kind": "PowerApp",
          "inputs": {
            "schema": {
              "type": "object",
              "properties": {
                "Getresponsedetails_ResponseId": {
                  "type": "integer",
                  "format": "int32",
                  "description": "Unique identifier of the response",
                  "x-ms-powerflows-param-ispartial": false
                }
              },
              "required": [
                "Getresponsedetails_ResponseId"
              ]
            }
          }
        }
      },
      "actions": {
        "When_a_new_response_is_submitted": {
          "runAfter": {},
          "metadata": {
            "operationMetadataId": "43c9c092-8b46-48c9-b88f-35cb585ddde2"
          },
          "type": "OpenApiConnectionWebhook",
          "inputs": {
            "host": {
              "apiId": "/providers/Microsoft.PowerApps/apis/shared_microsoftforms",
              "connectionName": "shared_microsoftforms",
              "operationId": "CreateFormWebhook"
            },
            "parameters": {
              "form_id": "Wq6idgCfa0-V7V0z13xNYajWIQ_TaW5JrZSmPLVRyRdUNjk4WENNQVo3TFhOSEFJS1RWOU1YU1ZGMC4u"
            },
            "authentication": {
              "value": "@json(decodeBase64(triggerOutputs().headers['X-MS-APIM-Tokens']))['$ConnectionKey']",
              "type": "Raw"
            }
          }
        },
        "Get_response_details": {
          "runAfter": {
            "When_a_new_response_is_submitted": [
              "Succeeded"
            ]
          },
          "metadata": {
            "operationMetadataId": "d03a6a7d-20e7-4fa5-a2b5-bfb44c165349"
          },
          "type": "OpenApiConnection",
          "inputs": {
            "host": {
              "apiId": "/providers/Microsoft.PowerApps/apis/shared_microsoftforms",
              "connectionName": "shared_microsoftforms",
              "operationId": "GetFormResponseById"
            },
            "parameters": {
              "form_id": "Wq6idgCfa0-V7V0z13xNYajWIQ_TaW5JrZSmPLVRyRdUNjk4WENNQVo3TFhOSEFJS1RWOU1YU1ZGMC4u",
              "response_id": "@triggerBody()['Getresponsedetails_ResponseId']"
            },
            "authentication": {
              "value": "@json(decodeBase64(triggerOutputs().headers['X-MS-APIM-Tokens']))['$ConnectionKey']",
              "type": "Raw"
            }
          }
        },
        "Add_a_row_into_a_table": {
          "runAfter": {
            "Get_response_details": [
              "Succeeded"
            ]
          },
          "metadata": {
            "01DQRZCDNSS5BP2U6WMVE37TKSXVCVYOVA": "/Administration Form.xlsx",
            "operationMetadataId": "a3f07f7c-2e9e-434f-b6ae-8b2329896308"
          },
          "type": "OpenApiConnection",
          "inputs": {
            "host": {
              "apiId": "/providers/Microsoft.PowerApps/apis/shared_excelonlinebusiness",
              "connectionName": "shared_excelonlinebusiness",
              "operationId": "AddRowV2"
            },
            "parameters": {
              "source": "me",
              "drive": "b!GBbiBUOS202Mvt16kKu4fvomkfNOuXVKqO6Jvd2tWjhoSN6OwAu0QoEKkH-BVK8x",
              "file": "01DQRZCDNSS5BP2U6WMVE37TKSXVCVYOVA",
              "table": "{4237570D-D05D-44E4-B5FE-6860EFED6DFF}",
              "item/Title": "@outputs('Get_response_details')?['body/rc613d64fe35c4450a387024a53738615']",
              "item/Date Of Birth": "@outputs('Get_response_details')?['body/racc5ce146f1d42988bb2726d74f5fc1d']",
              "item/Phone Number": "@outputs('Get_response_details')?['body/r5b1bf6bed35b4c28a85c15fe8edab253']",
              "item/Gender": "@outputs('Get_response_details')?['body/r74c899c905be48a697808d57fe05034e']",
              "item/Email": "@outputs('Get_response_details')?['body/r7d152b3e383a4bcc9ea0a1f876342f3c']",
              "item/Home Address": "@outputs('Get_response_details')?['body/r36bbfbdd160142bf9699e15ea634c2f2']"
            },
            "authentication": {
              "value": "@json(decodeBase64(triggerOutputs().headers['X-MS-APIM-Tokens']))['$ConnectionKey']",
              "type": "Raw"
            }
          }
        }
      }
    },
    "templateName": null
  },
  "schemaVersion": "1.0.0.0"
}