{
  "properties": {
    "connectionReferences": {
      "shared_visualstudioteamservices": {
        "runtimeSource": "embedded",
        "connection": {
          "connectionReferenceLogicalName": "paflows2_sharedvisualstudioteamservices_3ed9e"
        },
        "api": {
          "name": "shared_visualstudioteamservices"
        }
      },
      "shared_office365": {
        "runtimeSource": "embedded",
        "connection": {
          "connectionReferenceLogicalName": "paflows2_sharedoffice365_44e88"
        },
        "api": {
          "name": "shared_office365"
        }
      }
    },
    "definition": {
      "$schema": "https://schema.management.azure.com/providers/Microsoft.Logic/schemas/2016-06-01/workflowdefinition.json#",
      "contentVersion": "1.0.0.0",
      "parameters": {
        "$connections": {
          "defaultValue": {},
          "type": "Object"
        },
        "$authentication": {
          "defaultValue": {},
          "type": "SecureObject"
        }
      },
      "triggers": {
        "When_a_new_email_arrives_in_a_shared_mailbox_(V2)": {
          "recurrence": {
            "frequency": "Minute",
            "interval": 5
          },
          "splitOn": "@triggerOutputs()?['body/value']",
          "metadata": {
            "operationMetadataId": "eceda4a1-595c-45a9-8a3b-3311b79a78eb"
          },
          "type": "OpenApiConnection",
          "inputs": {
            "host": {
              "apiId": "/providers/Microsoft.PowerApps/apis/shared_office365",
              "connectionName": "shared_office365",
              "operationId": "SharedMailboxOnNewEmailV2"
            },
            "parameters": {
              "mailboxAddress": "chanel-phoenix-automation.in@capgemini.com;",
              "folderId": "Inbox",
              "importance": "Any",
              "hasAttachments": false,
              "includeAttachments": false,
              "subjectFilter": "Issue"
            },
            "authentication": "@parameters('$authentication')"
          }
        }
      },
      "actions": {
        "Create_a_work_item": {
          "runAfter": {},
          "metadata": {
            "operationMetadataId": "64236ba8-4622-41f5-aa6b-51413f8025eb"
          },
          "type": "OpenApiConnection",
          "inputs": {
            "host": {
              "apiId": "/providers/Microsoft.PowerApps/apis/shared_visualstudioteamservices",
              "connectionName": "shared_visualstudioteamservices",
              "operationId": "CreateWorkItem"
            },
            "parameters": {
              "account": "ragamravi-teja",
              "project": "Automation",
              "type": "Issue",
              "workItem/title": "@triggerOutputs()?['body/subject']",
              "workItem/description": "<p></p>",
              "shouldReturnAllFields": true,
              "workItem/priority": 3
            },
            "authentication": "@parameters('$authentication')"
          }
        }
      },
      "outputs": {}
    },
    "templateName": null
  },
  "schemaVersion": "1.0.0.0"
}