{
  "properties": {
    "connectionReferences": {
      "shared_visualstudioteamservices": {
        "runtimeSource": "embedded",
        "connection": {
          "connectionReferenceLogicalName": "paflows2_sharedvisualstudioteamservices_3ed9e"
        },
        "api": {
          "name": "shared_visualstudioteamservices"
        }
      },
      "shared_office365": {
        "runtimeSource": "embedded",
        "connection": {
          "connectionReferenceLogicalName": "paflows2_sharedoffice365_44e88"
        },
        "api": {
          "name": "shared_office365"
        }
      }
    },
    "definition": {
      "$schema": "https://schema.management.azure.com/providers/Microsoft.Logic/schemas/2016-06-01/workflowdefinition.json#",
      "contentVersion": "1.0.0.0",
      "parameters": {
        "$connections": {
          "defaultValue": {},
          "type": "Object"
        },
        "$authentication": {
          "defaultValue": {},
          "type": "SecureObject"
        }
      },
      "triggers": {
        "When_a_new_email_arrives_(V3)": {
          "splitOn": "@triggerOutputs()?['body/value']",
          "metadata": {
            "Id::AAMkADBlNzM2NTM4LWM2ZDYtNDE0Ni04YjFiLWNkNDAzZDYzODkwMAAuAAAAAABxmVn2VfKLT40T5XCIwh3CAQCxDsYDHdovQJDZgu-CdVeJAAApNJNdAAA=": "Task Work Items",
            "operationMetadataId": "3fe9c232-4a52-452e-94e4-bcd9f38abb3c",
            "Id::AQMkADBlNzM2NTM4LWM2ZDYtNDE0Ni04YjFiLWNkNDAzZDYzODkwMAAALgAAA3GZWfZV8otPjRPlcIjCHcIBALEOxgMd2i9AkNmC78J1V4kAAAIBDAAAAA==": "Inbox"
          },
          "type": "OpenApiConnectionNotification",
          "inputs": {
            "host": {
              "apiId": "/providers/Microsoft.PowerApps/apis/shared_office365",
              "connectionName": "shared_office365",
              "operationId": "OnNewEmailV3"
            },
            "parameters": {
              "folderPath": "Id::AQMkADBlNzM2NTM4LWM2ZDYtNDE0Ni04YjFiLWNkNDAzZDYzODkwMAAALgAAA3GZWfZV8otPjRPlcIjCHcIBALEOxgMd2i9AkNmC78J1V4kAAAIBDAAAAA==",
              "includeAttachments": false,
              "subjectFilter": "Create Work Item",
              "importance": "Any",
              "fetchOnlyWithAttachment": false
            },
            "authentication": "@parameters('$authentication')"
          }
        }
      },
      "actions": {
        "Create_a_work_item": {
          "runAfter": {
            "Filter_Body": [
              "Succeeded"
            ]
          },
          "metadata": {
            "operationMetadataId": "51d234e4-f9a8-4eb1-9c11-ab5d847c4e3e"
          },
          "type": "OpenApiConnection",
          "inputs": {
            "host": {
              "apiId": "/providers/Microsoft.PowerApps/apis/shared_visualstudioteamservices",
              "connectionName": "shared_visualstudioteamservices",
              "operationId": "CreateWorkItem"
            },
            "parameters": {
              "account": "ragamravi-teja",
              "project": "Automation",
              "type": "Task",
              "workItem/title": "@triggerOutputs()?['body/subject']",
              "workItem/description": "<p>@{outputs('Filter_Body')}</p>",
              "workItem/priority": 2,
              "workItem/dynamicFields/System.AssignedTo": "@triggerOutputs()?['body/toRecipients']"
            },
            "authentication": "@parameters('$authentication')"
          }
        },
        "Body": {
          "runAfter": {},
          "metadata": {
            "operationMetadataId": "8417963a-bd95-40c0-927f-942b287b5ef2"
          },
          "type": "Compose",
          "inputs": "@triggerOutputs()?['body/body']"
        },
        "Filter_Body": {
          "runAfter": {
            "Body": [
              "Succeeded"
            ]
          },
          "metadata": {
            "operationMetadataId": "c83c58c1-5b09-4ac7-a8a3-074046efe4a3"
          },
          "type": "Compose",
          "inputs": "@trim(split(outputs('Body'),'Body')[0])"
        },
        "Send_an_email_(V2)": {
          "runAfter": {
            "Create_a_work_item": [
              "Succeeded"
            ]
          },
          "metadata": {
            "operationMetadataId": "cd55ac38-8f43-4cde-a549-eddc7213eac6"
          },
          "type": "OpenApiConnection",
          "inputs": {
            "host": {
              "apiId": "/providers/Microsoft.PowerApps/apis/shared_office365",
              "connectionName": "shared_office365",
              "operationId": "SendEmailV2"
            },
            "parameters": {
              "emailMessage/To": "@outputs('Create_a_work_item')?['body/fields/Vsts_AssignedToEmail']",
              "emailMessage/Subject": "Task  @{outputs('Create_a_work_item')?['body/id']} ",
              "emailMessage/Body": "<p>Hi,<br>\nA new work item has been assigned to @{outputs('Create_a_work_item')?['body/fields/System_AssignedTo']} .<br>\nWork Item Name: @{outputs('Create_a_work_item')?['body/fields/System_Title']},<br>\nWork Item ID: @{outputs('Create_a_work_item')?['body/id']}<br>\n<br>\n</p>\n<a href=\"https://dev.azure.com/ragamravi-teja/Automation/_workitems/edit/@{outputs('Create_a_work_item')?['body/id']}/\">View Work Item</a>",
              "emailMessage/Importance": "Normal"
            },
            "authentication": "@parameters('$authentication')"
          }
        }
      },
      "outputs": {}
    },
    "templateName": null
  },
  "schemaVersion": "1.0.0.0"
}