{
  "properties": {
    "connectionReferences": {
      "shared_teams": {
        "runtimeSource": "invoker",
        "connection": {
          "connectionReferenceLogicalName": "paflows2_sharedteams_59866"
        },
        "api": {
          "name": "shared_teams"
        }
      },
      "shared_sharepointonline": {
        "runtimeSource": "invoker",
        "connection": {
          "connectionReferenceLogicalName": "paflows2_sharedsharepointonline_4b398"
        },
        "api": {
          "name": "shared_sharepointonline"
        }
      }
    },
    "definition": {
      "$schema": "https://schema.management.azure.com/providers/Microsoft.Logic/schemas/2016-06-01/workflowdefinition.json#",
      "contentVersion": "1.0.0.0",
      "parameters": {
        "$connections": {
          "defaultValue": {},
          "type": "Object"
        },
        "$authentication": {
          "defaultValue": {},
          "type": "SecureObject"
        }
      },
      "triggers": {
        "manual": {
          "metadata": {
            "operationMetadataId": "fd166a7c-6ddf-4fbc-ba0b-02d7973aba9a"
          },
          "type": "Request",
          "kind": "ApiConnection",
          "inputs": {
            "schema": {
              "type": "object",
              "properties": {
                "cardOutputs": {
                  "type": "object",
                  "properties": {
                    "work Item ID ": {
                      "title": "work Item ID ",
                      "type": "number"
                    }
                  },
                  "required": []
                },
                "teamsFlowRunContext": {
                  "type": "object",
                  "properties": {
                    "messagePayload": {
                      "type": "object",
                      "properties": {
                        "body": {
                          "type": "object",
                          "properties": {
                            "content": {
                              "title": "Message Content",
                              "type": "string"
                            }
                          },
                          "required": []
                        }
                      },
                      "required": []
                    }
                  },
                  "required": []
                }
              },
              "required": []
            },
            "host": {
              "connection": {
                "name": "@parameters('$connections')['shared_teams']['connectionId']"
              }
            },
            "operationId": "ForASelectedMessageV2",
            "parameters": {
              "inputsAdaptiveCard": "{\"$schema\":\"http://adaptivecards.io/schemas/adaptive-card.json\",\"type\":\"AdaptiveCard\",\"version\":\"1.3\",\"actions\":[{\"type\":\"Action.Submit\",\"title\":\"Submit\"}],\"body\":[{\"type\":\"TextBlock\",\"text\":\"Work Item ID\",\"wrap\":true},{\"type\":\"Input.Number\",\"placeholder\":\"Write Work Item ID here\",\"id\":\"Work Item ID \"}],\"id\":\"Work Item ID\",\"-ms-tokens\":{}}"
            }
          }
        }
      },
      "actions": {
        "Update_item": {
          "runAfter": {},
          "metadata": {
            "operationMetadataId": "8d4b9405-78cb-44ee-a348-fbd62bce550a"
          },
          "type": "OpenApiConnection",
          "inputs": {
            "host": {
              "apiId": "/providers/Microsoft.PowerApps/apis/shared_sharepointonline",
              "connectionName": "shared_sharepointonline",
              "operationId": "PatchItem"
            },
            "parameters": {
              "dataset": "https://capgemini.sharepoint.com/sites/AutomationTeam613",
              "table": "df81a844-b36b-40f3-bfa2-3c80de8100ec",
              "id": "@triggerBody()?['cardOutputs']?['work Item ID ']",
              "item/Title": "@triggerBody()?['teamsFlowRunContext']?['messagePayload']?['body']?['content']"
            },
            "authentication": {
              "value": "@json(decodeBase64(triggerOutputs().headers['X-MS-APIM-Tokens']))['$ConnectionKey']",
              "type": "Raw"
            }
          }
        }
      }
    },
    "templateName": null
  },
  "schemaVersion": "1.0.0.0"
}