{
  "properties": {
    "connectionReferences": {
      "shared_sharepointonline": {
        "runtimeSource": "invoker",
        "connection": {
          "connectionReferenceLogicalName": "paflows2_sharedsharepointonline_4b398"
        },
        "api": {
          "name": "shared_sharepointonline"
        }
      }
    },
    "definition": {
      "$schema": "https://schema.management.azure.com/providers/Microsoft.Logic/schemas/2016-06-01/workflowdefinition.json#",
      "contentVersion": "1.0.0.0",
      "parameters": {
        "$connections": {
          "defaultValue": {},
          "type": "Object"
        },
        "$authentication": {
          "defaultValue": {},
          "type": "SecureObject"
        }
      },
      "triggers": {
        "manual": {
          "metadata": {
            "operationMetadataId": "62c1035a-c5fc-48d9-bb9c-58c7b9a06998"
          },
          "type": "Request",
          "kind": "Button",
          "inputs": {
            "schema": {
              "type": "object",
              "properties": {},
              "required": []
            },
            "headersSchema": {
              "x-ms-user-name-encoded": {
                "title": "User name",
                "type": "string",
                "format": "byte",
                "x-ms-dynamically-added": false
              }
            }
          }
        }
      },
      "actions": {
        "Get_file_content": {
          "runAfter": {},
          "metadata": {
            "%252fShared%2bDocuments%252fGeneral%252fDocument.docx": "/Shared Documents/General/Document.docx",
            "operationMetadataId": "04da9cdc-8454-4876-81bd-5b251f0588a3"
          },
          "type": "OpenApiConnection",
          "inputs": {
            "host": {
              "apiId": "/providers/Microsoft.PowerApps/apis/shared_sharepointonline",
              "connectionName": "shared_sharepointonline",
              "operationId": "GetFileContent"
            },
            "parameters": {
              "dataset": "https://capgemini.sharepoint.com/sites/BlueprismTraining280",
              "id": "%252fShared%2bDocuments%252fGeneral%252fDocument.docx",
              "inferContentType": true
            },
            "authentication": {
              "value": "@json(decodeBase64(triggerOutputs().headers['X-MS-APIM-Tokens']))['$ConnectionKey']",
              "type": "Raw"
            }
          }
        }
      }
    },
    "templateName": null
  },
  "schemaVersion": "1.0.0.0"
}