{
  "properties": {
    "connectionReferences": {
      "shared_teams": {
        "runtimeSource": "invoker",
        "connection": {
          "connectionReferenceLogicalName": "paflows2_sharedteams_59866"
        },
        "api": {
          "name": "shared_teams"
        }
      }
    },
    "definition": {
      "$schema": "https://schema.management.azure.com/providers/Microsoft.Logic/schemas/2016-06-01/workflowdefinition.json#",
      "contentVersion": "1.0.0.0",
      "parameters": {
        "$connections": {
          "defaultValue": {},
          "type": "Object"
        },
        "$authentication": {
          "defaultValue": {},
          "type": "SecureObject"
        }
      },
      "triggers": {
        "manual": {
          "metadata": {
            "operationMetadataId": "81f8ebe2-8a45-4d42-aad5-a59acb47eae3",
            "flowSystemMetadata": {
              "swaggerOperationId": "ForASelectedMessageV2",
              "taskModuleWidth": null,
              "taskModuleHeight": null,
              "inputsAdaptiveCard": "{\"$schema\":\"http://adaptivecards.io/schemas/adaptive-card.json\",\"type\":\"AdaptiveCard\",\"version\":\"1.3\",\"body\":[{\"type\":\"TextBlock\",\"weight\":\"Bolder\",\"size\":\"Medium\",\"text\":\"Title\"},{\"type\":\"Input.Text\",\"placeholder\":\"Enter Title here\",\"id\":\"Title\"},{\"type\":\"TextBlock\",\"wrap\":true,\"text\":\"Work Item Type\"},{\"type\":\"Input.ChoiceSet\",\"choices\":[{\"title\":\"Task\",\"value\":\"Task\"},{\"title\":\"Issue\",\"value\":\"Issue\"},{\"title\":\"Requirement \",\"value\":\"Requirement\"},{\"title\":\"Epic\",\"value\":\"Epic\"},{\"title\":\"Service Request \",\"value\":\"Service Request\"}],\"placeholder\":\"Select\",\"id\":\"Work Item Type\"},{\"type\":\"TextBlock\",\"wrap\":true,\"text\":\"Type of Requirement\",\"id\":\"Type Of Requirement\"},{\"type\":\"Input.Text\",\"style\":\"Email\",\"spacing\":\"None\",\"placeholder\":\"Enter the type of requirement here\",\"id\":\"Type of Requirement\"},{\"type\":\"TextBlock\",\"text\":\" Area \",\"wrap\":true},{\"type\":\"Input.Text\",\"placeholder\":\"Enter your Area here\",\"id\":\"Area\"},{\"type\":\"TextBlock\",\"wrap\":true,\"text\":\"Division\"},{\"type\":\"Input.Text\",\"placeholder\":\"Enter your Division here\",\"id\":\"Division\"},{\"type\":\"TextBlock\",\"wrap\":true,\"text\":\"Domain\"},{\"type\":\"Input.Text\",\"placeholder\":\"Enter Domain here\",\"id\":\"Domain\"},{\"type\":\"TextBlock\",\"wrap\":true,\"text\":\"CERIOW\"},{\"type\":\"Input.Text\",\"placeholder\":\"Enter CERIOW here\",\"id\":\"CERIOW\"},{\"type\":\"TextBlock\",\"wrap\":true,\"text\":\"Complexity\"},{\"type\":\"Input.Text\",\"placeholder\":\"Enter Complexity here\",\"id\":\"Complexity\"},{\"type\":\"TextBlock\",\"wrap\":true,\"text\":\" Business Impact Severity\"},{\"type\":\"Input.Text\",\"placeholder\":\"Enter Business Impact Severity here\",\"id\":\"Business Impact Severity\"}],\"actions\":[{\"type\":\"Action.Submit\",\"title\":\"Submit\"}],\"-ms-tokens\":{}}"
            }
          },
          "type": "Request",
          "kind": "ApiConnection",
          "inputs": {
            "schema": {
              "type": "object",
              "properties": {},
              "required": []
            },
            "host": {
              "connection": {
                "name": "@parameters('$connections')['shared_teams']['connectionId']"
              }
            },
            "operationId": "ForASelectedMessageV2",
            "parameters": {
              "inputsAdaptiveCard": "{\"$schema\":\"http://adaptivecards.io/schemas/adaptive-card.json\",\"type\":\"AdaptiveCard\",\"version\":\"1.3\",\"body\":[{\"type\":\"TextBlock\",\"weight\":\"Bolder\",\"size\":\"Medium\",\"text\":\"Title\"},{\"type\":\"Input.Text\",\"placeholder\":\"Enter Title here\",\"id\":\"Title\"},{\"type\":\"TextBlock\",\"wrap\":true,\"text\":\"Work Item Type\"},{\"type\":\"Input.ChoiceSet\",\"choices\":[{\"title\":\"Task\",\"value\":\"Task\"},{\"title\":\"Issue\",\"value\":\"Issue\"},{\"title\":\"Requirement \",\"value\":\"Requirement\"},{\"title\":\"Epic\",\"value\":\"Epic\"},{\"title\":\"Service Request \",\"value\":\"Service Request\"}],\"placeholder\":\"Select\",\"id\":\"Work Item Type\"},{\"type\":\"TextBlock\",\"wrap\":true,\"text\":\"Type of Requirement\",\"id\":\"Type Of Requirement\"},{\"type\":\"Input.Text\",\"style\":\"Email\",\"spacing\":\"None\",\"placeholder\":\"Enter the type of requirement here\",\"id\":\"Type of Requirement\"},{\"type\":\"TextBlock\",\"text\":\" Area \",\"wrap\":true},{\"type\":\"Input.Text\",\"placeholder\":\"Enter your Area here\",\"id\":\"Area\"},{\"type\":\"TextBlock\",\"wrap\":true,\"text\":\"Division\"},{\"type\":\"Input.Text\",\"placeholder\":\"Enter your Division here\",\"id\":\"Division\"},{\"type\":\"TextBlock\",\"wrap\":true,\"text\":\"Domain\"},{\"type\":\"Input.Text\",\"placeholder\":\"Enter Domain here\",\"id\":\"Domain\"},{\"type\":\"TextBlock\",\"wrap\":true,\"text\":\"CERIOW\"},{\"type\":\"Input.Text\",\"placeholder\":\"Enter CERIOW here\",\"id\":\"CERIOW\"},{\"type\":\"TextBlock\",\"wrap\":true,\"text\":\"Complexity\"},{\"type\":\"Input.Text\",\"placeholder\":\"Enter Complexity here\",\"id\":\"Complexity\"},{\"type\":\"TextBlock\",\"wrap\":true,\"text\":\" Business Impact Severity\"},{\"type\":\"Input.Text\",\"placeholder\":\"Enter Business Impact Severity here\",\"id\":\"Business Impact Severity\"},{\"type\":\"Input.Text\",\"placeholder\":\"Write Customer Email here\",\"style\":\"Email\",\"id\":\"Customer Email2\"}],\"actions\":[{\"type\":\"Action.Submit\",\"title\":\"Submit\"}],\"-ms-tokens\":{}}"
            }
          }
        }
      },
      "actions": {
        "Post_adaptive_card_and_wait_for_a_response": {
          "runAfter": {},
          "metadata": {
            "operationMetadataId": "9c39ffef-293f-4d19-8d5d-ce06aae30678"
          },
          "type": "OpenApiConnectionWebhook",
          "inputs": {
            "host": {
              "apiId": "/providers/Microsoft.PowerApps/apis/shared_teams",
              "connectionName": "shared_teams",
              "operationId": "PostCardAndWaitForResponse"
            },
            "parameters": {
              "poster": "Flow bot",
              "location": "Chat with Flow bot",
              "body/body/messageBody": "{\n    \"$schema\": \"http://adaptivecards.io/schemas/adaptive-card.json\",\n    \"type\": \"AdaptiveCard\",\n    \"version\": \"1.3\",\n    \"body\": [\n        {\n            \"type\": \"TextBlock\",\n            \"weight\": \"Bolder\",\n            \"size\": \"Medium\",\n            \"text\": \"Title\"\n        },\n        {\n            \"type\": \"TextBlock\",\n            \"isSubtle\": true,\n            \"wrap\": true,\n            \"text\": \"Write a title here\",\n            \"id\": \"Title\"\n        },\n        {\n            \"type\": \"TextBlock\",\n            \"wrap\": true,\n            \"text\": \"Work Item Type\"\n        },\n        {\n            \"type\": \"Input.ChoiceSet\",\n            \"choices\": [\n                {\n                    \"title\": \"Task\",\n                    \"value\": \"Task\"\n                },\n                {\n                    \"title\": \"Issue\",\n                    \"value\": \"Issue\"\n                },\n                {\n                    \"title\": \"Requirement \",\n                    \"value\": \"Requirement\"\n                },\n                {\n                    \"title\": \"Epic\",\n                    \"value\": \"Epic\"\n                },\n                {\n                    \"title\": \"Service Request \",\n                    \"value\": \"Service Request\"\n                }\n            ],\n            \"placeholder\": \"Select\",\n            \"id\": \"Work Item Type\"\n        },\n        {\n            \"type\": \"TextBlock\",\n            \"wrap\": true,\n            \"text\": \"Type of Requirement\",\n            \"id\": \"Type Of Requirement\"\n        },\n        {\n            \"type\": \"Input.Text\",\n            \"id\": \"myEmail\",\n            \"style\": \"Email\",\n            \"spacing\": \"None\",\n            \"placeholder\": \"Enter the type of requirement here\"\n        },\n        {\n            \"type\": \"TextBlock\",\n            \"text\": \" Area \",\n            \"wrap\": true\n        },\n        {\n            \"type\": \"Input.Text\",\n            \"placeholder\": \"Enter your Area here\",\n            \"id\": \"Area\"\n        },\n        {\n            \"type\": \"TextBlock\",\n            \"wrap\": true,\n            \"text\": \"Division\"\n        },\n        {\n            \"type\": \"Input.Text\",\n            \"placeholder\": \"Enter your Division here\",\n            \"id\": \"Division\"\n        },\n        {\n            \"type\": \"TextBlock\",\n            \"wrap\": true,\n            \"text\": \"Domain\"\n        },\n        {\n            \"type\": \"Input.Text\",\n            \"placeholder\": \"Enter Domain here\",\n            \"id\": \"Domain\"\n        },\n        {\n            \"type\": \"TextBlock\",\n            \"wrap\": true,\n            \"text\": \"CERIOW\"\n        },\n        {\n            \"type\": \"Input.Text\",\n            \"placeholder\": \"Enter CERIOW here\",\n            \"id\": \"CERIOW\"\n        },\n        {\n            \"type\": \"TextBlock\",\n            \"wrap\": true,\n            \"text\": \"Complexity\"\n        },\n        {\n            \"type\": \"Input.Text\",\n            \"placeholder\": \"Enter Complexity here\",\n            \"id\": \"Complexity\"\n        },\n        {\n            \"type\": \"TextBlock\",\n            \"wrap\": true,\n            \"text\": \" Business Impact Severity\"\n        },\n        {\n            \"type\": \"Input.Text\",\n            \"placeholder\": \"Enter Business Impact Severity here\",\n            \"id\": \"Business Impact Severity\"\n        }\n    ],\n    \"actions\": [\n        {\n            \"type\": \"Action.Submit\",\n            \"title\": \"Submit\"\n        }\n    ]\n}",
              "body/body/updateMessage": "Thanks for your response!",
              "body/body/recipient/to": "ragam.ravi-teja@capgemini.com;"
            },
            "authentication": {
              "value": "@json(decodeBase64(triggerOutputs().headers['X-MS-APIM-Tokens']))['$ConnectionKey']",
              "type": "Raw"
            }
          }
        },
        "Post_adaptive_card_and_wait_for_a_response_2": {
          "runAfter": {
            "Post_adaptive_card_and_wait_for_a_response": [
              "Succeeded"
            ]
          },
          "metadata": {
            "operationMetadataId": "a33a00d3-5ced-476d-a498-23b55ca0a8aa"
          },
          "type": "OpenApiConnectionWebhook",
          "inputs": {
            "host": {
              "apiId": "/providers/Microsoft.PowerApps/apis/shared_teams",
              "connectionName": "shared_teams",
              "operationId": "PostCardAndWaitForResponse"
            },
            "parameters": {
              "poster": "Flow bot",
              "location": "Chat with Flow bot",
              "body/body/messageBody": "{\n    \"$schema\": \"http://adaptivecards.io/schemas/adaptive-card.json\",\n    \"type\": \"AdaptiveCard\",\n    \"version\": \"1.3\",\n    \"body\": [\n        {\n            \"type\": \"TextBlock\",\n            \"weight\": \"Bolder\",\n            \"size\": \"Medium\",\n            \"text\": \"Title\"\n        },\n        {\n            \"type\": \"Input.Text\",\n            \"placeholder\": \"Write a title here\",\n            \"id\": \"Title\"\n        },\n        {\n            \"type\": \"TextBlock\",\n            \"wrap\": true,\n            \"text\": \"Work Item Type\"\n        },\n        {\n            \"type\": \"Input.ChoiceSet\",\n            \"choices\": [\n                {\n                    \"title\": \"Task\",\n                    \"value\": \"Task\"\n                },\n                {\n                    \"title\": \"Epic\",\n                    \"value\": \"Epic\"\n                },\n                {\n                    \"title\": \"Requirement\",\n                    \"value\": \"Requirement\"\n                },\n                {\n                    \"title\": \"Task Request\",\n                    \"value\": \"Task Request \"\n                },\n                {\n                    \"title\": \"Issue\",\n                    \"value\": \"Issue\"\n                }\n            ],\n            \"id\": \"Work Item Type\",\n            \"placeholder\": \"Select\"\n        },\n        {\n            \"type\": \"TextBlock\",\n            \"wrap\": true,\n            \"text\": \"Service Type\"\n        },\n        {\n            \"type\": \"Input.Text\",\n            \"placeholder\": \"Enter Service Type here\",\n            \"id\": \"Service Type\"\n        },\n        {\n            \"type\": \"TextBlock\",\n            \"wrap\": true,\n            \"text\": \"Priority\"\n        },\n        {\n            \"type\": \"Input.Text\",\n            \"placeholder\": \"Enter Priority here\",\n            \"id\": \"Priority\"\n        }\n    ],\n    \"actions\": [\n        {\n            \"type\": \"Action.Submit\",\n            \"title\": \"Submit\"\n        }\n    ]\n},\n{\n    \"$schema\": \"http://adaptivecards.io/schemas/adaptive-card.json\",\n    \"type\": \"AdaptiveCard\",\n    \"version\": \"1.3\",\n    \"body\": [\n        {\n            \"type\": \"TextBlock\",\n            \"weight\": \"Bolder\",\n            \"size\": \"Medium\",\n            \"text\": \"Title\"\n        },\n        {\n            \"type\": \"TextBlock\",\n            \"isSubtle\": true,\n            \"wrap\": true,\n            \"text\": \"Write a title here\",\n            \"id\": \"Title\"\n        },\n        {\n            \"type\": \"TextBlock\",\n            \"wrap\": true,\n            \"text\": \"Work Item Type\"\n        },\n        {\n            \"type\": \"Input.ChoiceSet\",\n            \"choices\": [\n                {\n                    \"title\": \"Task\",\n                    \"value\": \"Task\"\n                },\n                {\n                    \"title\": \"Issue\",\n                    \"value\": \"Issue\"\n                },\n                {\n                    \"title\": \"Requirement \",\n                    \"value\": \"Requirement\"\n                },\n                {\n                    \"title\": \"Epic\",\n                    \"value\": \"Epic\"\n                },\n                {\n                    \"title\": \"Service Request \",\n                    \"value\": \"Service Request\"\n                }\n            ],\n            \"placeholder\": \"Select\",\n            \"id\": \"Work Item Type\"\n        },\n        {\n            \"type\": \"TextBlock\",\n            \"wrap\": true,\n            \"text\": \"Type of Requirement\",\n            \"id\": \"Type Of Requirement\"\n        },\n        {\n            \"type\": \"Input.Text\",\n            \"id\": \"myEmail\",\n            \"style\": \"Email\",\n            \"spacing\": \"None\",\n            \"placeholder\": \"Enter the type of requirement here\"\n        },\n        {\n            \"type\": \"TextBlock\",\n            \"text\": \" Area \",\n            \"wrap\": true\n        },\n        {\n            \"type\": \"Input.Text\",\n            \"placeholder\": \"Enter your Area here\",\n            \"id\": \"Area\"\n        },\n        {\n            \"type\": \"TextBlock\",\n            \"wrap\": true,\n            \"text\": \"Division\"\n        },\n        {\n            \"type\": \"Input.Text\",\n            \"placeholder\": \"Enter your Division here\",\n            \"id\": \"Division\"\n        },\n        {\n            \"type\": \"TextBlock\",\n            \"wrap\": true,\n            \"text\": \"Domain\"\n        },\n        {\n            \"type\": \"Input.Text\",\n            \"placeholder\": \"Enter Domain here\",\n            \"id\": \"Domain\"\n        },\n        {\n            \"type\": \"TextBlock\",\n            \"wrap\": true,\n            \"text\": \"CERIOW\"\n        },\n        {\n            \"type\": \"Input.Text\",\n            \"placeholder\": \"Enter CERIOW here\",\n            \"id\": \"CERIOW\"\n        },\n        {\n            \"type\": \"TextBlock\",\n            \"wrap\": true,\n            \"text\": \"Complexity\"\n        },\n        {\n            \"type\": \"Input.Text\",\n            \"placeholder\": \"Enter Complexity here\",\n            \"id\": \"Complexity\"\n        },\n        {\n            \"type\": \"TextBlock\",\n            \"wrap\": true,\n            \"text\": \" Business Impact Severity\"\n        },\n        {\n            \"type\": \"Input.Text\",\n            \"placeholder\": \"Enter Business Impact Severity here\",\n            \"id\": \"Business Impact Severity\"\n        }\n    ],\n    \"actions\": [\n        {\n            \"type\": \"Action.Submit\",\n            \"title\": \"Submit\"\n        }\n    ]\n}",
              "body/body/updateMessage": "Thanks for your response!",
              "body/body/recipient/to": "ragam.ravi-teja@capgemini.com;"
            },
            "authentication": {
              "value": "@json(decodeBase64(triggerOutputs().headers['X-MS-APIM-Tokens']))['$ConnectionKey']",
              "type": "Raw"
            }
          }
        }
      },
      "outputs": {}
    },
    "templateName": null
  },
  "schemaVersion": "1.0.0.0"
}