{
  "properties": {
    "connectionReferences": {
      "shared_sharepointonline": {
        "runtimeSource": "embedded",
        "connection": {
          "connectionReferenceLogicalName": "paflows2_sharedsharepointonline_4b398"
        },
        "api": {
          "name": "shared_sharepointonline"
        }
      }
    },
    "definition": {
      "$schema": "https://schema.management.azure.com/providers/Microsoft.Logic/schemas/2016-06-01/workflowdefinition.json#",
      "contentVersion": "1.0.0.0",
      "parameters": {
        "$connections": {
          "defaultValue": {},
          "type": "Object"
        },
        "$authentication": {
          "defaultValue": {},
          "type": "SecureObject"
        }
      },
      "triggers": {
        "When_an_item_is_created_or_modified": {
          "recurrence": {
            "frequency": "Minute",
            "interval": 5
          },
          "splitOn": "@triggerOutputs()?['body/value']",
          "metadata": {
            "operationMetadataId": "606b88da-1d9a-4648-b13f-5608ca3193e4"
          },
          "type": "OpenApiConnection",
          "inputs": {
            "host": {
              "apiId": "/providers/Microsoft.PowerApps/apis/shared_sharepointonline",
              "connectionName": "shared_sharepointonline",
              "operationId": "GetOnUpdatedItems"
            },
            "parameters": {
              "dataset": "https://capgemini.sharepoint.com/sites/Mysite993",
              "table": "cc637341-d253-44b2-83d9-5713beb6b640"
            },
            "authentication": "@parameters('$authentication')"
          }
        }
      },
      "actions": {
        "NullValues": {
          "runAfter": {},
          "metadata": {
            "operationMetadataId": "00bcfea1-1024-4c85-b11a-f4867ba2035c"
          },
          "type": "InitializeVariable",
          "inputs": {
            "variables": [
              {
                "name": "NullValues",
                "type": "string"
              }
            ]
          }
        }
      },
      "outputs": {}
    },
    "templateName": null
  },
  "schemaVersion": "1.0.0.0"
}