<ImportExportXml version="9.2.25081.226" SolutionPackageVersion="9.2" languagecode="1033" generatedBy="CrmLive" xmlns:xsi="http://www.w3.org/2001/XMLSchema-instance" OrganizationVersion="9.2.25081.226" OrganizationSchemaType="Standard" CRMServerServiceabilityVersion="9.2.25081.00226">
  <SolutionManifest>
    <UniqueName>FAReworkFlows</UniqueName>
    <LocalizedNames>
      <LocalizedName description="FA Rework Flows" languagecode="1033" />
    </LocalizedNames>
    <Descriptions />
    <Version>1.0.0.1</Version>
    <Managed>0</Managed>
    <Publisher>
      <UniqueName>FA_Rework</UniqueName>
      <LocalizedNames>
        <LocalizedName description="FA Rework" languagecode="1033" />
      </LocalizedNames>
      <Descriptions />
      <EMailAddress xsi:nil="true"></EMailAddress>
      <SupportingWebsiteUrl xsi:nil="true"></SupportingWebsiteUrl>
      <CustomizationPrefix>farework</CustomizationPrefix>
      <CustomizationOptionValuePrefix>99967</CustomizationOptionValuePrefix>
      <Addresses>
        <Address>
          <AddressNumber>1</AddressNumber>
          <AddressTypeCode>1</AddressTypeCode>
          <City xsi:nil="true"></City>
          <County xsi:nil="true"></County>
          <Country xsi:nil="true"></Country>
          <Fax xsi:nil="true"></Fax>
          <FreightTermsCode xsi:nil="true"></FreightTermsCode>
          <ImportSequenceNumber xsi:nil="true"></ImportSequenceNumber>
          <Latitude xsi:nil="true"></Latitude>
          <Line1 xsi:nil="true"></Line1>
          <Line2 xsi:nil="true"></Line2>
          <Line3 xsi:nil="true"></Line3>
          <Longitude xsi:nil="true"></Longitude>
          <Name xsi:nil="true"></Name>
          <PostalCode xsi:nil="true"></PostalCode>
          <PostOfficeBox xsi:nil="true"></PostOfficeBox>
          <PrimaryContactName xsi:nil="true"></PrimaryContactName>
          <ShippingMethodCode>1</ShippingMethodCode>
          <StateOrProvince xsi:nil="true"></StateOrProvince>
          <Telephone1 xsi:nil="true"></Telephone1>
          <Telephone2 xsi:nil="true"></Telephone2>
          <Telephone3 xsi:nil="true"></Telephone3>
          <TimeZoneRuleVersionNumber xsi:nil="true"></TimeZoneRuleVersionNumber>
          <UPSZone xsi:nil="true"></UPSZone>
          <UTCOffset xsi:nil="true"></UTCOffset>
          <UTCConversionTimeZoneCode xsi:nil="true"></UTCConversionTimeZoneCode>
        </Address>
        <Address>
          <AddressNumber>2</AddressNumber>
          <AddressTypeCode>1</AddressTypeCode>
          <City xsi:nil="true"></City>
          <County xsi:nil="true"></County>
          <Country xsi:nil="true"></Country>
          <Fax xsi:nil="true"></Fax>
          <FreightTermsCode xsi:nil="true"></FreightTermsCode>
          <ImportSequenceNumber xsi:nil="true"></ImportSequenceNumber>
          <Latitude xsi:nil="true"></Latitude>
          <Line1 xsi:nil="true"></Line1>
          <Line2 xsi:nil="true"></Line2>
          <Line3 xsi:nil="true"></Line3>
          <Longitude xsi:nil="true"></Longitude>
          <Name xsi:nil="true"></Name>
          <PostalCode xsi:nil="true"></PostalCode>
          <PostOfficeBox xsi:nil="true"></PostOfficeBox>
          <PrimaryContactName xsi:nil="true"></PrimaryContactName>
          <ShippingMethodCode>1</ShippingMethodCode>
          <StateOrProvince xsi:nil="true"></StateOrProvince>
          <Telephone1 xsi:nil="true"></Telephone1>
          <Telephone2 xsi:nil="true"></Telephone2>
          <Telephone3 xsi:nil="true"></Telephone3>
          <TimeZoneRuleVersionNumber xsi:nil="true"></TimeZoneRuleVersionNumber>
          <UPSZone xsi:nil="true"></UPSZone>
          <UTCOffset xsi:nil="true"></UTCOffset>
          <UTCConversionTimeZoneCode xsi:nil="true"></UTCConversionTimeZoneCode>
        </Address>
      </Addresses>
    </Publisher>
    <RootComponents>
      <RootComponent type="29" id="{082dbd8c-7bb0-ee11-a569-000d3a4751b9}" behavior="0" />
      <RootComponent type="29" id="{089fcc69-e387-f011-b4cc-6045bd99a6c6}" behavior="0" />
      <RootComponent type="29" id="{099fcc69-e387-f011-b4cc-6045bd99a6c6}" behavior="0" />
      <RootComponent type="29" id="{0b9fcc69-e387-f011-b4cc-6045bd99a6c6}" behavior="0" />
      <RootComponent type="29" id="{129fcc69-e387-f011-b4cc-6045bd99a6c6}" behavior="0" />
      <RootComponent type="29" id="{17600d3a-e287-f011-b4cc-6045bd99a6c6}" behavior="0" />
      <RootComponent type="29" id="{1d7e21ae-d087-f011-b4cc-6045bd99a6c6}" behavior="0" />
      <RootComponent type="29" id="{237e21ae-d087-f011-b4cc-6045bd99a6c6}" behavior="0" />
      <RootComponent type="29" id="{27600d3a-e287-f011-b4cc-6045bd99a6c6}" behavior="0" />
      <RootComponent type="29" id="{28600d3a-e287-f011-b4cc-6045bd99a6c6}" behavior="0" />
      <RootComponent type="29" id="{2a600d3a-e287-f011-b4cc-6045bd99a6c6}" behavior="0" />
      <RootComponent type="29" id="{2bafff46-e287-f011-b4cc-6045bd99a6c6}" behavior="0" />
      <RootComponent type="29" id="{2c17649a-86af-ee11-a569-000d3a4751b9}" behavior="0" />
      <RootComponent type="29" id="{38afff46-e287-f011-b4cc-6045bd99a6c6}" behavior="0" />
      <RootComponent type="29" id="{4f600d3a-e287-f011-b4cc-6045bd99a6c6}" behavior="0" />
      <RootComponent type="29" id="{559af7af-e287-f011-b4cc-6045bd99a6c6}" behavior="0" />
      <RootComponent type="29" id="{5d1371fc-e187-f011-b4cc-6045bd99a6c6}" behavior="0" />
      <RootComponent type="29" id="{70e5f140-e287-f011-b4cc-6045bd99a6c6}" behavior="0" />
      <RootComponent type="29" id="{79c43348-2f87-f011-b4cc-6045bd99a6c6}" behavior="0" />
      <RootComponent type="29" id="{827e21ae-d087-f011-b4cc-6045bd99a6c6}" behavior="0" />
      <RootComponent type="29" id="{8870b494-d087-f011-b4cc-6045bd99a6c6}" behavior="0" />
      <RootComponent type="29" id="{a573bc80-d087-f011-b4cc-6045bd99a6c6}" behavior="0" />
      <RootComponent type="29" id="{a673bc80-d087-f011-b4cc-6045bd99a6c6}" behavior="0" />
      <RootComponent type="29" id="{be70b494-d087-f011-b4cc-6045bd99a6c6}" behavior="0" />
      <RootComponent type="29" id="{ca598c7e-e287-f011-b4cc-6045bd99a6c6}" behavior="0" />
      <RootComponent type="29" id="{cb598c7e-e287-f011-b4cc-6045bd99a6c6}" behavior="0" />
      <RootComponent type="29" id="{cc598c7e-e287-f011-b4cc-6045bd99a6c6}" behavior="0" />
      <RootComponent type="29" id="{d29ecc69-e387-f011-b4cc-6045bd99a6c6}" behavior="0" />
      <RootComponent type="29" id="{d39ecc69-e387-f011-b4cc-6045bd99a6c6}" behavior="0" />
      <RootComponent type="29" id="{d49ecc69-e387-f011-b4cc-6045bd99a6c6}" behavior="0" />
      <RootComponent type="29" id="{d59ecc69-e387-f011-b4cc-6045bd99a6c6}" behavior="0" />
      <RootComponent type="29" id="{db5f0d3a-e287-f011-b4cc-6045bd99a6c6}" behavior="0" />
      <RootComponent type="29" id="{e05f0d3a-e287-f011-b4cc-6045bd99a6c6}" behavior="0" />
      <RootComponent type="29" id="{e25f0d3a-e287-f011-b4cc-6045bd99a6c6}" behavior="0" />
      <RootComponent type="29" id="{e2aeff46-e287-f011-b4cc-6045bd99a6c6}" behavior="0" />
      <RootComponent type="29" id="{e37d21ae-d087-f011-b4cc-6045bd99a6c6}" behavior="0" />
      <RootComponent type="29" id="{e65f0d3a-e287-f011-b4cc-6045bd99a6c6}" behavior="0" />
      <RootComponent type="29" id="{efaeff46-e287-f011-b4cc-6045bd99a6c6}" behavior="0" />
      <RootComponent type="29" id="{f0aeff46-e287-f011-b4cc-6045bd99a6c6}" behavior="0" />
      <RootComponent type="29" id="{f1aeff46-e287-f011-b4cc-6045bd99a6c6}" behavior="0" />
    </RootComponents>
    <MissingDependencies />
  </SolutionManifest>
</ImportExportXml>