<ImportExportXml version="9.2.25081.188" SolutionPackageVersion="9.2" languagecode="1033" generatedBy="CrmLive" xmlns:xsi="http://www.w3.org/2001/XMLSchema-instance" OrganizationVersion="9.2.25081.188" OrganizationSchemaType="Standard" CRMServerServiceabilityVersion="9.2.25082.00136">
  <SolutionManifest>
    <UniqueName>FAApp</UniqueName>
    <LocalizedNames>
      <LocalizedName description="RA-App" languagecode="1033" />
    </LocalizedNames>
    <Descriptions />
    <Version>1.0.0.4</Version>
    <Managed>0</Managed>
    <Publisher>
      <UniqueName>DefaultPublisherorg21705987</UniqueName>
      <LocalizedNames>
        <LocalizedName description="Default Publisher for org21705987" languagecode="1033" />
      </LocalizedNames>
      <Descriptions>
        <Description description="Default publisher for this organization" languagecode="1033" />
      </Descriptions>
      <EMailAddress xsi:nil="true"></EMailAddress>
      <SupportingWebsiteUrl xsi:nil="true"></SupportingWebsiteUrl>
      <CustomizationPrefix>new</CustomizationPrefix>
      <CustomizationOptionValuePrefix>10000</CustomizationOptionValuePrefix>
      <Addresses>
        <Address>
          <AddressNumber>1</AddressNumber>
          <AddressTypeCode xsi:nil="true"></AddressTypeCode>
          <City xsi:nil="true"></City>
          <County xsi:nil="true"></County>
          <Country xsi:nil="true"></Country>
          <Fax xsi:nil="true"></Fax>
          <FreightTermsCode xsi:nil="true"></FreightTermsCode>
          <ImportSequenceNumber xsi:nil="true"></ImportSequenceNumber>
          <Latitude xsi:nil="true"></Latitude>
          <Line1 xsi:nil="true"></Line1>
          <Line2 xsi:nil="true"></Line2>
          <Line3 xsi:nil="true"></Line3>
          <Longitude xsi:nil="true"></Longitude>
          <Name xsi:nil="true"></Name>
          <PostalCode xsi:nil="true"></PostalCode>
          <PostOfficeBox xsi:nil="true"></PostOfficeBox>
          <PrimaryContactName xsi:nil="true"></PrimaryContactName>
          <ShippingMethodCode xsi:nil="true"></ShippingMethodCode>
          <StateOrProvince xsi:nil="true"></StateOrProvince>
          <Telephone1 xsi:nil="true"></Telephone1>
          <Telephone2 xsi:nil="true"></Telephone2>
          <Telephone3 xsi:nil="true"></Telephone3>
          <TimeZoneRuleVersionNumber xsi:nil="true"></TimeZoneRuleVersionNumber>
          <UPSZone xsi:nil="true"></UPSZone>
          <UTCOffset xsi:nil="true"></UTCOffset>
          <UTCConversionTimeZoneCode xsi:nil="true"></UTCConversionTimeZoneCode>
        </Address>
        <Address>
          <AddressNumber>2</AddressNumber>
          <AddressTypeCode xsi:nil="true"></AddressTypeCode>
          <City xsi:nil="true"></City>
          <County xsi:nil="true"></County>
          <Country xsi:nil="true"></Country>
          <Fax xsi:nil="true"></Fax>
          <FreightTermsCode xsi:nil="true"></FreightTermsCode>
          <ImportSequenceNumber xsi:nil="true"></ImportSequenceNumber>
          <Latitude xsi:nil="true"></Latitude>
          <Line1 xsi:nil="true"></Line1>
          <Line2 xsi:nil="true"></Line2>
          <Line3 xsi:nil="true"></Line3>
          <Longitude xsi:nil="true"></Longitude>
          <Name xsi:nil="true"></Name>
          <PostalCode xsi:nil="true"></PostalCode>
          <PostOfficeBox xsi:nil="true"></PostOfficeBox>
          <PrimaryContactName xsi:nil="true"></PrimaryContactName>
          <ShippingMethodCode xsi:nil="true"></ShippingMethodCode>
          <StateOrProvince xsi:nil="true"></StateOrProvince>
          <Telephone1 xsi:nil="true"></Telephone1>
          <Telephone2 xsi:nil="true"></Telephone2>
          <Telephone3 xsi:nil="true"></Telephone3>
          <TimeZoneRuleVersionNumber xsi:nil="true"></TimeZoneRuleVersionNumber>
          <UPSZone xsi:nil="true"></UPSZone>
          <UTCOffset xsi:nil="true"></UTCOffset>
          <UTCConversionTimeZoneCode xsi:nil="true"></UTCConversionTimeZoneCode>
        </Address>
      </Addresses>
    </Publisher>
    <RootComponents>
      <RootComponent type="1" schemaName="crc18_bpfemployee" behavior="0" />
      <RootComponent type="1" schemaName="crc18_employeeresourcetracking" behavior="0" />
      <RootComponent type="1" schemaName="crc18_ra_resourcedetails" behavior="0" />
      <RootComponent type="1" schemaName="crc18_table11" behavior="0" />
      <RootComponent type="1" schemaName="new_allocationtable" behavior="0" />
      <RootComponent type="1" schemaName="new_allocationtemplate" behavior="0" />
      <RootComponent type="1" schemaName="new_billingtable" behavior="0" />
      <RootComponent type="1" schemaName="new_data_input" behavior="0" />
      <RootComponent type="1" schemaName="new_demand_tracker" behavior="0" />
      <RootComponent type="1" schemaName="new_office365_user" behavior="0" />
      <RootComponent type="1" schemaName="new_practice" behavior="0" />
      <RootComponent type="1" schemaName="new_referential" behavior="0" />
      <RootComponent type="1" schemaName="new_resourcetracker" behavior="0" />
      <RootComponent type="1" schemaName="new_service_line" behavior="0" />
      <RootComponent type="1" schemaName="new_solutioncenterlead" behavior="0" />
      <RootComponent type="1" schemaName="new_testingbox" behavior="0" />
      <RootComponent type="1" schemaName="systemuser" behavior="0" />
      <RootComponent type="9" schemaName="crc18_categorytype" behavior="0" />
      <RootComponent type="20" id="{0df7bb69-0465-ef11-a670-000d3a895545}" behavior="0" />
      <RootComponent type="20" id="{9525c1cf-7760-ef11-bfe4-000d3a3c1dcd}" behavior="0" />
      <RootComponent type="29" id="{101c5d1c-7455-f011-bec1-000d3ae71f91}" behavior="0" />
      <RootComponent type="29" id="{103b16b3-362a-f011-8c4d-000d3ae71f91}" behavior="0" />
      <RootComponent type="29" id="{3f9be336-066a-ef11-a670-000d3a895545}" behavior="0" />
      <RootComponent type="29" id="{42cccb1c-6638-ef11-a316-6045bd6bdbc9}" behavior="0" />
      <RootComponent type="29" id="{43a747f1-f05a-f011-877a-000d3ae71f91}" behavior="0" />
      <RootComponent type="29" id="{5d5e856d-de19-f011-9989-000d3ae71f91}" behavior="0" />
      <RootComponent type="29" id="{7638fe24-88ea-ee11-a203-6045bd1a4798}" behavior="0" />
      <RootComponent type="29" id="{81d49e08-1c74-ef11-ac20-6045bd196d78}" behavior="0" />
      <RootComponent type="29" id="{82271c16-ae2f-f011-8c4d-000d3ae71f91}" behavior="0" />
      <RootComponent type="29" id="{84f9d7f6-8a63-f011-bec2-000d3ae71f91}" behavior="0" />
      <RootComponent type="29" id="{8541a58e-ccb3-ef11-b8e8-00224838873d}" behavior="0" />
      <RootComponent type="29" id="{965e0c2e-a6f1-ee11-a1fd-6045bd1a4798}" behavior="0" />
      <RootComponent type="29" id="{9d620a43-c1e7-ef11-9341-6045bd6d6a41}" behavior="0" />
      <RootComponent type="29" id="{aa3068ab-7729-f011-8c4d-000d3ae71f91}" behavior="0" />
      <RootComponent type="29" id="{be750539-64e7-ef11-9341-6045bd6d6a41}" behavior="0" />
      <RootComponent type="29" id="{c3db1dc3-396c-f011-b4cb-000d3ae71f91}" behavior="0" />
      <RootComponent type="29" id="{c8bd05b1-6ee7-ef11-9341-6045bd6d6a41}" behavior="0" />
      <RootComponent type="29" id="{cb7f1db8-4f6a-ef11-a670-000d3a895545}" behavior="0" />
      <RootComponent type="29" id="{cc1b7b2c-94b0-ef11-8a69-00224838873d}" behavior="0" />
      <RootComponent type="29" id="{d8cabbf4-36f0-ef11-be20-000d3ae71f91}" behavior="0" />
      <RootComponent type="29" id="{e40dc178-c565-ef11-a670-000d3a895545}" behavior="0" />
      <RootComponent type="29" id="{e62dcccb-2ce8-ef11-9341-6045bd6d6a41}" behavior="0" />
      <RootComponent type="60" id="{6e8d606d-34f0-ef11-be20-000d3ae71f91}" />
      <RootComponent type="61" schemaName="crc18_disableNextStageButton" behavior="0" />
      <RootComponent type="61" schemaName="crc18_hideBPFButton" behavior="0" />
      <RootComponent type="61" schemaName="crc18_HideNextActiveButtonBasedonCondition" behavior="0" />
      <RootComponent type="61" schemaName="crc18_hideSetActiveButton" behavior="0" />
      <RootComponent type="61" schemaName="crc18_TabChange" behavior="0" />
      <RootComponent type="62" schemaName="new_RA" behavior="0" />
      <RootComponent type="62" schemaName="new_RAAPP" behavior="0" />
      <RootComponent type="62" schemaName="new_Testapp" behavior="0" />
      <RootComponent type="80" schemaName="new_RAAPP" behavior="0" />
      <RootComponent type="300" schemaName="new_allocationsummarycopy_11599" behavior="0" />
      <RootComponent type="300" schemaName="new_allocationsummary_8b2fa" behavior="0" />
      <RootComponent type="300" schemaName="new_app_3d94c" behavior="0" />
      <RootComponent type="300" schemaName="new_raapp_25dae" behavior="0" />
    </RootComponents>
    <MissingDependencies>
      <MissingDependency>
        <Required type="1" schemaName="adx_webformsession" displayName="Multistep Form Session" solution="PowerPages_RuntimeCore (1.0.2407.1)">
          <package appName="Power Pages Core Package" version="1.0.2506.181">PowerPages_Core (1.0.2506.181)</package>
        </Required>
        <Dependent type="1" schemaName="systemuser" displayName="User" />
      </MissingDependency>
      <MissingDependency>
        <Required type="1" schemaName="appusersetting" displayName="Model-Driven App User Setting" solution="AppModule (9.2.2507.2507161)">
          <package appName="AppModule" version="9.2.2507.2507161">AppModuleSolutionAnchor (9.2.2507.2507161)</package>
        </Required>
        <Dependent type="1" schemaName="systemuser" displayName="User" />
      </MissingDependency>
      <MissingDependency>
        <Required type="1" schemaName="bot" displayName="Copilot" solution="PowerVirtualAgents (2025.7.2.17656321)">
          <package appName="CCI Bots" version="2025.7.2.17656321">msdynce_CustomerCareIntelligenceBots_Anchor (2025.7.2.17656321)</package>
        </Required>
        <Dependent type="1" schemaName="systemuser" displayName="User" />
      </MissingDependency>
      <MissingDependency>
        <Required type="1" schemaName="componentversion" displayName="Component Version" solution="msdyn_ComponentVersioning (9.1.0.196)">
          <package appName="Component Versioning Package" version="9.1.0.196">ComponentVersioning_Anchor (9.1.0.196)</package>
        </Required>
        <Dependent type="1" schemaName="systemuser" displayName="User" />
      </MissingDependency>
      <MissingDependency>
        <Required type="1" schemaName="msfp_survey" displayName="Customer Voice survey" solution="MicrosoftFormsPro (2.0.0.58)">
          <package appName="Forms Pro" version="2.0.0.58">MicrosoftFormsPro (2.0.0.58)</package>
        </Required>
        <Dependent type="1" schemaName="systemuser" displayName="User" />
      </MissingDependency>
      <MissingDependency>
        <Required type="1" schemaName="mspp_adplacement" displayName="Ad Placement" solution="PowerPages_Apps (1.0.2505.1)">
          <package appName="Power Pages Core Package" version="1.0.2506.181">PowerPages_Core (1.0.2506.181)</package>
        </Required>
        <Dependent type="1" schemaName="systemuser" displayName="User" />
      </MissingDependency>
      <MissingDependency>
        <Required type="1" schemaName="mspp_columnpermission" displayName="Column Permission" solution="PowerPages_Apps (1.0.2505.1)">
          <package appName="Power Pages Core Package" version="1.0.2506.181">PowerPages_Core (1.0.2506.181)</package>
        </Required>
        <Dependent type="1" schemaName="systemuser" displayName="User" />
      </MissingDependency>
      <MissingDependency>
        <Required type="1" schemaName="mspp_columnpermissionprofile" displayName="Column Permission Profile" solution="PowerPages_Apps (1.0.2505.1)">
          <package appName="Power Pages Core Package" version="1.0.2506.181">PowerPages_Core (1.0.2506.181)</package>
        </Required>
        <Dependent type="1" schemaName="systemuser" displayName="User" />
      </MissingDependency>
      <MissingDependency>
        <Required type="1" schemaName="mspp_contentsnippet" displayName="Content Snippet" solution="PowerPages_Apps (1.0.2505.1)">
          <package appName="Power Pages Core Package" version="1.0.2506.181">PowerPages_Core (1.0.2506.181)</package>
        </Required>
        <Dependent type="1" schemaName="systemuser" displayName="User" />
      </MissingDependency>
      <MissingDependency>
        <Required type="1" schemaName="mspp_entityform" displayName="Basic Form" solution="PowerPages_Apps (1.0.2505.1)">
          <package appName="Power Pages Core Package" version="1.0.2506.181">PowerPages_Core (1.0.2506.181)</package>
        </Required>
        <Dependent type="1" schemaName="systemuser" displayName="User" />
      </MissingDependency>
      <MissingDependency>
        <Required type="1" schemaName="mspp_entityformmetadata" displayName="Basic Form Metadata" solution="PowerPages_Apps (1.0.2505.1)">
          <package appName="Power Pages Core Package" version="1.0.2506.181">PowerPages_Core (1.0.2506.181)</package>
        </Required>
        <Dependent type="1" schemaName="systemuser" displayName="User" />
      </MissingDependency>
      <MissingDependency>
        <Required type="1" schemaName="mspp_entitylist" displayName="List" solution="PowerPages_Apps (1.0.2505.1)">
          <package appName="Power Pages Core Package" version="1.0.2506.181">PowerPages_Core (1.0.2506.181)</package>
        </Required>
        <Dependent type="1" schemaName="systemuser" displayName="User" />
      </MissingDependency>
      <MissingDependency>
        <Required type="1" schemaName="mspp_entitypermission" displayName="Table Permission" solution="PowerPages_Apps (1.0.2505.1)">
          <package appName="Power Pages Core Package" version="1.0.2506.181">PowerPages_Core (1.0.2506.181)</package>
        </Required>
        <Dependent type="1" schemaName="systemuser" displayName="User" />
      </MissingDependency>
      <MissingDependency>
        <Required type="1" schemaName="mspp_pagetemplate" displayName="Page Template" solution="PowerPages_Apps (1.0.2505.1)">
          <package appName="Power Pages Core Package" version="1.0.2506.181">PowerPages_Core (1.0.2506.181)</package>
        </Required>
        <Dependent type="1" schemaName="systemuser" displayName="User" />
      </MissingDependency>
      <MissingDependency>
        <Required type="1" schemaName="mspp_pollplacement" displayName="Poll Placement" solution="PowerPages_Apps (1.0.2505.1)">
          <package appName="Power Pages Core Package" version="1.0.2506.181">PowerPages_Core (1.0.2506.181)</package>
        </Required>
        <Dependent type="1" schemaName="systemuser" displayName="User" />
      </MissingDependency>
      <MissingDependency>
        <Required type="1" schemaName="mspp_publishingstate" displayName="Publishing State" solution="PowerPages_Apps (1.0.2505.1)">
          <package appName="Power Pages Core Package" version="1.0.2506.181">PowerPages_Core (1.0.2506.181)</package>
        </Required>
        <Dependent type="1" schemaName="systemuser" displayName="User" />
      </MissingDependency>
      <MissingDependency>
        <Required type="1" schemaName="mspp_publishingstatetransitionrule" displayName="Publishing State Transition Rule" solution="PowerPages_Apps (1.0.2505.1)">
          <package appName="Power Pages Core Package" version="1.0.2506.181">PowerPages_Core (1.0.2506.181)</package>
        </Required>
        <Dependent type="1" schemaName="systemuser" displayName="User" />
      </MissingDependency>
      <MissingDependency>
        <Required type="1" schemaName="mspp_redirect" displayName="Redirect" solution="PowerPages_Apps (1.0.2505.1)">
          <package appName="Power Pages Core Package" version="1.0.2506.181">PowerPages_Core (1.0.2506.181)</package>
        </Required>
        <Dependent type="1" schemaName="systemuser" displayName="User" />
      </MissingDependency>
      <MissingDependency>
        <Required type="1" schemaName="mspp_shortcut" displayName="Shortcut" solution="PowerPages_Apps (1.0.2505.1)">
          <package appName="Power Pages Core Package" version="1.0.2506.181">PowerPages_Core (1.0.2506.181)</package>
        </Required>
        <Dependent type="1" schemaName="systemuser" displayName="User" />
      </MissingDependency>
      <MissingDependency>
        <Required type="1" schemaName="mspp_sitemarker" displayName="Site Marker" solution="PowerPages_Apps (1.0.2505.1)">
          <package appName="Power Pages Core Package" version="1.0.2506.181">PowerPages_Core (1.0.2506.181)</package>
        </Required>
        <Dependent type="1" schemaName="systemuser" displayName="User" />
      </MissingDependency>
      <MissingDependency>
        <Required type="1" schemaName="mspp_sitesetting" displayName="Site Setting" solution="PowerPages_Apps (1.0.2505.1)">
          <package appName="Power Pages Core Package" version="1.0.2506.181">PowerPages_Core (1.0.2506.181)</package>
        </Required>
        <Dependent type="1" schemaName="systemuser" displayName="User" />
      </MissingDependency>
      <MissingDependency>
        <Required type="1" schemaName="mspp_webfile" displayName="Web File" solution="PowerPages_Apps (1.0.2505.1)">
          <package appName="Power Pages Core Package" version="1.0.2506.181">PowerPages_Core (1.0.2506.181)</package>
        </Required>
        <Dependent type="1" schemaName="systemuser" displayName="User" />
      </MissingDependency>
      <MissingDependency>
        <Required type="1" schemaName="mspp_webform" displayName="Multistep Form" solution="PowerPages_Apps (1.0.2505.1)">
          <package appName="Power Pages Core Package" version="1.0.2506.181">PowerPages_Core (1.0.2506.181)</package>
        </Required>
        <Dependent type="1" schemaName="systemuser" displayName="User" />
      </MissingDependency>
      <MissingDependency>
        <Required type="1" schemaName="mspp_webformmetadata" displayName="Multistep Form Metadata" solution="PowerPages_Apps (1.0.2505.1)">
          <package appName="Power Pages Core Package" version="1.0.2506.181">PowerPages_Core (1.0.2506.181)</package>
        </Required>
        <Dependent type="1" schemaName="systemuser" displayName="User" />
      </MissingDependency>
      <MissingDependency>
        <Required type="1" schemaName="mspp_webformstep" displayName="Form Step" solution="PowerPages_Apps (1.0.2505.1)">
          <package appName="Power Pages Core Package" version="1.0.2506.181">PowerPages_Core (1.0.2506.181)</package>
        </Required>
        <Dependent type="1" schemaName="systemuser" displayName="User" />
      </MissingDependency>
      <MissingDependency>
        <Required type="1" schemaName="mspp_weblink" displayName="Web Link" solution="PowerPages_Apps (1.0.2505.1)">
          <package appName="Power Pages Core Package" version="1.0.2506.181">PowerPages_Core (1.0.2506.181)</package>
        </Required>
        <Dependent type="1" schemaName="systemuser" displayName="User" />
      </MissingDependency>
      <MissingDependency>
        <Required type="1" schemaName="mspp_weblinkset" displayName="Web Link Set" solution="PowerPages_Apps (1.0.2505.1)">
          <package appName="Power Pages Core Package" version="1.0.2506.181">PowerPages_Core (1.0.2506.181)</package>
        </Required>
        <Dependent type="1" schemaName="systemuser" displayName="User" />
      </MissingDependency>
      <MissingDependency>
        <Required type="1" schemaName="mspp_webpage" displayName="Web Page" solution="PowerPages_Apps (1.0.2505.1)">
          <package appName="Power Pages Core Package" version="1.0.2506.181">PowerPages_Core (1.0.2506.181)</package>
        </Required>
        <Dependent type="1" schemaName="systemuser" displayName="User" />
      </MissingDependency>
      <MissingDependency>
        <Required type="1" schemaName="mspp_webpageaccesscontrolrule" displayName="Web Page Access Control Rule" solution="PowerPages_Apps (1.0.2505.1)">
          <package appName="Power Pages Core Package" version="1.0.2506.181">PowerPages_Core (1.0.2506.181)</package>
        </Required>
        <Dependent type="1" schemaName="systemuser" displayName="User" />
      </MissingDependency>
      <MissingDependency>
        <Required type="1" schemaName="mspp_webrole" displayName="Web Role" solution="PowerPages_Apps (1.0.2505.1)">
          <package appName="Power Pages Core Package" version="1.0.2506.181">PowerPages_Core (1.0.2506.181)</package>
        </Required>
        <Dependent type="1" schemaName="systemuser" displayName="User" />
      </MissingDependency>
      <MissingDependency>
        <Required type="1" schemaName="mspp_website" displayName="Website" solution="PowerPages_Apps (1.0.2505.1)">
          <package appName="Power Pages Core Package" version="1.0.2506.181">PowerPages_Core (1.0.2506.181)</package>
        </Required>
        <Dependent type="1" schemaName="systemuser" displayName="User" />
      </MissingDependency>
      <MissingDependency>
        <Required type="1" schemaName="mspp_websiteaccess" displayName="Website Access" solution="PowerPages_Apps (1.0.2505.1)">
          <package appName="Power Pages Core Package" version="1.0.2506.181">PowerPages_Core (1.0.2506.181)</package>
        </Required>
        <Dependent type="1" schemaName="systemuser" displayName="User" />
      </MissingDependency>
      <MissingDependency>
        <Required type="1" schemaName="mspp_websitelanguage" displayName="Website Language" solution="PowerPages_Apps (1.0.2505.1)">
          <package appName="Power Pages Core Package" version="1.0.2506.181">PowerPages_Core (1.0.2506.181)</package>
        </Required>
        <Dependent type="1" schemaName="systemuser" displayName="User" />
      </MissingDependency>
      <MissingDependency>
        <Required type="1" schemaName="mspp_webtemplate" displayName="Web Template" solution="PowerPages_Apps (1.0.2505.1)">
          <package appName="Power Pages Core Package" version="1.0.2506.181">PowerPages_Core (1.0.2506.181)</package>
        </Required>
        <Dependent type="1" schemaName="systemuser" displayName="User" />
      </MissingDependency>
      <MissingDependency>
        <Required type="1" schemaName="sa_suggestedaction" displayName="Suggested Action" solution="msdyn_SuggestedAction (1.0.0.2)">
          <package appName="PowerAppsAppCopilotApp Package" version="1.0.0.2">msdyn_SuggestedAction (1.0.0.2)</package>
        </Required>
        <Dependent type="1" schemaName="systemuser" displayName="User" />
      </MissingDependency>
      <MissingDependency>
        <Required type="1" schemaName="usermobileofflineprofilemembership" displayName="UserMobileOfflineProfileMembership" solution="MobileOfflineMembership (1.0.0.3)">
          <package appName="MobileOfflineExtensionApp Package" version="1.0.0.0">MobileOfflineExtensionApp_Anchor (1.0.0.0)</package>
        </Required>
        <Dependent type="1" schemaName="systemuser" displayName="User" />
      </MissingDependency>
      <MissingDependency>
        <Required type="61" schemaName="msdyn_/Images/AppModule_Default_Icon.png" displayName="msdyn_/Images/AppModule_Default_Icon.png" solution="AppModuleWebResources (2.5)" />
        <Dependent type="80" schemaName="new_RAAPP" displayName="RA APP" />
      </MissingDependency>
      <MissingDependency>
        <Required type="66" schemaName="Microsoft.PowerApps.PowerAppsOneGrid" displayName="Microsoft.PowerApps.PowerAppsOneGrid" solution="BaseCustomControlsCore (9.0.2508.1011)">
          <package appName="Base Custom Controls" version="9.0.2508.1011">BaseCustomControlsCore (9.0.2508.1011)</package>
        </Required>
        <Dependent type="60" displayName="Data_Input main form" parentDisplayName="Data_Input" id="{24b14321-54fb-ee11-9f89-6045bd6d28c9}" />
      </MissingDependency>
      <MissingDependency>
        <Required type="66" schemaName="MscrmControls.Canvas.CanvasControl" displayName="MscrmControls.Canvas.CanvasControl" solution="BaseCustomControlsCore (9.0.2508.1011)">
          <package appName="Base Custom Controls" version="9.0.2508.1011">BaseCustomControlsCore (9.0.2508.1011)</package>
        </Required>
        <Dependent type="60" displayName="Information" parentDisplayName="Demand_Tracker" id="{55fcbd62-8153-41be-9f7c-c72d8986634d}" />
      </MissingDependency>
      <MissingDependency>
        <Required type="66" schemaName="MscrmControls.Grid.GridControl" displayName="MscrmControls.Grid.GridControl" solution="BaseCustomControlsCore (9.0.2508.1011)">
          <package appName="Base Custom Controls" version="9.0.2508.1011">BaseCustomControlsCore (9.0.2508.1011)</package>
        </Required>
        <Dependent type="26" schemaName="Active Data_Inputs" displayName="Active Data_Inputs" parentSchemaName="new_data_input" parentDisplayName="Data_Input" id="{72c583f5-52f6-44a3-a686-47687aaa235d}" />
      </MissingDependency>
      <MissingDependency>
        <Required type="66" schemaName="MscrmControls.Grid.GridControl" displayName="MscrmControls.Grid.GridControl" solution="BaseCustomControlsCore (9.0.2508.1011)">
          <package appName="Base Custom Controls" version="9.0.2508.1011">BaseCustomControlsCore (9.0.2508.1011)</package>
        </Required>
        <Dependent type="60" displayName="Referential  main form" parentDisplayName="Referential " id="{fe568bff-60e7-ee11-a203-6045bd1a4798}" />
      </MissingDependency>
      <MissingDependency>
        <Required type="66" schemaName="MscrmControls.ModelForm.ModelFormControl" displayName="MscrmControls.ModelForm.ModelFormControl" solution="BaseCustomControlsCore (9.0.2508.1011)">
          <package appName="Base Custom Controls" version="9.0.2508.1011">BaseCustomControlsCore (9.0.2508.1011)</package>
        </Required>
        <Dependent type="60" displayName="Data_Input main form" parentDisplayName="Data_Input" id="{24b14321-54fb-ee11-9f89-6045bd6d28c9}" />
      </MissingDependency>
      <MissingDependency>
        <Required type="66" schemaName="MscrmControls.ModelForm.ModelFormControl" displayName="MscrmControls.ModelForm.ModelFormControl" solution="BaseCustomControlsCore (9.0.2508.1011)">
          <package appName="Base Custom Controls" version="9.0.2508.1011">BaseCustomControlsCore (9.0.2508.1011)</package>
        </Required>
        <Dependent type="60" displayName="Resource Tracker main form" parentDisplayName="Resource Tracker" id="{522b848c-f7ef-ee11-a1fd-6045bd1a4798}" />
      </MissingDependency>
      <MissingDependency>
        <Required type="66" schemaName="MscrmControls.ModelForm.ModelFormControl" displayName="MscrmControls.ModelForm.ModelFormControl" solution="BaseCustomControlsCore (9.0.2508.1011)">
          <package appName="Base Custom Controls" version="9.0.2508.1011">BaseCustomControlsCore (9.0.2508.1011)</package>
        </Required>
        <Dependent type="60" displayName="Information" parentDisplayName="Resource Tracker" id="{db1bfe75-8f4f-4aa4-b7dd-368ced0fa11b}" />
      </MissingDependency>
      <MissingDependency>
        <Required type="appactionrule" displayName="msdyn_Mscrm.AvailableOnForm!0" solution="msdyn_SystemAppActions (9.1.0.57)" id.uniquename="msdyn_Mscrm.AvailableOnForm!0">
          <package appName="PowerAppsActions Package" version="9.1.0.57">PowerAppsActions_Anchor (9.1.0.57)</package>
        </Required>
        <Dependent type="appaction_appactionrule_classicrules" displayName="appactionid.uniquename=new__Mscrm.Form.%7B!EntityLogicalName%7D.NewRecord!new_RAAPP!new_referential!0,appactionruleid.uniquename=msdyn_Mscrm.AvailableOnForm!0" id.appactionid.uniquename="new__Mscrm.Form.{!EntityLogicalName}.NewRecord!new_RAAPP!new_referential!0" id.appactionruleid.uniquename="msdyn_Mscrm.AvailableOnForm!0" />
      </MissingDependency>
      <MissingDependency>
        <Required type="appactionrule" displayName="msdyn_Mscrm.AvailableOnForm!0" solution="msdyn_SystemAppActions (9.1.0.57)" id.uniquename="msdyn_Mscrm.AvailableOnForm!0">
          <package appName="PowerAppsActions Package" version="9.1.0.57">PowerAppsActions_Anchor (9.1.0.57)</package>
        </Required>
        <Dependent type="appaction_appactionrule_classicrules" displayName="appactionid.uniquename=new__Mscrm.Form.%7B!EntityLogicalName%7D.NewRecord!new_RAAPP!new_resourcetracker!0,appactionruleid.uniquename=msdyn_Mscrm.AvailableOnForm!0" id.appactionid.uniquename="new__Mscrm.Form.{!EntityLogicalName}.NewRecord!new_RAAPP!new_resourcetracker!0" id.appactionruleid.uniquename="msdyn_Mscrm.AvailableOnForm!0" />
      </MissingDependency>
      <MissingDependency>
        <Required type="appactionrule" displayName="msdyn_Mscrm.AvailableOnForm!0" solution="msdyn_SystemAppActions (9.1.0.57)" id.uniquename="msdyn_Mscrm.AvailableOnForm!0">
          <package appName="PowerAppsActions Package" version="9.1.0.57">PowerAppsActions_Anchor (9.1.0.57)</package>
        </Required>
        <Dependent type="appaction_appactionrule_classicrules" displayName="appactionid.uniquename=new__Mscrm.Form.%7B!EntityLogicalName%7D.NewRecordForBPFEntity!new_RAAPP!new_referential!0,appactionruleid.uniquename=msdyn_Mscrm.AvailableOnForm!0" id.appactionid.uniquename="new__Mscrm.Form.{!EntityLogicalName}.NewRecordForBPFEntity!new_RAAPP!new_referential!0" id.appactionruleid.uniquename="msdyn_Mscrm.AvailableOnForm!0" />
      </MissingDependency>
      <MissingDependency>
        <Required type="appactionrule" displayName="msdyn_Mscrm.AvailableOnForm!0" solution="msdyn_SystemAppActions (9.1.0.57)" id.uniquename="msdyn_Mscrm.AvailableOnForm!0">
          <package appName="PowerAppsActions Package" version="9.1.0.57">PowerAppsActions_Anchor (9.1.0.57)</package>
        </Required>
        <Dependent type="appaction_appactionrule_classicrules" displayName="appactionid.uniquename=new__Mscrm.Form.%7B!EntityLogicalName%7D.NewRecordForBPFEntity!new_RAAPP!new_resourcetracker!0,appactionruleid.uniquename=msdyn_Mscrm.AvailableOnForm!0" id.appactionid.uniquename="new__Mscrm.Form.{!EntityLogicalName}.NewRecordForBPFEntity!new_RAAPP!new_resourcetracker!0" id.appactionruleid.uniquename="msdyn_Mscrm.AvailableOnForm!0" />
      </MissingDependency>
      <MissingDependency>
        <Required type="appactionrule" displayName="msdyn_Mscrm.AvailableOnForm!0" solution="msdyn_SystemAppActions (9.1.0.57)" id.uniquename="msdyn_Mscrm.AvailableOnForm!0">
          <package appName="PowerAppsActions Package" version="9.1.0.57">PowerAppsActions_Anchor (9.1.0.57)</package>
        </Required>
        <Dependent type="appaction_appactionrule_classicrules" displayName="appactionid.uniquename=new__Mscrm.Form.%7B!EntityLogicalName%7D.Save!new_RAAPP!new_referential!0,appactionruleid.uniquename=msdyn_Mscrm.AvailableOnForm!0" id.appactionid.uniquename="new__Mscrm.Form.{!EntityLogicalName}.Save!new_RAAPP!new_referential!0" id.appactionruleid.uniquename="msdyn_Mscrm.AvailableOnForm!0" />
      </MissingDependency>
      <MissingDependency>
        <Required type="appactionrule" displayName="msdyn_Mscrm.AvailableOnForm!0" solution="msdyn_SystemAppActions (9.1.0.57)" id.uniquename="msdyn_Mscrm.AvailableOnForm!0">
          <package appName="PowerAppsActions Package" version="9.1.0.57">PowerAppsActions_Anchor (9.1.0.57)</package>
        </Required>
        <Dependent type="appaction_appactionrule_classicrules" displayName="appactionid.uniquename=new__Mscrm.Form.%7B!EntityLogicalName%7D.Save!new_RAAPP!new_resourcetracker!0,appactionruleid.uniquename=msdyn_Mscrm.AvailableOnForm!0" id.appactionid.uniquename="new__Mscrm.Form.{!EntityLogicalName}.Save!new_RAAPP!new_resourcetracker!0" id.appactionruleid.uniquename="msdyn_Mscrm.AvailableOnForm!0" />
      </MissingDependency>
      <MissingDependency>
        <Required type="appactionrule" displayName="msdyn_Mscrm.CanSavePrimary!0" solution="msdyn_SystemAppActions (9.1.0.57)" id.uniquename="msdyn_Mscrm.CanSavePrimary!0">
          <package appName="PowerAppsActions Package" version="9.1.0.57">PowerAppsActions_Anchor (9.1.0.57)</package>
        </Required>
        <Dependent type="appaction_appactionrule_classicrules" displayName="appactionid.uniquename=new__Mscrm.Form.%7B!EntityLogicalName%7D.Save!new_RAAPP!new_referential!0,appactionruleid.uniquename=msdyn_Mscrm.CanSavePrimary!0" id.appactionid.uniquename="new__Mscrm.Form.{!EntityLogicalName}.Save!new_RAAPP!new_referential!0" id.appactionruleid.uniquename="msdyn_Mscrm.CanSavePrimary!0" />
      </MissingDependency>
      <MissingDependency>
        <Required type="appactionrule" displayName="msdyn_Mscrm.CanSavePrimary!0" solution="msdyn_SystemAppActions (9.1.0.57)" id.uniquename="msdyn_Mscrm.CanSavePrimary!0">
          <package appName="PowerAppsActions Package" version="9.1.0.57">PowerAppsActions_Anchor (9.1.0.57)</package>
        </Required>
        <Dependent type="appaction_appactionrule_classicrules" displayName="appactionid.uniquename=new__Mscrm.Form.%7B!EntityLogicalName%7D.Save!new_RAAPP!new_resourcetracker!0,appactionruleid.uniquename=msdyn_Mscrm.CanSavePrimary!0" id.appactionid.uniquename="new__Mscrm.Form.{!EntityLogicalName}.Save!new_RAAPP!new_resourcetracker!0" id.appactionruleid.uniquename="msdyn_Mscrm.CanSavePrimary!0" />
      </MissingDependency>
      <MissingDependency>
        <Required type="appactionrule" displayName="msdyn_Mscrm.CanSavePrimaryEntityType!1" solution="msdyn_SystemAppActions (9.1.0.57)" id.uniquename="msdyn_Mscrm.CanSavePrimaryEntityType!1">
          <package appName="PowerAppsActions Package" version="9.1.0.57">PowerAppsActions_Anchor (9.1.0.57)</package>
        </Required>
        <Dependent type="appaction_appactionrule_classicrules" displayName="appactionid.uniquename=new__Mscrm.Form.%7B!EntityLogicalName%7D.Save!new_RAAPP!new_referential!0,appactionruleid.uniquename=msdyn_Mscrm.CanSavePrimaryEntityType!1" id.appactionid.uniquename="new__Mscrm.Form.{!EntityLogicalName}.Save!new_RAAPP!new_referential!0" id.appactionruleid.uniquename="msdyn_Mscrm.CanSavePrimaryEntityType!1" />
      </MissingDependency>
      <MissingDependency>
        <Required type="appactionrule" displayName="msdyn_Mscrm.CanSavePrimaryEntityType!1" solution="msdyn_SystemAppActions (9.1.0.57)" id.uniquename="msdyn_Mscrm.CanSavePrimaryEntityType!1">
          <package appName="PowerAppsActions Package" version="9.1.0.57">PowerAppsActions_Anchor (9.1.0.57)</package>
        </Required>
        <Dependent type="appaction_appactionrule_classicrules" displayName="appactionid.uniquename=new__Mscrm.Form.%7B!EntityLogicalName%7D.Save!new_RAAPP!new_resourcetracker!0,appactionruleid.uniquename=msdyn_Mscrm.CanSavePrimaryEntityType!1" id.appactionid.uniquename="new__Mscrm.Form.{!EntityLogicalName}.Save!new_RAAPP!new_resourcetracker!0" id.appactionruleid.uniquename="msdyn_Mscrm.CanSavePrimaryEntityType!1" />
      </MissingDependency>
      <MissingDependency>
        <Required type="appactionrule" displayName="msdyn_Mscrm.CreatePrimaryEntityPermission!1" solution="msdyn_SystemAppActions (9.1.0.57)" id.uniquename="msdyn_Mscrm.CreatePrimaryEntityPermission!1">
          <package appName="PowerAppsActions Package" version="9.1.0.57">PowerAppsActions_Anchor (9.1.0.57)</package>
        </Required>
        <Dependent type="appaction_appactionrule_classicrules" displayName="appactionid.uniquename=new__Mscrm.Form.%7B!EntityLogicalName%7D.NewRecord!new_RAAPP!new_referential!0,appactionruleid.uniquename=msdyn_Mscrm.CreatePrimaryEntityPermission!1" id.appactionid.uniquename="new__Mscrm.Form.{!EntityLogicalName}.NewRecord!new_RAAPP!new_referential!0" id.appactionruleid.uniquename="msdyn_Mscrm.CreatePrimaryEntityPermission!1" />
      </MissingDependency>
      <MissingDependency>
        <Required type="appactionrule" displayName="msdyn_Mscrm.CreatePrimaryEntityPermission!1" solution="msdyn_SystemAppActions (9.1.0.57)" id.uniquename="msdyn_Mscrm.CreatePrimaryEntityPermission!1">
          <package appName="PowerAppsActions Package" version="9.1.0.57">PowerAppsActions_Anchor (9.1.0.57)</package>
        </Required>
        <Dependent type="appaction_appactionrule_classicrules" displayName="appactionid.uniquename=new__Mscrm.Form.%7B!EntityLogicalName%7D.NewRecord!new_RAAPP!new_resourcetracker!0,appactionruleid.uniquename=msdyn_Mscrm.CreatePrimaryEntityPermission!1" id.appactionid.uniquename="new__Mscrm.Form.{!EntityLogicalName}.NewRecord!new_RAAPP!new_resourcetracker!0" id.appactionruleid.uniquename="msdyn_Mscrm.CreatePrimaryEntityPermission!1" />
      </MissingDependency>
      <MissingDependency>
        <Required type="appactionrule" displayName="msdyn_Mscrm.CreateSelectedEntityPermission!1" solution="msdyn_SystemAppActions (9.1.0.57)" id.uniquename="msdyn_Mscrm.CreateSelectedEntityPermission!1">
          <package appName="PowerAppsActions Package" version="9.1.0.57">PowerAppsActions_Anchor (9.1.0.57)</package>
        </Required>
        <Dependent type="appaction_appactionrule_classicrules" displayName="appactionid.uniquename=new__Mscrm.HomepageGrid.%7B!EntityLogicalName%7D.NewRecord!new_RAAPP!new_referential!1,appactionruleid.uniquename=msdyn_Mscrm.CreateSelectedEntityPermission!1" id.appactionid.uniquename="new__Mscrm.HomepageGrid.{!EntityLogicalName}.NewRecord!new_RAAPP!new_referential!1" id.appactionruleid.uniquename="msdyn_Mscrm.CreateSelectedEntityPermission!1" />
      </MissingDependency>
      <MissingDependency>
        <Required type="appactionrule" displayName="msdyn_Mscrm.CreateSelectedEntityPermission!1" solution="msdyn_SystemAppActions (9.1.0.57)" id.uniquename="msdyn_Mscrm.CreateSelectedEntityPermission!1">
          <package appName="PowerAppsActions Package" version="9.1.0.57">PowerAppsActions_Anchor (9.1.0.57)</package>
        </Required>
        <Dependent type="appaction_appactionrule_classicrules" displayName="appactionid.uniquename=new__Mscrm.HomepageGrid.%7B!EntityLogicalName%7D.NewRecord!new_RAAPP!new_resourcetracker!1,appactionruleid.uniquename=msdyn_Mscrm.CreateSelectedEntityPermission!1" id.appactionid.uniquename="new__Mscrm.HomepageGrid.{!EntityLogicalName}.NewRecord!new_RAAPP!new_resourcetracker!1" id.appactionruleid.uniquename="msdyn_Mscrm.CreateSelectedEntityPermission!1" />
      </MissingDependency>
      <MissingDependency>
        <Required type="appactionrule" displayName="msdyn_Mscrm.CreateSelectedEntityPermission!1" solution="msdyn_SystemAppActions (9.1.0.57)" id.uniquename="msdyn_Mscrm.CreateSelectedEntityPermission!1">
          <package appName="PowerAppsActions Package" version="9.1.0.57">PowerAppsActions_Anchor (9.1.0.57)</package>
        </Required>
        <Dependent type="appaction_appactionrule_classicrules" displayName="appactionid.uniquename=new__Mscrm.HomepageGrid.%7B!EntityLogicalName%7D.NewRecordForBPFEntity!new_RAAPP!new_referential!1,appactionruleid.uniquename=msdyn_Mscrm.CreateSelectedEntityPermission!1" id.appactionid.uniquename="new__Mscrm.HomepageGrid.{!EntityLogicalName}.NewRecordForBPFEntity!new_RAAPP!new_referential!1" id.appactionruleid.uniquename="msdyn_Mscrm.CreateSelectedEntityPermission!1" />
      </MissingDependency>
      <MissingDependency>
        <Required type="appactionrule" displayName="msdyn_Mscrm.CreateSelectedEntityPermission!1" solution="msdyn_SystemAppActions (9.1.0.57)" id.uniquename="msdyn_Mscrm.CreateSelectedEntityPermission!1">
          <package appName="PowerAppsActions Package" version="9.1.0.57">PowerAppsActions_Anchor (9.1.0.57)</package>
        </Required>
        <Dependent type="appaction_appactionrule_classicrules" displayName="appactionid.uniquename=new__Mscrm.HomepageGrid.%7B!EntityLogicalName%7D.NewRecordForBPFEntity!new_RAAPP!new_resourcetracker!1,appactionruleid.uniquename=msdyn_Mscrm.CreateSelectedEntityPermission!1" id.appactionid.uniquename="new__Mscrm.HomepageGrid.{!EntityLogicalName}.NewRecordForBPFEntity!new_RAAPP!new_resourcetracker!1" id.appactionruleid.uniquename="msdyn_Mscrm.CreateSelectedEntityPermission!1" />
      </MissingDependency>
      <MissingDependency>
        <Required type="appactionrule" displayName="msdyn_Mscrm.HideAddressEntities!1" solution="msdyn_SystemAppActions (9.1.0.57)" id.uniquename="msdyn_Mscrm.HideAddressEntities!1">
          <package appName="PowerAppsActions Package" version="9.1.0.57">PowerAppsActions_Anchor (9.1.0.57)</package>
        </Required>
        <Dependent type="appaction_appactionrule_classicrules" displayName="appactionid.uniquename=new__Mscrm.HomepageGrid.%7B!EntityLogicalName%7D.NewRecord!new_RAAPP!new_referential!1,appactionruleid.uniquename=msdyn_Mscrm.HideAddressEntities!1" id.appactionid.uniquename="new__Mscrm.HomepageGrid.{!EntityLogicalName}.NewRecord!new_RAAPP!new_referential!1" id.appactionruleid.uniquename="msdyn_Mscrm.HideAddressEntities!1" />
      </MissingDependency>
      <MissingDependency>
        <Required type="appactionrule" displayName="msdyn_Mscrm.HideAddressEntities!1" solution="msdyn_SystemAppActions (9.1.0.57)" id.uniquename="msdyn_Mscrm.HideAddressEntities!1">
          <package appName="PowerAppsActions Package" version="9.1.0.57">PowerAppsActions_Anchor (9.1.0.57)</package>
        </Required>
        <Dependent type="appaction_appactionrule_classicrules" displayName="appactionid.uniquename=new__Mscrm.HomepageGrid.%7B!EntityLogicalName%7D.NewRecord!new_RAAPP!new_resourcetracker!1,appactionruleid.uniquename=msdyn_Mscrm.HideAddressEntities!1" id.appactionid.uniquename="new__Mscrm.HomepageGrid.{!EntityLogicalName}.NewRecord!new_RAAPP!new_resourcetracker!1" id.appactionruleid.uniquename="msdyn_Mscrm.HideAddressEntities!1" />
      </MissingDependency>
      <MissingDependency>
        <Required type="appactionrule" displayName="msdyn_Mscrm.HideInLegacyRibbon!1" solution="msdyn_SystemAppActions (9.1.0.57)" id.uniquename="msdyn_Mscrm.HideInLegacyRibbon!1">
          <package appName="PowerAppsActions Package" version="9.1.0.57">PowerAppsActions_Anchor (9.1.0.57)</package>
        </Required>
        <Dependent type="appaction_appactionrule_classicrules" displayName="appactionid.uniquename=new__Mscrm.Form.%7B!EntityLogicalName%7D.NewRecord!new_RAAPP!new_referential!0,appactionruleid.uniquename=msdyn_Mscrm.HideInLegacyRibbon!1" id.appactionid.uniquename="new__Mscrm.Form.{!EntityLogicalName}.NewRecord!new_RAAPP!new_referential!0" id.appactionruleid.uniquename="msdyn_Mscrm.HideInLegacyRibbon!1" />
      </MissingDependency>
      <MissingDependency>
        <Required type="appactionrule" displayName="msdyn_Mscrm.HideInLegacyRibbon!1" solution="msdyn_SystemAppActions (9.1.0.57)" id.uniquename="msdyn_Mscrm.HideInLegacyRibbon!1">
          <package appName="PowerAppsActions Package" version="9.1.0.57">PowerAppsActions_Anchor (9.1.0.57)</package>
        </Required>
        <Dependent type="appaction_appactionrule_classicrules" displayName="appactionid.uniquename=new__Mscrm.Form.%7B!EntityLogicalName%7D.NewRecord!new_RAAPP!new_resourcetracker!0,appactionruleid.uniquename=msdyn_Mscrm.HideInLegacyRibbon!1" id.appactionid.uniquename="new__Mscrm.Form.{!EntityLogicalName}.NewRecord!new_RAAPP!new_resourcetracker!0" id.appactionruleid.uniquename="msdyn_Mscrm.HideInLegacyRibbon!1" />
      </MissingDependency>
      <MissingDependency>
        <Required type="appactionrule" displayName="msdyn_Mscrm.HideNewForChildEntities!1" solution="msdyn_SystemAppActions (9.1.0.57)" id.uniquename="msdyn_Mscrm.HideNewForChildEntities!1">
          <package appName="PowerAppsActions Package" version="9.1.0.57">PowerAppsActions_Anchor (9.1.0.57)</package>
        </Required>
        <Dependent type="appaction_appactionrule_classicrules" displayName="appactionid.uniquename=new__Mscrm.HomepageGrid.%7B!EntityLogicalName%7D.NewRecord!new_RAAPP!new_referential!1,appactionruleid.uniquename=msdyn_Mscrm.HideNewForChildEntities!1" id.appactionid.uniquename="new__Mscrm.HomepageGrid.{!EntityLogicalName}.NewRecord!new_RAAPP!new_referential!1" id.appactionruleid.uniquename="msdyn_Mscrm.HideNewForChildEntities!1" />
      </MissingDependency>
      <MissingDependency>
        <Required type="appactionrule" displayName="msdyn_Mscrm.HideNewForChildEntities!1" solution="msdyn_SystemAppActions (9.1.0.57)" id.uniquename="msdyn_Mscrm.HideNewForChildEntities!1">
          <package appName="PowerAppsActions Package" version="9.1.0.57">PowerAppsActions_Anchor (9.1.0.57)</package>
        </Required>
        <Dependent type="appaction_appactionrule_classicrules" displayName="appactionid.uniquename=new__Mscrm.HomepageGrid.%7B!EntityLogicalName%7D.NewRecord!new_RAAPP!new_resourcetracker!1,appactionruleid.uniquename=msdyn_Mscrm.HideNewForChildEntities!1" id.appactionid.uniquename="new__Mscrm.HomepageGrid.{!EntityLogicalName}.NewRecord!new_RAAPP!new_resourcetracker!1" id.appactionruleid.uniquename="msdyn_Mscrm.HideNewForChildEntities!1" />
      </MissingDependency>
      <MissingDependency>
        <Required type="appactionrule" displayName="msdyn_Mscrm.IsAutoSaveDisable!0" solution="msdyn_SystemAppActions (9.1.0.57)" id.uniquename="msdyn_Mscrm.IsAutoSaveDisable!0">
          <package appName="PowerAppsActions Package" version="9.1.0.57">PowerAppsActions_Anchor (9.1.0.57)</package>
        </Required>
        <Dependent type="appaction_appactionrule_classicrules" displayName="appactionid.uniquename=new__Mscrm.Form.%7B!EntityLogicalName%7D.Save!new_RAAPP!new_referential!0,appactionruleid.uniquename=msdyn_Mscrm.IsAutoSaveDisable!0" id.appactionid.uniquename="new__Mscrm.Form.{!EntityLogicalName}.Save!new_RAAPP!new_referential!0" id.appactionruleid.uniquename="msdyn_Mscrm.IsAutoSaveDisable!0" />
      </MissingDependency>
      <MissingDependency>
        <Required type="appactionrule" displayName="msdyn_Mscrm.IsAutoSaveDisable!0" solution="msdyn_SystemAppActions (9.1.0.57)" id.uniquename="msdyn_Mscrm.IsAutoSaveDisable!0">
          <package appName="PowerAppsActions Package" version="9.1.0.57">PowerAppsActions_Anchor (9.1.0.57)</package>
        </Required>
        <Dependent type="appaction_appactionrule_classicrules" displayName="appactionid.uniquename=new__Mscrm.Form.%7B!EntityLogicalName%7D.Save!new_RAAPP!new_resourcetracker!0,appactionruleid.uniquename=msdyn_Mscrm.IsAutoSaveDisable!0" id.appactionid.uniquename="new__Mscrm.Form.{!EntityLogicalName}.Save!new_RAAPP!new_resourcetracker!0" id.appactionruleid.uniquename="msdyn_Mscrm.IsAutoSaveDisable!0" />
      </MissingDependency>
      <MissingDependency>
        <Required type="appactionrule" displayName="msdyn_Mscrm.IsBPFEntityCustomizationFeatureEnabled!1" solution="msdyn_SystemAppActions (9.1.0.57)" id.uniquename="msdyn_Mscrm.IsBPFEntityCustomizationFeatureEnabled!1">
          <package appName="PowerAppsActions Package" version="9.1.0.57">PowerAppsActions_Anchor (9.1.0.57)</package>
        </Required>
        <Dependent type="appaction_appactionrule_classicrules" displayName="appactionid.uniquename=new__Mscrm.Form.%7B!EntityLogicalName%7D.NewRecordForBPFEntity!new_RAAPP!new_referential!0,appactionruleid.uniquename=msdyn_Mscrm.IsBPFEntityCustomizationFeatureEnabled!1" id.appactionid.uniquename="new__Mscrm.Form.{!EntityLogicalName}.NewRecordForBPFEntity!new_RAAPP!new_referential!0" id.appactionruleid.uniquename="msdyn_Mscrm.IsBPFEntityCustomizationFeatureEnabled!1" />
      </MissingDependency>
      <MissingDependency>
        <Required type="appactionrule" displayName="msdyn_Mscrm.IsBPFEntityCustomizationFeatureEnabled!1" solution="msdyn_SystemAppActions (9.1.0.57)" id.uniquename="msdyn_Mscrm.IsBPFEntityCustomizationFeatureEnabled!1">
          <package appName="PowerAppsActions Package" version="9.1.0.57">PowerAppsActions_Anchor (9.1.0.57)</package>
        </Required>
        <Dependent type="appaction_appactionrule_classicrules" displayName="appactionid.uniquename=new__Mscrm.Form.%7B!EntityLogicalName%7D.NewRecordForBPFEntity!new_RAAPP!new_resourcetracker!0,appactionruleid.uniquename=msdyn_Mscrm.IsBPFEntityCustomizationFeatureEnabled!1" id.appactionid.uniquename="new__Mscrm.Form.{!EntityLogicalName}.NewRecordForBPFEntity!new_RAAPP!new_resourcetracker!0" id.appactionruleid.uniquename="msdyn_Mscrm.IsBPFEntityCustomizationFeatureEnabled!1" />
      </MissingDependency>
      <MissingDependency>
        <Required type="appactionrule" displayName="msdyn_Mscrm.IsBPFEntityCustomizationFeatureEnabled!1" solution="msdyn_SystemAppActions (9.1.0.57)" id.uniquename="msdyn_Mscrm.IsBPFEntityCustomizationFeatureEnabled!1">
          <package appName="PowerAppsActions Package" version="9.1.0.57">PowerAppsActions_Anchor (9.1.0.57)</package>
        </Required>
        <Dependent type="appaction_appactionrule_classicrules" displayName="appactionid.uniquename=new__Mscrm.HomepageGrid.%7B!EntityLogicalName%7D.NewRecordForBPFEntity!new_RAAPP!new_referential!1,appactionruleid.uniquename=msdyn_Mscrm.IsBPFEntityCustomizationFeatureEnabled!1" id.appactionid.uniquename="new__Mscrm.HomepageGrid.{!EntityLogicalName}.NewRecordForBPFEntity!new_RAAPP!new_referential!1" id.appactionruleid.uniquename="msdyn_Mscrm.IsBPFEntityCustomizationFeatureEnabled!1" />
      </MissingDependency>
      <MissingDependency>
        <Required type="appactionrule" displayName="msdyn_Mscrm.IsBPFEntityCustomizationFeatureEnabled!1" solution="msdyn_SystemAppActions (9.1.0.57)" id.uniquename="msdyn_Mscrm.IsBPFEntityCustomizationFeatureEnabled!1">
          <package appName="PowerAppsActions Package" version="9.1.0.57">PowerAppsActions_Anchor (9.1.0.57)</package>
        </Required>
        <Dependent type="appaction_appactionrule_classicrules" displayName="appactionid.uniquename=new__Mscrm.HomepageGrid.%7B!EntityLogicalName%7D.NewRecordForBPFEntity!new_RAAPP!new_resourcetracker!1,appactionruleid.uniquename=msdyn_Mscrm.IsBPFEntityCustomizationFeatureEnabled!1" id.appactionid.uniquename="new__Mscrm.HomepageGrid.{!EntityLogicalName}.NewRecordForBPFEntity!new_RAAPP!new_resourcetracker!1" id.appactionruleid.uniquename="msdyn_Mscrm.IsBPFEntityCustomizationFeatureEnabled!1" />
      </MissingDependency>
      <MissingDependency>
        <Required type="appactionrule" displayName="msdyn_Mscrm.IsEntityAvailableForUserInMocaOffline!0" solution="msdyn_SystemAppActions (9.1.0.57)" id.uniquename="msdyn_Mscrm.IsEntityAvailableForUserInMocaOffline!0">
          <package appName="PowerAppsActions Package" version="9.1.0.57">PowerAppsActions_Anchor (9.1.0.57)</package>
        </Required>
        <Dependent type="appaction_appactionrule_classicrules" displayName="appactionid.uniquename=new__Mscrm.Form.%7B!EntityLogicalName%7D.NewRecord!new_RAAPP!new_referential!0,appactionruleid.uniquename=msdyn_Mscrm.IsEntityAvailableForUserInMocaOffline!0" id.appactionid.uniquename="new__Mscrm.Form.{!EntityLogicalName}.NewRecord!new_RAAPP!new_referential!0" id.appactionruleid.uniquename="msdyn_Mscrm.IsEntityAvailableForUserInMocaOffline!0" />
      </MissingDependency>
      <MissingDependency>
        <Required type="appactionrule" displayName="msdyn_Mscrm.IsEntityAvailableForUserInMocaOffline!0" solution="msdyn_SystemAppActions (9.1.0.57)" id.uniquename="msdyn_Mscrm.IsEntityAvailableForUserInMocaOffline!0">
          <package appName="PowerAppsActions Package" version="9.1.0.57">PowerAppsActions_Anchor (9.1.0.57)</package>
        </Required>
        <Dependent type="appaction_appactionrule_classicrules" displayName="appactionid.uniquename=new__Mscrm.Form.%7B!EntityLogicalName%7D.NewRecord!new_RAAPP!new_resourcetracker!0,appactionruleid.uniquename=msdyn_Mscrm.IsEntityAvailableForUserInMocaOffline!0" id.appactionid.uniquename="new__Mscrm.Form.{!EntityLogicalName}.NewRecord!new_RAAPP!new_resourcetracker!0" id.appactionruleid.uniquename="msdyn_Mscrm.IsEntityAvailableForUserInMocaOffline!0" />
      </MissingDependency>
      <MissingDependency>
        <Required type="appactionrule" displayName="msdyn_Mscrm.IsEntityAvailableForUserInMocaOffline!0" solution="msdyn_SystemAppActions (9.1.0.57)" id.uniquename="msdyn_Mscrm.IsEntityAvailableForUserInMocaOffline!0">
          <package appName="PowerAppsActions Package" version="9.1.0.57">PowerAppsActions_Anchor (9.1.0.57)</package>
        </Required>
        <Dependent type="appaction_appactionrule_classicrules" displayName="appactionid.uniquename=new__Mscrm.Form.%7B!EntityLogicalName%7D.NewRecordForBPFEntity!new_RAAPP!new_referential!0,appactionruleid.uniquename=msdyn_Mscrm.IsEntityAvailableForUserInMocaOffline!0" id.appactionid.uniquename="new__Mscrm.Form.{!EntityLogicalName}.NewRecordForBPFEntity!new_RAAPP!new_referential!0" id.appactionruleid.uniquename="msdyn_Mscrm.IsEntityAvailableForUserInMocaOffline!0" />
      </MissingDependency>
      <MissingDependency>
        <Required type="appactionrule" displayName="msdyn_Mscrm.IsEntityAvailableForUserInMocaOffline!0" solution="msdyn_SystemAppActions (9.1.0.57)" id.uniquename="msdyn_Mscrm.IsEntityAvailableForUserInMocaOffline!0">
          <package appName="PowerAppsActions Package" version="9.1.0.57">PowerAppsActions_Anchor (9.1.0.57)</package>
        </Required>
        <Dependent type="appaction_appactionrule_classicrules" displayName="appactionid.uniquename=new__Mscrm.Form.%7B!EntityLogicalName%7D.NewRecordForBPFEntity!new_RAAPP!new_resourcetracker!0,appactionruleid.uniquename=msdyn_Mscrm.IsEntityAvailableForUserInMocaOffline!0" id.appactionid.uniquename="new__Mscrm.Form.{!EntityLogicalName}.NewRecordForBPFEntity!new_RAAPP!new_resourcetracker!0" id.appactionruleid.uniquename="msdyn_Mscrm.IsEntityAvailableForUserInMocaOffline!0" />
      </MissingDependency>
      <MissingDependency>
        <Required type="appactionrule" displayName="msdyn_Mscrm.IsEntityAvailableForUserInMocaOffline!0" solution="msdyn_SystemAppActions (9.1.0.57)" id.uniquename="msdyn_Mscrm.IsEntityAvailableForUserInMocaOffline!0">
          <package appName="PowerAppsActions Package" version="9.1.0.57">PowerAppsActions_Anchor (9.1.0.57)</package>
        </Required>
        <Dependent type="appaction_appactionrule_classicrules" displayName="appactionid.uniquename=new__Mscrm.Form.%7B!EntityLogicalName%7D.Save!new_RAAPP!new_referential!0,appactionruleid.uniquename=msdyn_Mscrm.IsEntityAvailableForUserInMocaOffline!0" id.appactionid.uniquename="new__Mscrm.Form.{!EntityLogicalName}.Save!new_RAAPP!new_referential!0" id.appactionruleid.uniquename="msdyn_Mscrm.IsEntityAvailableForUserInMocaOffline!0" />
      </MissingDependency>
      <MissingDependency>
        <Required type="appactionrule" displayName="msdyn_Mscrm.IsEntityAvailableForUserInMocaOffline!0" solution="msdyn_SystemAppActions (9.1.0.57)" id.uniquename="msdyn_Mscrm.IsEntityAvailableForUserInMocaOffline!0">
          <package appName="PowerAppsActions Package" version="9.1.0.57">PowerAppsActions_Anchor (9.1.0.57)</package>
        </Required>
        <Dependent type="appaction_appactionrule_classicrules" displayName="appactionid.uniquename=new__Mscrm.Form.%7B!EntityLogicalName%7D.Save!new_RAAPP!new_resourcetracker!0,appactionruleid.uniquename=msdyn_Mscrm.IsEntityAvailableForUserInMocaOffline!0" id.appactionid.uniquename="new__Mscrm.Form.{!EntityLogicalName}.Save!new_RAAPP!new_resourcetracker!0" id.appactionruleid.uniquename="msdyn_Mscrm.IsEntityAvailableForUserInMocaOffline!0" />
      </MissingDependency>
      <MissingDependency>
        <Required type="appactionrule" displayName="msdyn_Mscrm.IsEntityAvailableForUserInMocaOffline!0" solution="msdyn_SystemAppActions (9.1.0.57)" id.uniquename="msdyn_Mscrm.IsEntityAvailableForUserInMocaOffline!0">
          <package appName="PowerAppsActions Package" version="9.1.0.57">PowerAppsActions_Anchor (9.1.0.57)</package>
        </Required>
        <Dependent type="appaction_appactionrule_classicrules" displayName="appactionid.uniquename=new__Mscrm.HomepageGrid.%7B!EntityLogicalName%7D.NewRecord!new_RAAPP!new_referential!1,appactionruleid.uniquename=msdyn_Mscrm.IsEntityAvailableForUserInMocaOffline!0" id.appactionid.uniquename="new__Mscrm.HomepageGrid.{!EntityLogicalName}.NewRecord!new_RAAPP!new_referential!1" id.appactionruleid.uniquename="msdyn_Mscrm.IsEntityAvailableForUserInMocaOffline!0" />
      </MissingDependency>
      <MissingDependency>
        <Required type="appactionrule" displayName="msdyn_Mscrm.IsEntityAvailableForUserInMocaOffline!0" solution="msdyn_SystemAppActions (9.1.0.57)" id.uniquename="msdyn_Mscrm.IsEntityAvailableForUserInMocaOffline!0">
          <package appName="PowerAppsActions Package" version="9.1.0.57">PowerAppsActions_Anchor (9.1.0.57)</package>
        </Required>
        <Dependent type="appaction_appactionrule_classicrules" displayName="appactionid.uniquename=new__Mscrm.HomepageGrid.%7B!EntityLogicalName%7D.NewRecord!new_RAAPP!new_resourcetracker!1,appactionruleid.uniquename=msdyn_Mscrm.IsEntityAvailableForUserInMocaOffline!0" id.appactionid.uniquename="new__Mscrm.HomepageGrid.{!EntityLogicalName}.NewRecord!new_RAAPP!new_resourcetracker!1" id.appactionruleid.uniquename="msdyn_Mscrm.IsEntityAvailableForUserInMocaOffline!0" />
      </MissingDependency>
      <MissingDependency>
        <Required type="appactionrule" displayName="msdyn_Mscrm.IsEntityAvailableForUserInMocaOffline!0" solution="msdyn_SystemAppActions (9.1.0.57)" id.uniquename="msdyn_Mscrm.IsEntityAvailableForUserInMocaOffline!0">
          <package appName="PowerAppsActions Package" version="9.1.0.57">PowerAppsActions_Anchor (9.1.0.57)</package>
        </Required>
        <Dependent type="appaction_appactionrule_classicrules" displayName="appactionid.uniquename=new__Mscrm.HomepageGrid.%7B!EntityLogicalName%7D.NewRecordForBPFEntity!new_RAAPP!new_referential!1,appactionruleid.uniquename=msdyn_Mscrm.IsEntityAvailableForUserInMocaOffline!0" id.appactionid.uniquename="new__Mscrm.HomepageGrid.{!EntityLogicalName}.NewRecordForBPFEntity!new_RAAPP!new_referential!1" id.appactionruleid.uniquename="msdyn_Mscrm.IsEntityAvailableForUserInMocaOffline!0" />
      </MissingDependency>
      <MissingDependency>
        <Required type="appactionrule" displayName="msdyn_Mscrm.IsEntityAvailableForUserInMocaOffline!0" solution="msdyn_SystemAppActions (9.1.0.57)" id.uniquename="msdyn_Mscrm.IsEntityAvailableForUserInMocaOffline!0">
          <package appName="PowerAppsActions Package" version="9.1.0.57">PowerAppsActions_Anchor (9.1.0.57)</package>
        </Required>
        <Dependent type="appaction_appactionrule_classicrules" displayName="appactionid.uniquename=new__Mscrm.HomepageGrid.%7B!EntityLogicalName%7D.NewRecordForBPFEntity!new_RAAPP!new_resourcetracker!1,appactionruleid.uniquename=msdyn_Mscrm.IsEntityAvailableForUserInMocaOffline!0" id.appactionid.uniquename="new__Mscrm.HomepageGrid.{!EntityLogicalName}.NewRecordForBPFEntity!new_RAAPP!new_resourcetracker!1" id.appactionruleid.uniquename="msdyn_Mscrm.IsEntityAvailableForUserInMocaOffline!0" />
      </MissingDependency>
      <MissingDependency>
        <Required type="appactionrule" displayName="msdyn_Mscrm.IsNotActivityPointer!1" solution="msdyn_SystemAppActions (9.1.0.57)" id.uniquename="msdyn_Mscrm.IsNotActivityPointer!1">
          <package appName="PowerAppsActions Package" version="9.1.0.57">PowerAppsActions_Anchor (9.1.0.57)</package>
        </Required>
        <Dependent type="appaction_appactionrule_classicrules" displayName="appactionid.uniquename=new__Mscrm.HomepageGrid.%7B!EntityLogicalName%7D.NewRecord!new_RAAPP!new_referential!1,appactionruleid.uniquename=msdyn_Mscrm.IsNotActivityPointer!1" id.appactionid.uniquename="new__Mscrm.HomepageGrid.{!EntityLogicalName}.NewRecord!new_RAAPP!new_referential!1" id.appactionruleid.uniquename="msdyn_Mscrm.IsNotActivityPointer!1" />
      </MissingDependency>
      <MissingDependency>
        <Required type="appactionrule" displayName="msdyn_Mscrm.IsNotActivityPointer!1" solution="msdyn_SystemAppActions (9.1.0.57)" id.uniquename="msdyn_Mscrm.IsNotActivityPointer!1">
          <package appName="PowerAppsActions Package" version="9.1.0.57">PowerAppsActions_Anchor (9.1.0.57)</package>
        </Required>
        <Dependent type="appaction_appactionrule_classicrules" displayName="appactionid.uniquename=new__Mscrm.HomepageGrid.%7B!EntityLogicalName%7D.NewRecord!new_RAAPP!new_resourcetracker!1,appactionruleid.uniquename=msdyn_Mscrm.IsNotActivityPointer!1" id.appactionid.uniquename="new__Mscrm.HomepageGrid.{!EntityLogicalName}.NewRecord!new_RAAPP!new_resourcetracker!1" id.appactionruleid.uniquename="msdyn_Mscrm.IsNotActivityPointer!1" />
      </MissingDependency>
      <MissingDependency>
        <Required type="appactionrule" displayName="msdyn_Mscrm.IsPUV2EntityCustomizationEnabled!1" solution="msdyn_SystemAppActions (9.1.0.57)" id.uniquename="msdyn_Mscrm.IsPUV2EntityCustomizationEnabled!1">
          <package appName="PowerAppsActions Package" version="9.1.0.57">PowerAppsActions_Anchor (9.1.0.57)</package>
        </Required>
        <Dependent type="appaction_appactionrule_classicrules" displayName="appactionid.uniquename=new__Mscrm.Form.%7B!EntityLogicalName%7D.NewRecordForBPFEntity!new_RAAPP!new_referential!0,appactionruleid.uniquename=msdyn_Mscrm.IsPUV2EntityCustomizationEnabled!1" id.appactionid.uniquename="new__Mscrm.Form.{!EntityLogicalName}.NewRecordForBPFEntity!new_RAAPP!new_referential!0" id.appactionruleid.uniquename="msdyn_Mscrm.IsPUV2EntityCustomizationEnabled!1" />
      </MissingDependency>
      <MissingDependency>
        <Required type="appactionrule" displayName="msdyn_Mscrm.IsPUV2EntityCustomizationEnabled!1" solution="msdyn_SystemAppActions (9.1.0.57)" id.uniquename="msdyn_Mscrm.IsPUV2EntityCustomizationEnabled!1">
          <package appName="PowerAppsActions Package" version="9.1.0.57">PowerAppsActions_Anchor (9.1.0.57)</package>
        </Required>
        <Dependent type="appaction_appactionrule_classicrules" displayName="appactionid.uniquename=new__Mscrm.Form.%7B!EntityLogicalName%7D.NewRecordForBPFEntity!new_RAAPP!new_resourcetracker!0,appactionruleid.uniquename=msdyn_Mscrm.IsPUV2EntityCustomizationEnabled!1" id.appactionid.uniquename="new__Mscrm.Form.{!EntityLogicalName}.NewRecordForBPFEntity!new_RAAPP!new_resourcetracker!0" id.appactionruleid.uniquename="msdyn_Mscrm.IsPUV2EntityCustomizationEnabled!1" />
      </MissingDependency>
      <MissingDependency>
        <Required type="appactionrule" displayName="msdyn_Mscrm.IsPUV2EntityCustomizationEnabled!1" solution="msdyn_SystemAppActions (9.1.0.57)" id.uniquename="msdyn_Mscrm.IsPUV2EntityCustomizationEnabled!1">
          <package appName="PowerAppsActions Package" version="9.1.0.57">PowerAppsActions_Anchor (9.1.0.57)</package>
        </Required>
        <Dependent type="appaction_appactionrule_classicrules" displayName="appactionid.uniquename=new__Mscrm.HomepageGrid.%7B!EntityLogicalName%7D.NewRecordForBPFEntity!new_RAAPP!new_referential!1,appactionruleid.uniquename=msdyn_Mscrm.IsPUV2EntityCustomizationEnabled!1" id.appactionid.uniquename="new__Mscrm.HomepageGrid.{!EntityLogicalName}.NewRecordForBPFEntity!new_RAAPP!new_referential!1" id.appactionruleid.uniquename="msdyn_Mscrm.IsPUV2EntityCustomizationEnabled!1" />
      </MissingDependency>
      <MissingDependency>
        <Required type="appactionrule" displayName="msdyn_Mscrm.IsPUV2EntityCustomizationEnabled!1" solution="msdyn_SystemAppActions (9.1.0.57)" id.uniquename="msdyn_Mscrm.IsPUV2EntityCustomizationEnabled!1">
          <package appName="PowerAppsActions Package" version="9.1.0.57">PowerAppsActions_Anchor (9.1.0.57)</package>
        </Required>
        <Dependent type="appaction_appactionrule_classicrules" displayName="appactionid.uniquename=new__Mscrm.HomepageGrid.%7B!EntityLogicalName%7D.NewRecordForBPFEntity!new_RAAPP!new_resourcetracker!1,appactionruleid.uniquename=msdyn_Mscrm.IsPUV2EntityCustomizationEnabled!1" id.appactionid.uniquename="new__Mscrm.HomepageGrid.{!EntityLogicalName}.NewRecordForBPFEntity!new_RAAPP!new_resourcetracker!1" id.appactionruleid.uniquename="msdyn_Mscrm.IsPUV2EntityCustomizationEnabled!1" />
      </MissingDependency>
      <MissingDependency>
        <Required type="appactionrule" displayName="msdyn_Mscrm.IsValidForHierarchyPageInUC!0" solution="msdyn_SystemAppActions (9.1.0.57)" id.uniquename="msdyn_Mscrm.IsValidForHierarchyPageInUC!0">
          <package appName="PowerAppsActions Package" version="9.1.0.57">PowerAppsActions_Anchor (9.1.0.57)</package>
        </Required>
        <Dependent type="appaction_appactionrule_classicrules" displayName="appactionid.uniquename=new__Mscrm.HomepageGrid.%7B!EntityLogicalName%7D.NewRecord!new_RAAPP!new_referential!1,appactionruleid.uniquename=msdyn_Mscrm.IsValidForHierarchyPageInUC!0" id.appactionid.uniquename="new__Mscrm.HomepageGrid.{!EntityLogicalName}.NewRecord!new_RAAPP!new_referential!1" id.appactionruleid.uniquename="msdyn_Mscrm.IsValidForHierarchyPageInUC!0" />
      </MissingDependency>
      <MissingDependency>
        <Required type="appactionrule" displayName="msdyn_Mscrm.IsValidForHierarchyPageInUC!0" solution="msdyn_SystemAppActions (9.1.0.57)" id.uniquename="msdyn_Mscrm.IsValidForHierarchyPageInUC!0">
          <package appName="PowerAppsActions Package" version="9.1.0.57">PowerAppsActions_Anchor (9.1.0.57)</package>
        </Required>
        <Dependent type="appaction_appactionrule_classicrules" displayName="appactionid.uniquename=new__Mscrm.HomepageGrid.%7B!EntityLogicalName%7D.NewRecord!new_RAAPP!new_resourcetracker!1,appactionruleid.uniquename=msdyn_Mscrm.IsValidForHierarchyPageInUC!0" id.appactionid.uniquename="new__Mscrm.HomepageGrid.{!EntityLogicalName}.NewRecord!new_RAAPP!new_resourcetracker!1" id.appactionruleid.uniquename="msdyn_Mscrm.IsValidForHierarchyPageInUC!0" />
      </MissingDependency>
      <MissingDependency>
        <Required type="appactionrule" displayName="msdyn_Mscrm.IsValidForHierarchyPageInUC!0" solution="msdyn_SystemAppActions (9.1.0.57)" id.uniquename="msdyn_Mscrm.IsValidForHierarchyPageInUC!0">
          <package appName="PowerAppsActions Package" version="9.1.0.57">PowerAppsActions_Anchor (9.1.0.57)</package>
        </Required>
        <Dependent type="appaction_appactionrule_classicrules" displayName="appactionid.uniquename=new__Mscrm.HomepageGrid.%7B!EntityLogicalName%7D.NewRecordForBPFEntity!new_RAAPP!new_referential!1,appactionruleid.uniquename=msdyn_Mscrm.IsValidForHierarchyPageInUC!0" id.appactionid.uniquename="new__Mscrm.HomepageGrid.{!EntityLogicalName}.NewRecordForBPFEntity!new_RAAPP!new_referential!1" id.appactionruleid.uniquename="msdyn_Mscrm.IsValidForHierarchyPageInUC!0" />
      </MissingDependency>
      <MissingDependency>
        <Required type="appactionrule" displayName="msdyn_Mscrm.IsValidForHierarchyPageInUC!0" solution="msdyn_SystemAppActions (9.1.0.57)" id.uniquename="msdyn_Mscrm.IsValidForHierarchyPageInUC!0">
          <package appName="PowerAppsActions Package" version="9.1.0.57">PowerAppsActions_Anchor (9.1.0.57)</package>
        </Required>
        <Dependent type="appaction_appactionrule_classicrules" displayName="appactionid.uniquename=new__Mscrm.HomepageGrid.%7B!EntityLogicalName%7D.NewRecordForBPFEntity!new_RAAPP!new_resourcetracker!1,appactionruleid.uniquename=msdyn_Mscrm.IsValidForHierarchyPageInUC!0" id.appactionid.uniquename="new__Mscrm.HomepageGrid.{!EntityLogicalName}.NewRecordForBPFEntity!new_RAAPP!new_resourcetracker!1" id.appactionruleid.uniquename="msdyn_Mscrm.IsValidForHierarchyPageInUC!0" />
      </MissingDependency>
      <MissingDependency>
        <Required type="appactionrule" displayName="msdyn_Mscrm.IsValidForHierarchyView!0" solution="msdyn_SystemAppActions (9.1.0.57)" id.uniquename="msdyn_Mscrm.IsValidForHierarchyView!0">
          <package appName="PowerAppsActions Package" version="9.1.0.57">PowerAppsActions_Anchor (9.1.0.57)</package>
        </Required>
        <Dependent type="appaction_appactionrule_classicrules" displayName="appactionid.uniquename=new__Mscrm.HomepageGrid.%7B!EntityLogicalName%7D.NewRecord!new_RAAPP!new_referential!1,appactionruleid.uniquename=msdyn_Mscrm.IsValidForHierarchyView!0" id.appactionid.uniquename="new__Mscrm.HomepageGrid.{!EntityLogicalName}.NewRecord!new_RAAPP!new_referential!1" id.appactionruleid.uniquename="msdyn_Mscrm.IsValidForHierarchyView!0" />
      </MissingDependency>
      <MissingDependency>
        <Required type="appactionrule" displayName="msdyn_Mscrm.IsValidForHierarchyView!0" solution="msdyn_SystemAppActions (9.1.0.57)" id.uniquename="msdyn_Mscrm.IsValidForHierarchyView!0">
          <package appName="PowerAppsActions Package" version="9.1.0.57">PowerAppsActions_Anchor (9.1.0.57)</package>
        </Required>
        <Dependent type="appaction_appactionrule_classicrules" displayName="appactionid.uniquename=new__Mscrm.HomepageGrid.%7B!EntityLogicalName%7D.NewRecord!new_RAAPP!new_resourcetracker!1,appactionruleid.uniquename=msdyn_Mscrm.IsValidForHierarchyView!0" id.appactionid.uniquename="new__Mscrm.HomepageGrid.{!EntityLogicalName}.NewRecord!new_RAAPP!new_resourcetracker!1" id.appactionruleid.uniquename="msdyn_Mscrm.IsValidForHierarchyView!0" />
      </MissingDependency>
      <MissingDependency>
        <Required type="appactionrule" displayName="msdyn_Mscrm.IsValidForHierarchyView!0" solution="msdyn_SystemAppActions (9.1.0.57)" id.uniquename="msdyn_Mscrm.IsValidForHierarchyView!0">
          <package appName="PowerAppsActions Package" version="9.1.0.57">PowerAppsActions_Anchor (9.1.0.57)</package>
        </Required>
        <Dependent type="appaction_appactionrule_classicrules" displayName="appactionid.uniquename=new__Mscrm.HomepageGrid.%7B!EntityLogicalName%7D.NewRecordForBPFEntity!new_RAAPP!new_referential!1,appactionruleid.uniquename=msdyn_Mscrm.IsValidForHierarchyView!0" id.appactionid.uniquename="new__Mscrm.HomepageGrid.{!EntityLogicalName}.NewRecordForBPFEntity!new_RAAPP!new_referential!1" id.appactionruleid.uniquename="msdyn_Mscrm.IsValidForHierarchyView!0" />
      </MissingDependency>
      <MissingDependency>
        <Required type="appactionrule" displayName="msdyn_Mscrm.IsValidForHierarchyView!0" solution="msdyn_SystemAppActions (9.1.0.57)" id.uniquename="msdyn_Mscrm.IsValidForHierarchyView!0">
          <package appName="PowerAppsActions Package" version="9.1.0.57">PowerAppsActions_Anchor (9.1.0.57)</package>
        </Required>
        <Dependent type="appaction_appactionrule_classicrules" displayName="appactionid.uniquename=new__Mscrm.HomepageGrid.%7B!EntityLogicalName%7D.NewRecordForBPFEntity!new_RAAPP!new_resourcetracker!1,appactionruleid.uniquename=msdyn_Mscrm.IsValidForHierarchyView!0" id.appactionid.uniquename="new__Mscrm.HomepageGrid.{!EntityLogicalName}.NewRecordForBPFEntity!new_RAAPP!new_resourcetracker!1" id.appactionruleid.uniquename="msdyn_Mscrm.IsValidForHierarchyView!0" />
      </MissingDependency>
      <MissingDependency>
        <Required type="appactionrule" displayName="msdyn_Mscrm.OutlookRenderTypeWeb!1" solution="msdyn_SystemAppActions (9.1.0.57)" id.uniquename="msdyn_Mscrm.OutlookRenderTypeWeb!1">
          <package appName="PowerAppsActions Package" version="9.1.0.57">PowerAppsActions_Anchor (9.1.0.57)</package>
        </Required>
        <Dependent type="appaction_appactionrule_classicrules" displayName="appactionid.uniquename=new__Mscrm.Form.%7B!EntityLogicalName%7D.NewRecord!new_RAAPP!new_referential!0,appactionruleid.uniquename=msdyn_Mscrm.OutlookRenderTypeWeb!1" id.appactionid.uniquename="new__Mscrm.Form.{!EntityLogicalName}.NewRecord!new_RAAPP!new_referential!0" id.appactionruleid.uniquename="msdyn_Mscrm.OutlookRenderTypeWeb!1" />
      </MissingDependency>
      <MissingDependency>
        <Required type="appactionrule" displayName="msdyn_Mscrm.OutlookRenderTypeWeb!1" solution="msdyn_SystemAppActions (9.1.0.57)" id.uniquename="msdyn_Mscrm.OutlookRenderTypeWeb!1">
          <package appName="PowerAppsActions Package" version="9.1.0.57">PowerAppsActions_Anchor (9.1.0.57)</package>
        </Required>
        <Dependent type="appaction_appactionrule_classicrules" displayName="appactionid.uniquename=new__Mscrm.Form.%7B!EntityLogicalName%7D.NewRecord!new_RAAPP!new_resourcetracker!0,appactionruleid.uniquename=msdyn_Mscrm.OutlookRenderTypeWeb!1" id.appactionid.uniquename="new__Mscrm.Form.{!EntityLogicalName}.NewRecord!new_RAAPP!new_resourcetracker!0" id.appactionruleid.uniquename="msdyn_Mscrm.OutlookRenderTypeWeb!1" />
      </MissingDependency>
      <MissingDependency>
        <Required type="appactionrule" displayName="msdyn_Mscrm.OutlookRenderTypeWeb!1" solution="msdyn_SystemAppActions (9.1.0.57)" id.uniquename="msdyn_Mscrm.OutlookRenderTypeWeb!1">
          <package appName="PowerAppsActions Package" version="9.1.0.57">PowerAppsActions_Anchor (9.1.0.57)</package>
        </Required>
        <Dependent type="appaction_appactionrule_classicrules" displayName="appactionid.uniquename=new__Mscrm.Form.%7B!EntityLogicalName%7D.NewRecordForBPFEntity!new_RAAPP!new_referential!0,appactionruleid.uniquename=msdyn_Mscrm.OutlookRenderTypeWeb!1" id.appactionid.uniquename="new__Mscrm.Form.{!EntityLogicalName}.NewRecordForBPFEntity!new_RAAPP!new_referential!0" id.appactionruleid.uniquename="msdyn_Mscrm.OutlookRenderTypeWeb!1" />
      </MissingDependency>
      <MissingDependency>
        <Required type="appactionrule" displayName="msdyn_Mscrm.OutlookRenderTypeWeb!1" solution="msdyn_SystemAppActions (9.1.0.57)" id.uniquename="msdyn_Mscrm.OutlookRenderTypeWeb!1">
          <package appName="PowerAppsActions Package" version="9.1.0.57">PowerAppsActions_Anchor (9.1.0.57)</package>
        </Required>
        <Dependent type="appaction_appactionrule_classicrules" displayName="appactionid.uniquename=new__Mscrm.Form.%7B!EntityLogicalName%7D.NewRecordForBPFEntity!new_RAAPP!new_resourcetracker!0,appactionruleid.uniquename=msdyn_Mscrm.OutlookRenderTypeWeb!1" id.appactionid.uniquename="new__Mscrm.Form.{!EntityLogicalName}.NewRecordForBPFEntity!new_RAAPP!new_resourcetracker!0" id.appactionruleid.uniquename="msdyn_Mscrm.OutlookRenderTypeWeb!1" />
      </MissingDependency>
      <MissingDependency>
        <Required type="appactionrule" displayName="msdyn_Mscrm.OutlookRenderTypeWeb!1" solution="msdyn_SystemAppActions (9.1.0.57)" id.uniquename="msdyn_Mscrm.OutlookRenderTypeWeb!1">
          <package appName="PowerAppsActions Package" version="9.1.0.57">PowerAppsActions_Anchor (9.1.0.57)</package>
        </Required>
        <Dependent type="appaction_appactionrule_classicrules" displayName="appactionid.uniquename=new__Mscrm.Form.%7B!EntityLogicalName%7D.Save!new_RAAPP!new_referential!0,appactionruleid.uniquename=msdyn_Mscrm.OutlookRenderTypeWeb!1" id.appactionid.uniquename="new__Mscrm.Form.{!EntityLogicalName}.Save!new_RAAPP!new_referential!0" id.appactionruleid.uniquename="msdyn_Mscrm.OutlookRenderTypeWeb!1" />
      </MissingDependency>
      <MissingDependency>
        <Required type="appactionrule" displayName="msdyn_Mscrm.OutlookRenderTypeWeb!1" solution="msdyn_SystemAppActions (9.1.0.57)" id.uniquename="msdyn_Mscrm.OutlookRenderTypeWeb!1">
          <package appName="PowerAppsActions Package" version="9.1.0.57">PowerAppsActions_Anchor (9.1.0.57)</package>
        </Required>
        <Dependent type="appaction_appactionrule_classicrules" displayName="appactionid.uniquename=new__Mscrm.Form.%7B!EntityLogicalName%7D.Save!new_RAAPP!new_resourcetracker!0,appactionruleid.uniquename=msdyn_Mscrm.OutlookRenderTypeWeb!1" id.appactionid.uniquename="new__Mscrm.Form.{!EntityLogicalName}.Save!new_RAAPP!new_resourcetracker!0" id.appactionruleid.uniquename="msdyn_Mscrm.OutlookRenderTypeWeb!1" />
      </MissingDependency>
      <MissingDependency>
        <Required type="appactionrule" displayName="msdyn_Mscrm.PrimaryEntityIsBPFEntity!1" solution="msdyn_SystemAppActions (9.1.0.57)" id.uniquename="msdyn_Mscrm.PrimaryEntityIsBPFEntity!1">
          <package appName="PowerAppsActions Package" version="9.1.0.57">PowerAppsActions_Anchor (9.1.0.57)</package>
        </Required>
        <Dependent type="appaction_appactionrule_classicrules" displayName="appactionid.uniquename=new__Mscrm.Form.%7B!EntityLogicalName%7D.NewRecordForBPFEntity!new_RAAPP!new_referential!0,appactionruleid.uniquename=msdyn_Mscrm.PrimaryEntityIsBPFEntity!1" id.appactionid.uniquename="new__Mscrm.Form.{!EntityLogicalName}.NewRecordForBPFEntity!new_RAAPP!new_referential!0" id.appactionruleid.uniquename="msdyn_Mscrm.PrimaryEntityIsBPFEntity!1" />
      </MissingDependency>
      <MissingDependency>
        <Required type="appactionrule" displayName="msdyn_Mscrm.PrimaryEntityIsBPFEntity!1" solution="msdyn_SystemAppActions (9.1.0.57)" id.uniquename="msdyn_Mscrm.PrimaryEntityIsBPFEntity!1">
          <package appName="PowerAppsActions Package" version="9.1.0.57">PowerAppsActions_Anchor (9.1.0.57)</package>
        </Required>
        <Dependent type="appaction_appactionrule_classicrules" displayName="appactionid.uniquename=new__Mscrm.Form.%7B!EntityLogicalName%7D.NewRecordForBPFEntity!new_RAAPP!new_resourcetracker!0,appactionruleid.uniquename=msdyn_Mscrm.PrimaryEntityIsBPFEntity!1" id.appactionid.uniquename="new__Mscrm.Form.{!EntityLogicalName}.NewRecordForBPFEntity!new_RAAPP!new_resourcetracker!0" id.appactionruleid.uniquename="msdyn_Mscrm.PrimaryEntityIsBPFEntity!1" />
      </MissingDependency>
      <MissingDependency>
        <Required type="appactionrule" displayName="msdyn_Mscrm.PrimaryEntityIsNotBPFEntity!1" solution="msdyn_SystemAppActions (9.1.0.57)" id.uniquename="msdyn_Mscrm.PrimaryEntityIsNotBPFEntity!1">
          <package appName="PowerAppsActions Package" version="9.1.0.57">PowerAppsActions_Anchor (9.1.0.57)</package>
        </Required>
        <Dependent type="appaction_appactionrule_classicrules" displayName="appactionid.uniquename=new__Mscrm.Form.%7B!EntityLogicalName%7D.NewRecord!new_RAAPP!new_referential!0,appactionruleid.uniquename=msdyn_Mscrm.PrimaryEntityIsNotBPFEntity!1" id.appactionid.uniquename="new__Mscrm.Form.{!EntityLogicalName}.NewRecord!new_RAAPP!new_referential!0" id.appactionruleid.uniquename="msdyn_Mscrm.PrimaryEntityIsNotBPFEntity!1" />
      </MissingDependency>
      <MissingDependency>
        <Required type="appactionrule" displayName="msdyn_Mscrm.PrimaryEntityIsNotBPFEntity!1" solution="msdyn_SystemAppActions (9.1.0.57)" id.uniquename="msdyn_Mscrm.PrimaryEntityIsNotBPFEntity!1">
          <package appName="PowerAppsActions Package" version="9.1.0.57">PowerAppsActions_Anchor (9.1.0.57)</package>
        </Required>
        <Dependent type="appaction_appactionrule_classicrules" displayName="appactionid.uniquename=new__Mscrm.Form.%7B!EntityLogicalName%7D.NewRecord!new_RAAPP!new_resourcetracker!0,appactionruleid.uniquename=msdyn_Mscrm.PrimaryEntityIsNotBPFEntity!1" id.appactionid.uniquename="new__Mscrm.Form.{!EntityLogicalName}.NewRecord!new_RAAPP!new_resourcetracker!0" id.appactionruleid.uniquename="msdyn_Mscrm.PrimaryEntityIsNotBPFEntity!1" />
      </MissingDependency>
      <MissingDependency>
        <Required type="appactionrule" displayName="msdyn_Mscrm.PrimaryIsNotActivity!1" solution="msdyn_SystemAppActions (9.1.0.57)" id.uniquename="msdyn_Mscrm.PrimaryIsNotActivity!1">
          <package appName="PowerAppsActions Package" version="9.1.0.57">PowerAppsActions_Anchor (9.1.0.57)</package>
        </Required>
        <Dependent type="appaction_appactionrule_classicrules" displayName="appactionid.uniquename=new__Mscrm.Form.%7B!EntityLogicalName%7D.NewRecord!new_RAAPP!new_referential!0,appactionruleid.uniquename=msdyn_Mscrm.PrimaryIsNotActivity!1" id.appactionid.uniquename="new__Mscrm.Form.{!EntityLogicalName}.NewRecord!new_RAAPP!new_referential!0" id.appactionruleid.uniquename="msdyn_Mscrm.PrimaryIsNotActivity!1" />
      </MissingDependency>
      <MissingDependency>
        <Required type="appactionrule" displayName="msdyn_Mscrm.PrimaryIsNotActivity!1" solution="msdyn_SystemAppActions (9.1.0.57)" id.uniquename="msdyn_Mscrm.PrimaryIsNotActivity!1">
          <package appName="PowerAppsActions Package" version="9.1.0.57">PowerAppsActions_Anchor (9.1.0.57)</package>
        </Required>
        <Dependent type="appaction_appactionrule_classicrules" displayName="appactionid.uniquename=new__Mscrm.Form.%7B!EntityLogicalName%7D.NewRecord!new_RAAPP!new_resourcetracker!0,appactionruleid.uniquename=msdyn_Mscrm.PrimaryIsNotActivity!1" id.appactionid.uniquename="new__Mscrm.Form.{!EntityLogicalName}.NewRecord!new_RAAPP!new_resourcetracker!0" id.appactionruleid.uniquename="msdyn_Mscrm.PrimaryIsNotActivity!1" />
      </MissingDependency>
      <MissingDependency>
        <Required type="appactionrule" displayName="msdyn_Mscrm.PrimaryIsNotActivityHomePageGrid!0" solution="msdyn_SystemAppActions (9.1.0.57)" id.uniquename="msdyn_Mscrm.PrimaryIsNotActivityHomePageGrid!0">
          <package appName="PowerAppsActions Package" version="9.1.0.57">PowerAppsActions_Anchor (9.1.0.57)</package>
        </Required>
        <Dependent type="appaction_appactionrule_classicrules" displayName="appactionid.uniquename=new__Mscrm.HomepageGrid.%7B!EntityLogicalName%7D.NewRecord!new_RAAPP!new_referential!1,appactionruleid.uniquename=msdyn_Mscrm.PrimaryIsNotActivityHomePageGrid!0" id.appactionid.uniquename="new__Mscrm.HomepageGrid.{!EntityLogicalName}.NewRecord!new_RAAPP!new_referential!1" id.appactionruleid.uniquename="msdyn_Mscrm.PrimaryIsNotActivityHomePageGrid!0" />
      </MissingDependency>
      <MissingDependency>
        <Required type="appactionrule" displayName="msdyn_Mscrm.PrimaryIsNotActivityHomePageGrid!0" solution="msdyn_SystemAppActions (9.1.0.57)" id.uniquename="msdyn_Mscrm.PrimaryIsNotActivityHomePageGrid!0">
          <package appName="PowerAppsActions Package" version="9.1.0.57">PowerAppsActions_Anchor (9.1.0.57)</package>
        </Required>
        <Dependent type="appaction_appactionrule_classicrules" displayName="appactionid.uniquename=new__Mscrm.HomepageGrid.%7B!EntityLogicalName%7D.NewRecord!new_RAAPP!new_resourcetracker!1,appactionruleid.uniquename=msdyn_Mscrm.PrimaryIsNotActivityHomePageGrid!0" id.appactionid.uniquename="new__Mscrm.HomepageGrid.{!EntityLogicalName}.NewRecord!new_RAAPP!new_resourcetracker!1" id.appactionruleid.uniquename="msdyn_Mscrm.PrimaryIsNotActivityHomePageGrid!0" />
      </MissingDependency>
      <MissingDependency>
        <Required type="appactionrule" displayName="msdyn_Mscrm.ReadPrimaryPermission!0" solution="msdyn_SystemAppActions (9.1.0.57)" id.uniquename="msdyn_Mscrm.ReadPrimaryPermission!0">
          <package appName="PowerAppsActions Package" version="9.1.0.57">PowerAppsActions_Anchor (9.1.0.57)</package>
        </Required>
        <Dependent type="appaction_appactionrule_classicrules" displayName="appactionid.uniquename=new__Mscrm.Form.%7B!EntityLogicalName%7D.Save!new_RAAPP!new_referential!0,appactionruleid.uniquename=msdyn_Mscrm.ReadPrimaryPermission!0" id.appactionid.uniquename="new__Mscrm.Form.{!EntityLogicalName}.Save!new_RAAPP!new_referential!0" id.appactionruleid.uniquename="msdyn_Mscrm.ReadPrimaryPermission!0" />
      </MissingDependency>
      <MissingDependency>
        <Required type="appactionrule" displayName="msdyn_Mscrm.ReadPrimaryPermission!0" solution="msdyn_SystemAppActions (9.1.0.57)" id.uniquename="msdyn_Mscrm.ReadPrimaryPermission!0">
          <package appName="PowerAppsActions Package" version="9.1.0.57">PowerAppsActions_Anchor (9.1.0.57)</package>
        </Required>
        <Dependent type="appaction_appactionrule_classicrules" displayName="appactionid.uniquename=new__Mscrm.Form.%7B!EntityLogicalName%7D.Save!new_RAAPP!new_resourcetracker!0,appactionruleid.uniquename=msdyn_Mscrm.ReadPrimaryPermission!0" id.appactionid.uniquename="new__Mscrm.Form.{!EntityLogicalName}.Save!new_RAAPP!new_resourcetracker!0" id.appactionruleid.uniquename="msdyn_Mscrm.ReadPrimaryPermission!0" />
      </MissingDependency>
      <MissingDependency>
        <Required type="appactionrule" displayName="msdyn_Mscrm.SelectedEntityIsBPFEntity!1" solution="msdyn_SystemAppActions (9.1.0.57)" id.uniquename="msdyn_Mscrm.SelectedEntityIsBPFEntity!1">
          <package appName="PowerAppsActions Package" version="9.1.0.57">PowerAppsActions_Anchor (9.1.0.57)</package>
        </Required>
        <Dependent type="appaction_appactionrule_classicrules" displayName="appactionid.uniquename=new__Mscrm.HomepageGrid.%7B!EntityLogicalName%7D.NewRecordForBPFEntity!new_RAAPP!new_referential!1,appactionruleid.uniquename=msdyn_Mscrm.SelectedEntityIsBPFEntity!1" id.appactionid.uniquename="new__Mscrm.HomepageGrid.{!EntityLogicalName}.NewRecordForBPFEntity!new_RAAPP!new_referential!1" id.appactionruleid.uniquename="msdyn_Mscrm.SelectedEntityIsBPFEntity!1" />
      </MissingDependency>
      <MissingDependency>
        <Required type="appactionrule" displayName="msdyn_Mscrm.SelectedEntityIsBPFEntity!1" solution="msdyn_SystemAppActions (9.1.0.57)" id.uniquename="msdyn_Mscrm.SelectedEntityIsBPFEntity!1">
          <package appName="PowerAppsActions Package" version="9.1.0.57">PowerAppsActions_Anchor (9.1.0.57)</package>
        </Required>
        <Dependent type="appaction_appactionrule_classicrules" displayName="appactionid.uniquename=new__Mscrm.HomepageGrid.%7B!EntityLogicalName%7D.NewRecordForBPFEntity!new_RAAPP!new_resourcetracker!1,appactionruleid.uniquename=msdyn_Mscrm.SelectedEntityIsBPFEntity!1" id.appactionid.uniquename="new__Mscrm.HomepageGrid.{!EntityLogicalName}.NewRecordForBPFEntity!new_RAAPP!new_resourcetracker!1" id.appactionruleid.uniquename="msdyn_Mscrm.SelectedEntityIsBPFEntity!1" />
      </MissingDependency>
      <MissingDependency>
        <Required type="appactionrule" displayName="msdyn_Mscrm.SelectedEntityIsNotBPFEntity!1" solution="msdyn_SystemAppActions (9.1.0.57)" id.uniquename="msdyn_Mscrm.SelectedEntityIsNotBPFEntity!1">
          <package appName="PowerAppsActions Package" version="9.1.0.57">PowerAppsActions_Anchor (9.1.0.57)</package>
        </Required>
        <Dependent type="appaction_appactionrule_classicrules" displayName="appactionid.uniquename=new__Mscrm.HomepageGrid.%7B!EntityLogicalName%7D.NewRecord!new_RAAPP!new_referential!1,appactionruleid.uniquename=msdyn_Mscrm.SelectedEntityIsNotBPFEntity!1" id.appactionid.uniquename="new__Mscrm.HomepageGrid.{!EntityLogicalName}.NewRecord!new_RAAPP!new_referential!1" id.appactionruleid.uniquename="msdyn_Mscrm.SelectedEntityIsNotBPFEntity!1" />
      </MissingDependency>
      <MissingDependency>
        <Required type="appactionrule" displayName="msdyn_Mscrm.SelectedEntityIsNotBPFEntity!1" solution="msdyn_SystemAppActions (9.1.0.57)" id.uniquename="msdyn_Mscrm.SelectedEntityIsNotBPFEntity!1">
          <package appName="PowerAppsActions Package" version="9.1.0.57">PowerAppsActions_Anchor (9.1.0.57)</package>
        </Required>
        <Dependent type="appaction_appactionrule_classicrules" displayName="appactionid.uniquename=new__Mscrm.HomepageGrid.%7B!EntityLogicalName%7D.NewRecord!new_RAAPP!new_resourcetracker!1,appactionruleid.uniquename=msdyn_Mscrm.SelectedEntityIsNotBPFEntity!1" id.appactionid.uniquename="new__Mscrm.HomepageGrid.{!EntityLogicalName}.NewRecord!new_RAAPP!new_resourcetracker!1" id.appactionruleid.uniquename="msdyn_Mscrm.SelectedEntityIsNotBPFEntity!1" />
      </MissingDependency>
      <MissingDependency>
        <Required type="appactionrule" displayName="msdyn_Mscrm.ShowForNonRelationshipBoundGrids!1" solution="msdyn_SystemAppActions (9.1.0.57)" id.uniquename="msdyn_Mscrm.ShowForNonRelationshipBoundGrids!1">
          <package appName="PowerAppsActions Package" version="9.1.0.57">PowerAppsActions_Anchor (9.1.0.57)</package>
        </Required>
        <Dependent type="appaction_appactionrule_classicrules" displayName="appactionid.uniquename=new__Mscrm.HomepageGrid.%7B!EntityLogicalName%7D.NewRecord!new_RAAPP!new_referential!1,appactionruleid.uniquename=msdyn_Mscrm.ShowForNonRelationshipBoundGrids!1" id.appactionid.uniquename="new__Mscrm.HomepageGrid.{!EntityLogicalName}.NewRecord!new_RAAPP!new_referential!1" id.appactionruleid.uniquename="msdyn_Mscrm.ShowForNonRelationshipBoundGrids!1" />
      </MissingDependency>
      <MissingDependency>
        <Required type="appactionrule" displayName="msdyn_Mscrm.ShowForNonRelationshipBoundGrids!1" solution="msdyn_SystemAppActions (9.1.0.57)" id.uniquename="msdyn_Mscrm.ShowForNonRelationshipBoundGrids!1">
          <package appName="PowerAppsActions Package" version="9.1.0.57">PowerAppsActions_Anchor (9.1.0.57)</package>
        </Required>
        <Dependent type="appaction_appactionrule_classicrules" displayName="appactionid.uniquename=new__Mscrm.HomepageGrid.%7B!EntityLogicalName%7D.NewRecord!new_RAAPP!new_resourcetracker!1,appactionruleid.uniquename=msdyn_Mscrm.ShowForNonRelationshipBoundGrids!1" id.appactionid.uniquename="new__Mscrm.HomepageGrid.{!EntityLogicalName}.NewRecord!new_RAAPP!new_resourcetracker!1" id.appactionruleid.uniquename="msdyn_Mscrm.ShowForNonRelationshipBoundGrids!1" />
      </MissingDependency>
      <MissingDependency>
        <Required type="SettingDefinition" displayName="AppChannel" solution="msdyn_AppFrameworkInfraExtensions (1.0.0.15)" id.uniquename="AppChannel">
          <package appName="PowerAppsAppFramework Package" version="1.0.0.21">PowerAppsAppFramework_Anchor (1.0.0.21)</package>
        </Required>
        <Dependent type="AppSetting" displayName="parentappmoduleid.uniquename=new_RAAPP,settingdefinitionid.uniquename=AppChannel" id.parentappmoduleid.uniquename="new_RAAPP" id.settingdefinitionid.uniquename="AppChannel" />
      </MissingDependency>
    </MissingDependencies>
  </SolutionManifest>
</ImportExportXml>