{
  "properties": {
    "connectionReferences": {
      "shared_onedriveforbusiness_1": {
        "runtimeSource": "embedded",
        "connection": {
          "connectionReferenceLogicalName": "farework_sharedonedriveforbusiness_21c05"
        },
        "api": {
          "name": "shared_onedriveforbusiness"
        }
      },
      "shared_commondataserviceforapps_1": {
        "runtimeSource": "embedded",
        "connection": {
          "connectionReferenceLogicalName": "farework_sharedcommondataserviceforapps_4f852"
        },
        "api": {
          "name": "shared_commondataserviceforapps"
        }
      }
    },
    "definition": {
      "$schema": "https://schema.management.azure.com/providers/Microsoft.Logic/schemas/2016-06-01/workflowdefinition.json#",
      "contentVersion": "1.0.0.0",
      "parameters": {
        "$connections": {
          "defaultValue": {},
          "type": "Object"
        },
        "$authentication": {
          "defaultValue": {},
          "type": "SecureObject"
        }
      },
      "triggers": {
        "When_a_file_is_created": {
          "recurrence": {
            "interval": 1,
            "frequency": "Minute"
          },
          "metadata": {
            "b!F0c4RzDVUUa2FTWpK-QbqD_J2oyidqVDvbqsXhmfLkei_UbjQWffRobxzvsnjurl.01AKHMWA4Q57HUKDV34JEL7AKJU4RWQBBA": "/CSV Invoice Data",
            "operationMetadataId": "60fe089e-b021-4e16-b482-9eee84fad4d8",
            "b!NBDf4iejckupgq481ySAulAON4IJMuVPkApDV1NRTmMQvl_T0Y2UQKO58wPTMu8K.01TLGYIM2BNL7J2QKOMJEIEJ6DOACJQBGK": "/FAREWORK"
          },
          "type": "OpenApiConnection",
          "inputs": {
            "host": {
              "connectionName": "shared_onedriveforbusiness_1",
              "operationId": "OnNewFileV2",
              "apiId": "/providers/Microsoft.PowerApps/apis/shared_onedriveforbusiness"
            },
            "parameters": {
              "folderId": "b!NBDf4iejckupgq481ySAulAON4IJMuVPkApDV1NRTmMQvl_T0Y2UQKO58wPTMu8K.01TLGYIM2BNL7J2QKOMJEIEJ6DOACJQBGK",
              "includeSubfolders": false,
              "inferContentType": true
            },
            "authentication": "@parameters('$authentication')"
          }
        }
      },
      "actions": {
        "NewLine": {
          "runAfter": {
            "Get_file_content": [
              "Succeeded"
            ]
          },
          "metadata": {
            "operationMetadataId": "0c98c2ff-d90d-404d-8653-cf87698e456d"
          },
          "type": "Compose",
          "inputs": "\n"
        },
        "SplitByLine": {
          "runAfter": {
            "NewLine": [
              "Succeeded"
            ]
          },
          "metadata": {
            "operationMetadataId": "2974499b-0f21-46cc-a303-b751891353a5"
          },
          "type": "Compose",
          "inputs": "@split(outputs('Get_file_content')?['body'], 'Header')"
        },
        "Invoices": {
          "runAfter": {
            "SplitByLine": [
              "Succeeded"
            ]
          },
          "metadata": {
            "operationMetadataId": "294eb234-f605-4e62-84fe-dbb777a45069"
          },
          "type": "Compose",
          "inputs": "@skip(outputs('SplitByLine'),1)"
        },
        "Get_file_content": {
          "runAfter": {},
          "metadata": {
            "operationMetadataId": "64c96fa4-d68b-4fd9-aa9b-51e391fd8f29"
          },
          "type": "OpenApiConnection",
          "inputs": {
            "host": {
              "connectionName": "shared_onedriveforbusiness_1",
              "operationId": "GetFileContent",
              "apiId": "/providers/Microsoft.PowerApps/apis/shared_onedriveforbusiness"
            },
            "parameters": {
              "id": "@triggerOutputs()?['headers/x-ms-file-id']",
              "inferContentType": true
            },
            "authentication": "@parameters('$authentication')"
          }
        },
        "Iterate_Invoices": {
          "foreach": "@outputs('Invoices')",
          "actions": {
            "HeaderItems": {
              "runAfter": {},
              "metadata": {
                "operationMetadataId": "80bdc348-0704-46ff-b1c9-4f073fa27b62"
              },
              "type": "Compose",
              "inputs": "@items('Iterate_Invoices')"
            },
            "Splitting": {
              "runAfter": {
                "HeaderItems": [
                  "Succeeded"
                ]
              },
              "metadata": {
                "operationMetadataId": "3792790d-ad38-471f-8b44-c3e6f1816e4d"
              },
              "type": "Compose",
              "inputs": "@split(outputs('HeaderItems'), outputs('NewLine'))"
            },
            "Header": {
              "runAfter": {
                "Splitting": [
                  "Succeeded"
                ]
              },
              "metadata": {
                "operationMetadataId": "8fab567d-054a-4eea-b22b-9bec5fed1ac0"
              },
              "type": "Compose",
              "inputs": "@outputs('Splitting')?[0]"
            },
            "SplitBySemicolon": {
              "runAfter": {
                "Header": [
                  "Succeeded"
                ]
              },
              "metadata": {
                "operationMetadataId": "45983d88-7861-4c29-9ace-6fc78613d945"
              },
              "type": "Compose",
              "inputs": "@split(outputs('Header'),';')"
            },
            "Json_for_Header": {
              "runAfter": {
                "SplitBySemicolon": [
                  "Succeeded"
                ]
              },
              "metadata": {
                "operationMetadataId": "7759ceb9-7bd4-4ac9-814b-d11bb2e7f797"
              },
              "type": "Compose",
              "inputs": {
                "Header": "Header",
                "Invoice ID": "@{outputs('SplitBySemicolon')?[1]}",
                "Invoice Type": "@{outputs('SplitBySemicolon')?[2]}",
                "Invoice Date": "@{outputs('SplitBySemicolon')?[3]}",
                "ORLI Client Code": "@{outputs('SplitBySemicolon')?[4]}",
                "Invoice Client Code ": "@{outputs('SplitBySemicolon')?[5]}",
                "Delivery Client Code": "@{outputs('SplitBySemicolon')?[6]}",
                "Delivery Name": "@{outputs('SplitBySemicolon')?[7]}",
                "Delivery Address Line1": "@{outputs('SplitBySemicolon')?[8]}",
                "Delivery Address Line2": "@{outputs('SplitBySemicolon')?[9]}",
                "Delivery Address ZIP Code Town": "@{outputs('SplitBySemicolon')?[10]}",
                "Delivery Address Country": "@{outputs('SplitBySemicolon')?[11]}",
                "Currency Code ": "@{outputs('SplitBySemicolon')?[12]}",
                "Cash Disc Percent": "@{outputs('SplitBySemicolon')?[13]}",
                "Filter1": "@{outputs('SplitBySemicolon')?[14]}",
                "Filter2": "@{outputs('SplitBySemicolon')?[15]}",
                "Filter3": "@{outputs('SplitBySemicolon')?[16]}",
                "Filter4": "@{outputs('SplitBySemicolon')?[17]}",
                "Filter5": "@{outputs('SplitBySemicolon')?[18]}"
              }
            },
            "Parse_JSON_for_Header": {
              "runAfter": {
                "Json_for_Header": [
                  "Succeeded"
                ]
              },
              "metadata": {
                "operationMetadataId": "6f5671c1-db13-4f70-9fa2-3945bbf7ba37"
              },
              "type": "ParseJson",
              "inputs": {
                "content": "@outputs('Json_for_Header')",
                "schema": {
                  "type": "object",
                  "properties": {
                    "Header": {
                      "type": "string"
                    },
                    "Invoice ID": {
                      "type": "string"
                    },
                    "Invoice Type": {
                      "type": "string"
                    },
                    "Invoice Date": {
                      "type": "string"
                    },
                    "ORLI Client Code": {
                      "type": "string"
                    },
                    "Invoice Client Code ": {
                      "type": "string"
                    },
                    "Delivery Client Code": {
                      "type": "string"
                    },
                    "Delivery Name": {
                      "type": "string"
                    },
                    "Delivery Address Line1": {
                      "type": "string"
                    },
                    "Delivery Address Line2": {
                      "type": "string"
                    },
                    "Delivery Address ZIP Code Town": {
                      "type": "string"
                    },
                    "Delivery Address Country": {
                      "type": "string"
                    },
                    "Currency Code ": {
                      "type": "string"
                    },
                    "Cash Disc Percent": {
                      "type": "string"
                    },
                    "Filter1": {
                      "type": "string"
                    },
                    "Filter2": {
                      "type": "string"
                    },
                    "Filter3": {
                      "type": "string"
                    },
                    "Filter4": {
                      "type": "string"
                    },
                    "Filter5": {
                      "type": "string"
                    }
                  }
                }
              }
            },
            "Items": {
              "runAfter": {
                "Mapping_for_Header_Invoice": [
                  "Succeeded"
                ]
              },
              "metadata": {
                "operationMetadataId": "0ddfa7e8-fe53-4821-be83-3c96b533eb27"
              },
              "type": "Compose",
              "inputs": "@skip(outputs('Splitting'),1)"
            },
            "Items_Including_Header": {
              "runAfter": {
                "Items": [
                  "Succeeded"
                ]
              },
              "metadata": {
                "operationMetadataId": "17c05887-bd9f-4a04-99dd-159014d1b96d"
              },
              "type": "Compose",
              "inputs": "@split(outputs('HeaderItems'), 'Item')"
            },
            "Items_with_Tracking": {
              "runAfter": {
                "Items_Including_Header": [
                  "Succeeded"
                ]
              },
              "metadata": {
                "operationMetadataId": "ef8b3c08-e4a0-40f3-a022-7c11fb19e690"
              },
              "type": "Compose",
              "inputs": "@skip(outputs('Items_Including_Header'),1)"
            },
            "Iterate_Items_with_Tracking": {
              "foreach": "@outputs('Items_with_Tracking')",
              "actions": {
                "ItemsTracking_in_single_line": {
                  "runAfter": {},
                  "metadata": {
                    "operationMetadataId": "23e777d0-50a8-4553-a11e-cf12a61ad584"
                  },
                  "type": "Compose",
                  "inputs": "@items('Iterate_Items_with_Tracking')"
                },
                "SplitItemsTracking": {
                  "runAfter": {
                    "ItemsTracking_in_single_line": [
                      "Succeeded"
                    ]
                  },
                  "metadata": {
                    "operationMetadataId": "8aa4f1ca-cdf9-4613-a17c-7cf494e5cfa9"
                  },
                  "type": "Compose",
                  "inputs": "@split(outputs('ItemsTracking_in_single_line'),';')"
                },
                "Json_for_ItemsTracking": {
                  "runAfter": {
                    "SplitItemsTracking": [
                      "Succeeded"
                    ]
                  },
                  "metadata": {
                    "operationMetadataId": "a86568d8-c396-4e8a-bf7d-efca4528e642"
                  },
                  "type": "Compose",
                  "inputs": {
                    "Item": "Item",
                    "PackingSlip ID": "@{outputs('SplitItemsTracking')?[1]}",
                    "Vendor Ref": "@{outputs('SplitItemsTracking')?[2]}",
                    "CNL CustOrderRef": "@{outputs('SplitItemsTracking')?[3]}",
                    "Purch ID": "@{outputs('SplitItemsTracking')?[4]}",
                    "Line Number": "@{outputs('SplitItemsTracking')?[5]}",
                    "Item ID": "@{outputs('SplitItemsTracking')?[6]}",
                    "Barcode": "@{outputs('SplitItemsTracking')?[7]}",
                    "Item Season": "@{outputs('SplitItemsTracking')?[8]}",
                    "Invoice Qty": "@{outputs('SplitItemsTracking')?[9]}",
                    "Invoice Unit": "@{outputs('SplitItemsTracking')?[10]}",
                    "Invoice Price": "@{outputs('SplitItemsTracking')?[11]}",
                    "Price Unit": "@{outputs('SplitItemsTracking')?[12]}",
                    "Currency Code": "@{outputs('SplitItemsTracking')?[13]}",
                    "Closed": "@{outputs('SplitItemsTracking')?[14]}",
                    "LineDisc": "@{outputs('SplitItemsTracking')?[15]}",
                    "LinePercent": "@{outputs('SplitItemsTracking')?[16]}",
                    "Invoice Markup": "@{outputs('SplitItemsTracking')?[17]}",
                    "Confirmed Tax Amount": "@{outputs('SplitItemsTracking')?[18]}",
                    "Line Amount": "@{outputs('SplitItemsTracking')?[19]}",
                    "Fiter1": "@{outputs('SplitItemsTracking')?[20]}",
                    "Filter2": "@{outputs('SplitItemsTracking')?[20]}",
                    "Tracking": "@{outputs('SplitItemsTracking')?[21]}",
                    "Serial Number": "@{outputs('SplitItemsTracking')?[22]}",
                    "Batch Number": "@{outputs('SplitItemsTracking')?[23]}",
                    "Filter3": "@{outputs('SplitItemsTracking')?[24]}",
                    "Filter4": "@{outputs('SplitItemsTracking')?[25]}"
                  }
                },
                "Parse_JSON_for_ItemTracking": {
                  "runAfter": {
                    "Json_for_ItemsTracking": [
                      "Succeeded"
                    ]
                  },
                  "metadata": {
                    "operationMetadataId": "0a0c1155-9ac5-43e8-9592-bdf885ee21c2"
                  },
                  "type": "ParseJson",
                  "inputs": {
                    "content": "@outputs('Json_for_ItemsTracking')",
                    "schema": {
                      "type": "object",
                      "properties": {
                        "Item": {
                          "type": "string"
                        },
                        "PackingSlip ID": {
                          "type": "string"
                        },
                        "Vendor Ref": {
                          "type": "string"
                        },
                        "CNL CustOrderRef": {
                          "type": "string"
                        },
                        "Purch ID": {
                          "type": "string"
                        },
                        "Line Number": {
                          "type": "string"
                        },
                        "Item ID": {
                          "type": "string"
                        },
                        "Barcode": {
                          "type": "string"
                        },
                        "Item Season": {
                          "type": "string"
                        },
                        "Invoice Qty": {
                          "type": "string"
                        },
                        "Invoice Unit": {
                          "type": "string"
                        },
                        "Invoice Price": {
                          "type": "string"
                        },
                        "Price Unit": {
                          "type": "string"
                        },
                        "Currency Code": {
                          "type": "string"
                        },
                        "Closed": {
                          "type": "string"
                        },
                        "LineDisc": {
                          "type": "string"
                        },
                        "LinePercent": {
                          "type": "string"
                        },
                        "Invoice Markup": {
                          "type": "string"
                        },
                        "Confirmed Tax Amount": {
                          "type": "string"
                        },
                        "Line Amount": {
                          "type": "string"
                        },
                        "Fiter1": {
                          "type": "string"
                        },
                        "Filter2": {
                          "type": "string"
                        },
                        "Tracking": {
                          "type": "string"
                        },
                        "Serial Number": {
                          "type": "string"
                        },
                        "Batch Number": {
                          "type": "string"
                        },
                        "Filter3": {
                          "type": "string"
                        },
                        "Filter4": {
                          "type": "string"
                        }
                      }
                    }
                  }
                },
                "Mapping_for_Items_and_Tracking": {
                  "runAfter": {
                    "Parse_JSON_for_ItemTracking": [
                      "Succeeded"
                    ]
                  },
                  "metadata": {
                    "operationMetadataId": "07e5e5e4-c590-48dd-9705-38398f7a34db"
                  },
                  "type": "OpenApiConnection",
                  "inputs": {
                    "host": {
                      "connectionName": "shared_commondataserviceforapps_1",
                      "operationId": "CreateRecord",
                      "apiId": "/providers/Microsoft.PowerApps/apis/shared_commondataserviceforapps"
                    },
                    "parameters": {
                      "entityName": "cr9ef_items_invoice_fareworks",
                      "item/cr9ef_barcode": "@body('Parse_JSON_for_ItemTracking')?['Barcode']",
                      "item/cr9ef_batchnumber": "@body('Parse_JSON_for_ItemTracking')?['Batch Number']",
                      "item/cr9ef_closed": "@body('Parse_JSON_for_ItemTracking')?['Closed']",
                      "item/cr9ef_cnlcustorderref": "@body('Parse_JSON_for_ItemTracking')?['CNL CustOrderRef']",
                      "item/cr9ef_confirmedtaxamount": "@body('Parse_JSON_for_ItemTracking')?['Confirmed Tax Amount']",
                      "item/cr9ef_currencycode": "@body('Parse_JSON_for_ItemTracking')?['Currency Code']",
                      "item/cr9ef_filter12": "@body('Parse_JSON_for_ItemTracking')?['Fiter1']",
                      "item/cr9ef_filter22": "@body('Parse_JSON_for_ItemTracking')?['Filter2']",
                      "item/cr9ef_filter3": "@body('Parse_JSON_for_ItemTracking')?['Filter3']",
                      "item/cr9ef_filter4": "@body('Parse_JSON_for_ItemTracking')?['Filter4']",
                      "item/cr9ef_invoiceid": "@body('Parse_JSON_for_Header')?['Invoice ID']",
                      "item/cr9ef_invoicemarkup": "@body('Parse_JSON_for_ItemTracking')?['Invoice Markup']",
                      "item/cr9ef_invoiceprice": "@body('Parse_JSON_for_ItemTracking')?['Invoice Price']",
                      "item/cr9ef_invoiceqty": "@body('Parse_JSON_for_ItemTracking')?['Invoice Qty']",
                      "item/cr9ef_invoiceunit": "@body('Parse_JSON_for_ItemTracking')?['Invoice Unit']",
                      "item/cr9ef_item": "@body('Parse_JSON_for_ItemTracking')?['Item']",
                      "item/cr9ef_itemseason": "@body('Parse_JSON_for_ItemTracking')?['Item Season']",
                      "item/cr9ef_itemid": "@body('Parse_JSON_for_ItemTracking')?['Item ID']",
                      "item/cr9ef_lineamount": "@body('Parse_JSON_for_ItemTracking')?['Line Amount']",
                      "item/cr9ef_linenumber": "@body('Parse_JSON_for_ItemTracking')?['Line Number']",
                      "item/cr9ef_linedisc": "@body('Parse_JSON_for_ItemTracking')?['LineDisc']",
                      "item/cr9ef_linepercent": "@body('Parse_JSON_for_ItemTracking')?['LinePercent']",
                      "item/cr9ef_packingslipid": "@body('Parse_JSON_for_ItemTracking')?['PackingSlip ID']",
                      "item/cr9ef_priceunit": "@body('Parse_JSON_for_ItemTracking')?['Price Unit']",
                      "item/cr9ef_purchid": "@body('Parse_JSON_for_ItemTracking')?['Purch ID']",
                      "item/cr9ef_serialnumber": "@body('Parse_JSON_for_ItemTracking')?['Serial Number']",
                      "item/cr9ef_tracking": "@body('Parse_JSON_for_ItemTracking')?['Tracking']",
                      "item/cr9ef_vendorref": "@body('Parse_JSON_for_ItemTracking')?['Vendor Ref']"
                    },
                    "authentication": "@parameters('$authentication')"
                  }
                }
              },
              "runAfter": {
                "Items_with_Tracking": [
                  "Succeeded"
                ]
              },
              "metadata": {
                "operationMetadataId": "ab53bd2d-e896-4a23-9806-5a40c54e6af8"
              },
              "type": "Foreach"
            },
            "Mapping_for_Header_Invoice": {
              "runAfter": {
                "Parse_JSON_for_Header": [
                  "Succeeded"
                ]
              },
              "metadata": {
                "operationMetadataId": "59e37723-e55f-48a3-b898-e6b07a4be5d6"
              },
              "type": "OpenApiConnection",
              "inputs": {
                "host": {
                  "connectionName": "shared_commondataserviceforapps_1",
                  "operationId": "CreateRecord",
                  "apiId": "/providers/Microsoft.PowerApps/apis/shared_commondataserviceforapps"
                },
                "parameters": {
                  "entityName": "cr9ef_header_invoice_fareworks",
                  "item/fadev_cashdiscpercent": "@body('Parse_JSON_for_Header')?['Cash Disc Percent']",
                  "item/cr9ef_currencycode": "@body('Parse_JSON_for_Header')?['Currency Code ']",
                  "item/cr9ef_deliveryaddessline2": "@body('Parse_JSON_for_Header')?['Delivery Address Line2']",
                  "item/cr9ef_deliveryaddresscountry": "@body('Parse_JSON_for_Header')?['Delivery Address Country']",
                  "item/cr9ef_deliveryaddressline1": "@body('Parse_JSON_for_Header')?['Delivery Address Line1']",
                  "item/fadev_deliveryaddresszipcodetown": "@body('Parse_JSON_for_Header')?['Delivery Address ZIP Code Town']",
                  "item/cr9ef_deliveryclientcode": "@body('Parse_JSON_for_Header')?['Delivery Client Code']",
                  "item/cr9ef_deliveryname": "@body('Parse_JSON_for_Header')?['Delivery Name']",
                  "item/cr9ef_filter1": "@body('Parse_JSON_for_Header')?['Filter1']",
                  "item/cr9ef_filter2": "@body('Parse_JSON_for_Header')?['Filter2']",
                  "item/cr9ef_filter3": "@body('Parse_JSON_for_Header')?['Filter3']",
                  "item/cr9ef_filter4": "@body('Parse_JSON_for_Header')?['Filter4']",
                  "item/cr9ef_filter5": "@body('Parse_JSON_for_Header')?['Filter5']",
                  "item/cr9ef_header": "@body('Parse_JSON_for_Header')?['Header']",
                  "item/cr9ef_invoiceclientcode": "@body('Parse_JSON_for_Header')?['Invoice Client Code ']",
                  "item/cr9ef_invoicedate": "@formatDateTime(parseDateTime(body('Parse_JSON_for_Header')?['Invoice Date'],'en-US','yyyyMMdd'),'yyyy-MM-dd')",
                  "item/cr9ef_invoiceid": "@body('Parse_JSON_for_Header')?['Invoice ID']",
                  "item/cr9ef_invoicetype": "@body('Parse_JSON_for_Header')?['Invoice Type']",
                  "item/cr9ef_orliclientcode": "@body('Parse_JSON_for_Header')?['ORLI Client Code']"
                },
                "authentication": "@parameters('$authentication')"
              }
            }
          },
          "runAfter": {
            "Invoices": [
              "Succeeded"
            ]
          },
          "metadata": {
            "operationMetadataId": "d3c0e4a9-cadb-4c80-9204-a6e5888419b0"
          },
          "type": "Foreach"
        }
      }
    },
    "templateName": ""
  },
  "schemaVersion": "1.0.0.0"
}