<botcomponent schemaname="cr0ea_lDChatbotTrial.component.ContentandPeopleSearch-LearningGuide.pdf">
  <componenttype>14</componenttype>
  <description>This knowledge source searches information contained in Content and People Search - Learning Guide.pdf</description>
  <iscustomizable>0</iscustomizable>
  <name>Content and People Search - Learning Guide.pdf</name>
  <parentbotid>
    <schemaname>cr0ea_lDChatbotTrial</schemaname>
  </parentbotid>
  <statecode>0</statecode>
  <statuscode>1</statuscode>
</botcomponent>